shipment_id,supplier_id,product_id,destination_warehouse_id,origin_city,origin_country,destination_city,destination_country,order_date,scheduled_delivery_date,actual_delivery_date,delay_days,shipping_mode,carrier,status,quantity_units,shipment_cost_usd,is_late,late_delivery_risk,severity,risk_score
SHP-0001,SUP-035,PRD-104,WH-08,Nairobi,Kenya,Amsterdam,Netherlands,2024-09-24,2024-10-20,2024-10-21,1,Road,XPO Logistics,Delayed,476,28322.0,1,0.21,medium,0.211
SHP-0002,SUP-022,PRD-066,WH-08,São Paulo,Chile,Amsterdam,Netherlands,2022-06-04,2022-06-22,2022-06-22,0,Road,J.B. Hunt,Delivered,316,34617.8,0,0.17,low,0.054
SHP-0003,SUP-042,PRD-124,WH-09,Lima,Peru,São Paulo,Brazil,2023-06-18,2023-07-01,2023-07-01,0,Sea,Maersk,Delivered,207,13413.6,0,0.47,low,0.151
SHP-0004,SUP-042,PRD-126,WH-02,Buenos Aires,Peru,Los Angeles,United States,2024-08-09,2024-08-22,2024-08-23,1,Air,DHL,Delayed,454,30418.0,1,0.64,medium,0.347
SHP-0005,SUP-043,PRD-129,WH-01,Seoul,Australia,Chicago,United States,2024-12-22,2025-01-10,2025-01-10,0,Air,Emirates SkyCargo,In Transit,267,100659.0,0,0.33,low,0.102
SHP-0006,SUP-004,PRD-010,WH-05,Houston,United States,Berlin,Germany,2022-05-09,2022-05-14,2022-05-14,0,Road,J.B. Hunt,Delivered,484,45060.4,0,0.29,low,0.089
SHP-0007,SUP-030,PRD-089,WH-15,Shanghai,Japan,Lagos,Nigeria,2022-03-23,2022-04-10,2022-04-18,8,Road,J.B. Hunt,Delayed,154,2587.2,1,0.82,high,0.719
SHP-0008,SUP-041,PRD-121,WH-14,Sydney,India,Johannesburg,South Africa,2024-01-19,2024-02-07,2024-02-07,0,Air,FedEx,Delivered,212,95824.0,0,0.34,low,0.105
SHP-0009,SUP-020,PRD-060,WH-14,Jakarta,Singapore,Johannesburg,South Africa,2023-12-08,2024-01-05,2024-01-05,0,Sea,CMA CGM,Delivered,23,266.8,0,0.2,low,0.064
SHP-0010,SUP-012,PRD-035,WH-07,Amsterdam,Spain,London,United Kingdom,2022-06-07,2022-06-14,2022-06-15,1,Air,Emirates SkyCargo,Delayed,387,77013.0,1,0.6,medium,0.331
SHP-0011,SUP-046,PRD-136,WH-14,Jakarta,India,Johannesburg,South Africa,2022-08-21,2022-09-10,2022-09-10,0,Air,DHL,Delivered,351,8424.0,0,0.3,low,0.093
SHP-0012,SUP-002,PRD-004,WH-14,Lagos,Ghana,Johannesburg,South Africa,2022-11-26,2022-12-23,2022-12-25,2,Rail,DB Cargo,Delayed,48,156.0,1,0.4,medium,0.32
SHP-0013,SUP-016,PRD-048,WH-12,Accra,Kenya,Singapore,Singapore,2022-02-08,2022-03-04,2022-03-16,12,Air,Emirates SkyCargo,Delayed,261,72558.0,1,0.91,high,0.835
SHP-0014,SUP-015,PRD-043,WH-03,London,Germany,Toronto,Canada,2023-01-08,2023-01-14,2023-01-15,1,Rail,BNSF Railway,Delayed,322,13041.0,1,0.67,medium,0.368
SHP-0015,SUP-030,PRD-089,WH-01,Tokyo,Japan,Chicago,United States,2024-12-14,2025-01-01,2025-01-01,0,Air,Emirates SkyCargo,In Transit,327,15696.0,0,0.66,low,0.211
SHP-0016,SUP-039,PRD-117,WH-02,Los Angeles,Mexico,Los Angeles,United States,2024-09-14,2024-09-19,2024-09-19,0,Sea,Maersk,Delivered,479,47900.0,0,0.63,low,0.197
SHP-0017,SUP-047,PRD-141,WH-11,Dallas,United States,Santiago,Chile,2024-01-29,2024-02-05,2024-02-05,0,Sea,MSC,Delivered,424,18910.4,0,0.28,low,0.085
SHP-0018,SUP-028,PRD-084,WH-07,São Paulo,Colombia,London,United Kingdom,2023-10-28,2023-11-17,2023-11-17,0,Sea,CMA CGM,Delivered,229,91.6,0,0.43,low,0.136
SHP-0019,SUP-001,PRD-003,WH-14,Accra,Nigeria,Johannesburg,South Africa,2024-12-06,2025-01-01,2025-01-02,1,Sea,CMA CGM,Delayed,431,32411.2,1,0.44,medium,0.287
SHP-0020,SUP-029,PRD-085,WH-11,Santiago,Colombia,Santiago,Chile,2023-06-04,2023-06-14,2023-06-14,0,Road,J.B. Hunt,Delivered,161,14651.0,0,0.65,low,0.205
SHP-0021,SUP-031,PRD-091,WH-11,Vancouver,United States,Santiago,Chile,2023-01-02,2023-01-06,2023-01-08,2,Sea,CMA CGM,Delayed,223,9276.8,1,0.87,medium,0.466
SHP-0022,SUP-046,PRD-136,WH-02,Singapore,India,Los Angeles,United States,2022-11-28,2022-12-18,2022-12-18,0,Sea,MSC,Delivered,430,2064.0,0,0.22,low,0.069
SHP-0023,SUP-048,PRD-144,WH-09,Buenos Aires,Peru,São Paulo,Brazil,2024-03-07,2024-03-21,2024-03-22,1,Air,Emirates SkyCargo,Delayed,242,77440.0,1,0.08,medium,0.169
SHP-0024,SUP-022,PRD-064,WH-03,São Paulo,Chile,Toronto,Canada,2022-03-19,2022-04-06,2022-04-06,0,Sea,CMA CGM,Delivered,286,25968.8,0,0.14,low,0.045
SHP-0025,SUP-042,PRD-124,WH-11,Santiago,Peru,Santiago,Chile,2024-12-10,2024-12-23,2024-12-27,4,Sea,CMA CGM,Delayed,138,8942.4,1,0.53,medium,0.449
SHP-0026,SUP-046,PRD-136,WH-04,Mumbai,India,Houston,United States,2022-01-01,2022-01-21,2022-01-22,1,Sea,CMA CGM,Delayed,222,1065.6,1,0.17,medium,0.199
SHP-0027,SUP-018,PRD-054,WH-05,Paris,Poland,Berlin,Germany,2022-07-04,2022-07-10,2022-07-10,0,Road,J.B. Hunt,Delivered,198,16839.9,0,0.45,low,0.145
SHP-0028,SUP-023,PRD-067,WH-02,Singapore,India,Los Angeles,United States,2024-04-07,2024-04-30,2024-05-01,1,Air,DHL,Delayed,277,76452.0,1,0.44,medium,0.287
SHP-0029,SUP-010,PRD-030,WH-09,Atlanta,Mexico,São Paulo,Brazil,2024-06-25,2024-06-28,2024-06-28,0,Road,DB Schenker,Delivered,417,18097.8,0,0.19,low,0.058
SHP-0030,SUP-035,PRD-105,WH-14,Cairo,Kenya,Johannesburg,South Africa,2023-12-26,2024-01-21,2024-01-21,0,Sea,Maersk,Delivered,429,36550.8,0,0.14,low,0.045
SHP-0031,SUP-028,PRD-084,WH-06,São Paulo,Colombia,Paris,France,2022-11-22,2022-12-12,2022-12-12,0,Sea,CMA CGM,Delivered,496,198.4,0,0.4,low,0.127
SHP-0032,SUP-026,PRD-077,WH-06,Accra,South Africa,Paris,France,2024-12-28,2025-01-18,2025-01-18,0,Sea,Maersk,In Transit,140,10724.0,0,0.57,low,0.177
SHP-0033,SUP-022,PRD-064,WH-01,Buenos Aires,Chile,Chicago,United States,2023-05-27,2023-06-14,2023-06-14,0,Road,XPO Logistics,Delivered,491,78019.9,0,0.07,low,0.024
SHP-0034,SUP-046,PRD-137,WH-12,Shanghai,India,Singapore,Singapore,2024-09-14,2024-10-04,2024-10-04,0,Rail,BNSF Railway,Delivered,464,13688.0,0,0.13,low,0.042
SHP-0035,SUP-016,PRD-048,WH-07,Cairo,Kenya,London,United Kingdom,2023-03-31,2023-04-24,2023-04-29,5,Rail,DB Cargo,Delayed,277,19251.5,1,0.75,medium,0.562
SHP-0036,SUP-047,PRD-139,WH-05,Los Angeles,United States,Berlin,Germany,2024-11-27,2024-12-04,2024-12-04,0,Road,XPO Logistics,Delivered,365,9964.5,0,0.11,low,0.034
SHP-0037,SUP-042,PRD-124,WH-03,Bogotá,Peru,Toronto,Canada,2023-10-09,2023-10-22,2023-10-22,0,Road,DB Schenker,Delivered,114,12927.6,0,0.5,low,0.16
SHP-0038,SUP-018,PRD-053,WH-02,Stockholm,Poland,Los Angeles,United States,2024-03-31,2024-04-06,2024-04-07,1,Road,XPO Logistics,Delayed,436,9308.6,1,0.38,medium,0.269
SHP-0039,SUP-023,PRD-067,WH-14,Sydney,India,Johannesburg,South Africa,2024-10-16,2024-11-08,2024-11-08,0,Air,FedEx,Delivered,88,24288.0,0,0.65,low,0.205
SHP-0040,SUP-044,PRD-132,WH-08,Cairo,Nigeria,Amsterdam,Netherlands,2024-10-13,2024-11-03,2024-11-04,1,Air,FedEx,Delayed,263,88368.0,1,0.3,medium,0.239
SHP-0041,SUP-009,PRD-026,WH-02,Madrid,Poland,Los Angeles,United States,2024-01-10,2024-01-20,2024-01-20,0,Road,DB Schenker,Delivered,30,1722.0,0,0.47,low,0.147
SHP-0042,SUP-028,PRD-084,WH-07,Buenos Aires,Colombia,London,United Kingdom,2022-12-24,2023-01-13,2023-01-13,0,Sea,MSC,Delivered,364,145.6,0,0.5,low,0.157
SHP-0043,SUP-050,PRD-149,WH-13,Sydney,Japan,Tokyo,Japan,2023-08-10,2023-08-28,2023-08-28,0,Sea,MSC,Delivered,235,3149.0,0,0.84,low,0.269
SHP-0044,SUP-041,PRD-122,WH-13,Tokyo,India,Tokyo,Japan,2022-11-28,2022-12-17,2022-12-17,0,Air,Emirates SkyCargo,Delivered,169,53911.0,0,0.26,low,0.081
SHP-0045,SUP-043,PRD-129,WH-14,Ho Chi Minh City,Australia,Johannesburg,South Africa,2024-06-30,2024-07-19,2024-07-19,0,Road,J.B. Hunt,Delivered,250,32987.5,0,0.17,low,0.054
SHP-0046,SUP-016,PRD-046,WH-05,Lagos,Kenya,Berlin,Germany,2023-05-31,2023-06-24,2023-06-25,1,Air,DHL,Delayed,499,64870.0,1,0.91,medium,0.43
SHP-0047,SUP-040,PRD-118,WH-05,Warsaw,United Kingdom,Berlin,Germany,2024-12-09,2024-12-19,2024-12-19,0,Sea,Maersk,In Transit,63,2268.0,0,0.85,low,0.266
SHP-0048,SUP-030,PRD-089,WH-02,Mumbai,Japan,Los Angeles,United States,2023-08-05,2023-08-23,2023-08-28,5,Air,FedEx,Delayed,460,22080.0,1,0.92,medium,0.614
SHP-0049,SUP-036,PRD-107,WH-07,Accra,Kenya,London,United Kingdom,2024-12-06,2024-12-26,2024-12-30,4,Rail,Union Pacific,Delayed,288,2520.0,1,0.84,medium,0.553
SHP-0050,SUP-039,PRD-116,WH-10,Vancouver,Mexico,Bogotá,Colombia,2023-04-11,2023-04-16,2023-04-16,0,Sea,MSC,Delivered,99,9523.8,0,0.44,low,0.14
SHP-0051,SUP-001,PRD-003,WH-05,Nairobi,Nigeria,Berlin,Germany,2023-08-11,2023-09-06,2023-09-13,7,Rail,Union Pacific,Delayed,173,16262.0,1,0.35,high,0.53
SHP-0052,SUP-033,PRD-098,WH-07,Houston,Mexico,London,United Kingdom,2022-01-15,2022-01-19,2022-01-25,6,Sea,Maersk,Delayed,103,3955.2,1,0.56,high,0.546
SHP-0053,SUP-045,PRD-134,WH-03,Amsterdam,Poland,Toronto,Canada,2024-10-17,2024-10-29,2024-10-29,0,Rail,BNSF Railway,Delivered,370,25992.5,0,0.13,low,0.043
SHP-0054,SUP-045,PRD-135,WH-14,Madrid,Poland,Johannesburg,South Africa,2022-10-05,2022-10-17,2022-10-17,0,Road,J.B. Hunt,Delivered,251,20469.05,0,0.13,low,0.043
SHP-0055,SUP-044,PRD-131,WH-06,Nairobi,Nigeria,Paris,France,2024-10-06,2024-10-27,2024-10-27,0,Air,DHL,Delivered,386,3088.0,0,0.18,low,0.058
SHP-0056,SUP-001,PRD-001,WH-15,Lagos,Nigeria,Lagos,Nigeria,2022-01-31,2022-02-26,2022-02-27,1,Road,DB Schenker,Delayed,257,21318.15,1,0.56,medium,0.323
SHP-0057,SUP-003,PRD-008,WH-06,London,Italy,Paris,France,2022-04-25,2022-04-30,2022-04-30,0,Sea,Maersk,Delivered,118,9487.2,0,0.32,low,0.099
SHP-0058,SUP-022,PRD-065,WH-09,São Paulo,Chile,São Paulo,Brazil,2023-05-25,2023-06-12,2023-06-12,0,Sea,Maersk,Delivered,121,7526.2,0,0.19,low,0.06
SHP-0059,SUP-009,PRD-027,WH-08,Milan,Poland,Amsterdam,Netherlands,2024-03-07,2024-03-17,2024-03-17,0,Sea,CMA CGM,Delivered,392,10976.0,0,0.36,low,0.114
SHP-0060,SUP-040,PRD-120,WH-06,Madrid,United Kingdom,Paris,France,2024-09-12,2024-09-22,2024-10-07,15,Sea,Maersk,Delayed,140,10444.0,1,0.84,high,0.813
SHP-0061,SUP-026,PRD-076,WH-05,Nairobi,South Africa,Berlin,Germany,2022-09-03,2022-09-24,2022-10-04,10,Sea,CMA CGM,Delayed,263,2472.2,1,0.56,high,0.724
SHP-0062,SUP-014,PRD-041,WH-10,Buenos Aires,Brazil,Bogotá,Colombia,2022-11-19,2022-12-05,2022-12-05,0,Road,DB Schenker,Delivered,496,63711.2,0,0.34,low,0.104
SHP-0063,SUP-044,PRD-130,WH-14,Nairobi,Nigeria,Johannesburg,South Africa,2022-11-12,2022-12-03,2022-12-03,0,Road,XPO Logistics,Delivered,269,45568.6,0,0.12,low,0.04
SHP-0064,SUP-040,PRD-120,WH-02,Milan,United Kingdom,Los Angeles,United States,2023-11-24,2023-12-04,2023-12-20,16,Sea,MSC,Delayed,297,22156.2,1,0.86,high,0.819
SHP-0065,SUP-017,PRD-051,WH-05,Accra,Egypt,Berlin,Germany,2023-12-14,2024-01-15,2024-01-15,0,Sea,CMA CGM,Delivered,488,16884.8,0,0.31,low,0.094
SHP-0066,SUP-014,PRD-040,WH-06,Buenos Aires,Brazil,Paris,France,2024-07-09,2024-07-25,2024-07-25,0,Sea,Maersk,Delivered,417,26521.2,0,0.24,low,0.074
SHP-0067,SUP-030,PRD-090,WH-01,Shanghai,Japan,Chicago,United States,2024-01-16,2024-02-03,2024-02-11,8,Sea,MSC,Delayed,117,9734.4,1,0.81,high,0.716
SHP-0068,SUP-037,PRD-111,WH-07,Madrid,Germany,London,United Kingdom,2023-10-23,2023-11-01,2023-11-03,2,Road,XPO Logistics,Delayed,447,19243.35,1,0.93,medium,0.489
SHP-0069,SUP-016,PRD-046,WH-06,Johannesburg,Kenya,Paris,France,2022-12-21,2023-01-14,2023-01-14,0,Sea,CMA CGM,Delivered,322,8372.0,0,0.73,low,0.231
SHP-0070,SUP-029,PRD-085,WH-07,São Paulo,Colombia,London,United Kingdom,2022-01-27,2022-02-06,2022-02-08,2,Road,XPO Logistics,Delayed,259,23569.0,1,0.59,medium,0.377
SHP-0071,SUP-006,PRD-017,WH-06,Santiago,Peru,Paris,France,2024-01-26,2024-02-12,2024-02-18,6,Road,DB Schenker,Delayed,59,4295.2,1,0.93,high,0.661
SHP-0072,SUP-038,PRD-112,WH-02,Houston,Canada,Los Angeles,United States,2024-12-24,2024-12-27,2024-12-27,0,Air,Emirates SkyCargo,In Transit,147,12936.0,0,0.22,low,0.068
SHP-0073,SUP-016,PRD-048,WH-12,Johannesburg,Kenya,Singapore,Singapore,2024-01-04,2024-01-28,2024-01-31,3,Road,J.B. Hunt,Delayed,225,21892.5,1,0.8,medium,0.487
SHP-0074,SUP-046,PRD-136,WH-15,Jakarta,India,Lagos,Nigeria,2023-10-08,2023-10-28,2023-10-28,0,Rail,Union Pacific,Delivered,231,1386.0,0,0.28,low,0.087
SHP-0075,SUP-033,PRD-099,WH-10,Houston,Mexico,Bogotá,Colombia,2023-03-15,2023-03-19,2023-03-19,0,Road,DB Schenker,Delivered,251,31011.05,0,0.48,low,0.152
SHP-0076,SUP-031,PRD-091,WH-01,Atlanta,United States,Chicago,United States,2022-02-03,2022-02-07,2022-02-07,0,Sea,Maersk,Delivered,129,5366.4,0,0.91,low,0.288
SHP-0077,SUP-002,PRD-006,WH-07,Accra,Ghana,London,United Kingdom,2024-11-13,2024-12-10,2024-12-10,0,Rail,DB Cargo,Delivered,68,4216.0,0,0.36,low,0.118
SHP-0078,SUP-028,PRD-082,WH-11,Bogotá,Colombia,Santiago,Chile,2024-01-22,2024-02-11,2024-02-12,1,Sea,CMA CGM,Delayed,224,9004.8,1,0.52,medium,0.308
SHP-0079,SUP-019,PRD-057,WH-10,Bogotá,Peru,Bogotá,Colombia,2024-12-19,2025-01-01,2025-01-01,0,Air,Emirates SkyCargo,In Transit,173,4844.0,0,0.36,low,0.118
SHP-0080,SUP-041,PRD-122,WH-13,Shanghai,India,Tokyo,Japan,2023-11-16,2023-12-05,2023-12-05,0,Road,DB Schenker,Delivered,496,55378.4,0,0.31,low,0.096
SHP-0081,SUP-020,PRD-060,WH-12,Sydney,Singapore,Singapore,Singapore,2022-04-21,2022-05-19,2022-05-20,1,Air,Emirates SkyCargo,Delayed,377,21866.0,1,0.12,medium,0.185
SHP-0082,SUP-005,PRD-015,WH-03,Milan,Italy,Toronto,Canada,2024-10-30,2024-11-05,2024-11-06,1,Road,XPO Logistics,Delayed,87,3593.1,1,0.15,medium,0.194
SHP-0083,SUP-036,PRD-108,WH-14,Accra,Kenya,Johannesburg,South Africa,2024-03-28,2024-04-17,2024-04-20,3,Road,DB Schenker,Delayed,306,40055.4,1,0.71,medium,0.469
SHP-0084,SUP-031,PRD-093,WH-07,Houston,United States,London,United Kingdom,2024-12-09,2024-12-13,2024-12-14,1,Sea,CMA CGM,Delayed,65,468.0,1,0.68,medium,0.364
SHP-0085,SUP-032,PRD-095,WH-08,Nairobi,Kenya,Amsterdam,Netherlands,2023-01-26,2023-03-01,2023-03-01,0,Air,FedEx,Delivered,106,30740.0,0,0.65,low,0.205
SHP-0086,SUP-043,PRD-128,WH-01,Singapore,Australia,Chicago,United States,2022-04-02,2022-04-21,2022-04-21,0,Sea,Maersk,Delivered,407,35409.0,0,0.27,low,0.084
SHP-0087,SUP-008,PRD-022,WH-01,Houston,Mexico,Chicago,United States,2022-10-30,2022-11-04,2022-11-04,0,Road,XPO Logistics,Delivered,195,1023.75,0,0.26,low,0.079
SHP-0088,SUP-010,PRD-029,WH-05,Vancouver,Mexico,Berlin,Germany,2022-02-16,2022-02-19,2022-02-19,0,Sea,CMA CGM,Delivered,287,18655.0,0,0.28,low,0.085
SHP-0089,SUP-040,PRD-119,WH-15,London,United Kingdom,Lagos,Nigeria,2022-02-07,2022-02-17,2022-02-17,0,Sea,Maersk,Delivered,165,10857.0,0,0.71,low,0.224
SHP-0090,SUP-048,PRD-144,WH-02,São Paulo,Peru,Los Angeles,United States,2024-08-10,2024-08-24,2024-08-25,1,Sea,CMA CGM,Delayed,204,13056.0,1,0.31,medium,0.238
SHP-0091,SUP-002,PRD-005,WH-12,Lagos,Ghana,Singapore,Singapore,2024-02-19,2024-03-17,2024-03-17,0,Rail,Union Pacific,Delivered,463,26391.0,0,0.53,low,0.169
SHP-0092,SUP-008,PRD-022,WH-04,Vancouver,Mexico,Houston,United States,2024-11-11,2024-11-16,2024-11-16,0,Road,XPO Logistics,Delivered,197,1034.25,0,0.26,low,0.079
SHP-0093,SUP-028,PRD-084,WH-02,Buenos Aires,Colombia,Los Angeles,United States,2024-10-23,2024-11-12,2024-11-13,1,Sea,MSC,Delayed,475,190.0,1,0.65,medium,0.347
SHP-0094,SUP-003,PRD-009,WH-01,Amsterdam,Italy,Chicago,United States,2022-11-07,2022-11-12,2022-11-12,0,Sea,Maersk,Delivered,64,5875.2,0,0.27,low,0.084
SHP-0095,SUP-039,PRD-117,WH-07,Houston,Mexico,London,United Kingdom,2022-11-10,2022-11-15,2022-11-15,0,Sea,CMA CGM,Delivered,87,8700.0,0,0.41,low,0.131
SHP-0096,SUP-012,PRD-036,WH-14,Amsterdam,Spain,Johannesburg,South Africa,2022-10-10,2022-10-17,2022-10-17,0,Road,J.B. Hunt,Delivered,485,53301.5,0,0.39,low,0.123
SHP-0097,SUP-013,PRD-039,WH-01,Jakarta,Singapore,Chicago,United States,2022-05-19,2022-06-08,2022-06-08,0,Air,FedEx,Delivered,449,190825.0,0,0.31,low,0.095
SHP-0098,SUP-049,PRD-145,WH-10,Dallas,Canada,Bogotá,Colombia,2024-04-22,2024-04-27,2024-04-27,0,Road,J.B. Hunt,Delivered,497,11132.8,0,0.27,low,0.084
SHP-0099,SUP-013,PRD-037,WH-13,Seoul,Singapore,Tokyo,Japan,2024-12-09,2024-12-29,2024-12-29,0,Sea,CMA CGM,In Transit,138,8307.6,0,0.12,low,0.038
SHP-0100,SUP-003,PRD-008,WH-06,Milan,Italy,Paris,France,2022-10-02,2022-10-07,2022-10-07,0,Road,J.B. Hunt,Delivered,352,49526.4,0,0.16,low,0.051
SHP-0101,SUP-030,PRD-089,WH-15,Seoul,Japan,Lagos,Nigeria,2022-12-02,2022-12-20,2022-12-21,1,Air,FedEx,Delayed,231,11088.0,1,0.72,medium,0.374
SHP-0102,SUP-046,PRD-136,WH-02,Tokyo,India,Los Angeles,United States,2022-12-29,2023-01-18,2023-01-18,0,Rail,BNSF Railway,Delivered,270,1620.0,0,0.26,low,0.081
SHP-0103,SUP-035,PRD-103,WH-12,Cairo,Kenya,Singapore,Singapore,2022-03-27,2022-04-22,2022-04-22,0,Road,DB Schenker,Delivered,333,38228.4,0,0.33,low,0.102
SHP-0104,SUP-041,PRD-123,WH-12,Tokyo,India,Singapore,Singapore,2024-07-13,2024-08-01,2024-08-01,0,Rail,DB Cargo,Delivered,285,23512.5,0,0.21,low,0.066
SHP-0105,SUP-050,PRD-148,WH-14,Shanghai,Japan,Johannesburg,South Africa,2023-01-24,2023-02-11,2023-02-13,2,Sea,MSC,Delayed,170,2244.0,1,0.83,medium,0.456
SHP-0106,SUP-005,PRD-015,WH-14,London,Italy,Johannesburg,South Africa,2024-08-07,2024-08-13,2024-08-13,0,Road,XPO Logistics,Delivered,112,4625.6,0,0.28,low,0.088
SHP-0107,SUP-048,PRD-144,WH-11,Santiago,Peru,Santiago,Chile,2024-04-26,2024-05-10,2024-05-11,1,Road,XPO Logistics,Delayed,471,52752.0,1,0.19,medium,0.202
SHP-0108,SUP-022,PRD-065,WH-08,Buenos Aires,Chile,Amsterdam,Netherlands,2024-11-21,2024-12-09,2024-12-09,0,Sea,MSC,Delivered,392,24382.4,0,0.29,low,0.09
SHP-0109,SUP-038,PRD-114,WH-03,Dallas,Canada,Toronto,Canada,2022-11-19,2022-11-22,2022-11-22,0,Road,XPO Logistics,Delivered,464,20787.2,0,0.09,low,0.029
SHP-0110,SUP-048,PRD-142,WH-04,Bogotá,Peru,Houston,United States,2023-09-26,2023-10-10,2023-10-10,0,Sea,Maersk,Delivered,80,4368.0,0,0.32,low,0.096
SHP-0111,SUP-018,PRD-052,WH-15,Madrid,Poland,Lagos,Nigeria,2022-01-26,2022-02-01,2022-02-01,0,Sea,Maersk,Delivered,331,9003.2,0,0.61,low,0.193
SHP-0112,SUP-021,PRD-061,WH-15,Singapore,Australia,Lagos,Nigeria,2024-04-19,2024-05-17,2024-05-17,0,Rail,Union Pacific,Cancelled,337,28982.0,0,0.84,low,0.267
SHP-0113,SUP-018,PRD-052,WH-07,London,Poland,London,United Kingdom,2022-04-23,2022-04-29,2022-05-04,5,Road,J.B. Hunt,Delayed,172,8187.2,1,0.45,medium,0.47
SHP-0114,SUP-008,PRD-022,WH-02,Dallas,Mexico,Los Angeles,United States,2023-12-22,2023-12-27,2023-12-27,0,Road,J.B. Hunt,Delivered,110,577.5,0,0.34,low,0.103
SHP-0115,SUP-050,PRD-150,WH-04,Shanghai,Japan,Houston,United States,2022-07-10,2022-07-28,2022-08-12,15,Road,J.B. Hunt,Delayed,53,2467.15,1,0.74,high,0.789
SHP-0116,SUP-012,PRD-034,WH-01,Stockholm,Spain,Chicago,United States,2024-12-15,2024-12-22,2024-12-22,0,Sea,Maersk,In Transit,333,932.4,0,0.37,low,0.117
SHP-0117,SUP-041,PRD-123,WH-13,Singapore,India,Tokyo,Japan,2023-08-12,2023-08-31,2023-08-31,0,Air,Emirates SkyCargo,Delivered,339,111870.0,0,0.16,low,0.051
SHP-0118,SUP-012,PRD-036,WH-15,Milan,Spain,Lagos,Nigeria,2024-11-30,2024-12-07,2024-12-07,0,Sea,Maersk,Delivered,472,29641.6,0,0.53,low,0.165
SHP-0119,SUP-048,PRD-143,WH-01,São Paulo,Peru,Chicago,United States,2024-10-24,2024-11-07,2024-11-07,0,Road,DB Schenker,Delivered,231,39131.4,0,0.06,low,0.018
SHP-0120,SUP-028,PRD-084,WH-08,Buenos Aires,Colombia,Amsterdam,Netherlands,2022-01-24,2022-02-13,2022-02-13,0,Sea,Maersk,Delivered,177,70.8,0,0.44,low,0.139
SHP-0121,SUP-040,PRD-119,WH-05,Paris,United Kingdom,Berlin,Germany,2023-11-14,2023-11-24,2023-12-03,9,Air,DHL,Delayed,119,39151.0,1,0.75,high,0.741
SHP-0122,SUP-027,PRD-081,WH-04,Milan,Germany,Houston,United States,2022-03-14,2022-03-24,2022-03-24,0,Road,J.B. Hunt,Delivered,478,13551.3,0,0.45,low,0.142
SHP-0123,SUP-032,PRD-096,WH-14,Accra,Kenya,Johannesburg,South Africa,2023-09-06,2023-10-10,2023-10-10,0,Sea,Maersk,Delivered,126,6123.6,0,0.52,low,0.166
SHP-0124,SUP-027,PRD-080,WH-06,London,Germany,Paris,France,2023-07-29,2023-08-08,2023-08-08,0,Sea,CMA CGM,Delivered,451,21287.2,0,0.4,low,0.127
SHP-0125,SUP-043,PRD-128,WH-01,Tokyo,Australia,Chicago,United States,2023-09-24,2023-10-13,2023-10-13,0,Air,FedEx,Delivered,64,27840.0,0,0.2,low,0.063
SHP-0126,SUP-021,PRD-062,WH-15,Ho Chi Minh City,Australia,Lagos,Nigeria,2023-03-19,2023-04-16,2023-04-19,3,Air,DHL,Delayed,247,10868.0,1,0.8,medium,0.49
SHP-0127,SUP-036,PRD-108,WH-05,Lagos,Kenya,Berlin,Germany,2023-11-28,2023-12-18,2023-12-18,0,Sea,MSC,Delivered,93,6956.4,0,0.88,low,0.285
SHP-0128,SUP-009,PRD-027,WH-07,Amsterdam,Poland,London,United Kingdom,2022-03-16,2022-03-26,2022-03-26,0,Sea,Maersk,Delivered,179,5012.0,0,0.63,low,0.195
SHP-0129,SUP-047,PRD-141,WH-02,New York,United States,Los Angeles,United States,2024-08-14,2024-08-21,2024-08-21,0,Road,J.B. Hunt,Delivered,179,13970.95,0,0.06,low,0.019
SHP-0130,SUP-025,PRD-075,WH-01,Bogotá,Brazil,Chicago,United States,2023-12-11,2023-12-23,2023-12-23,0,Sea,Maersk,Delivered,160,9568.0,0,0.68,low,0.215
SHP-0131,SUP-044,PRD-132,WH-15,Lagos,Nigeria,Lagos,Nigeria,2023-12-19,2024-01-09,2024-01-09,0,Air,Emirates SkyCargo,Delivered,431,144816.0,0,0.13,low,0.043
SHP-0132,SUP-021,PRD-061,WH-13,Ho Chi Minh City,Australia,Tokyo,Japan,2023-11-25,2023-12-23,2023-12-23,0,Rail,DB Cargo,Cancelled,74,6364.0,0,0.77,low,0.246
SHP-0133,SUP-008,PRD-023,WH-11,Toronto,Mexico,Santiago,Chile,2024-07-02,2024-07-07,2024-07-07,0,Road,J.B. Hunt,Delivered,408,11852.4,0,0.25,low,0.076
SHP-0134,SUP-039,PRD-115,WH-05,Toronto,Mexico,Berlin,Germany,2022-07-10,2022-07-15,2022-07-15,0,Sea,MSC,Delivered,178,2848.0,0,0.56,low,0.176
SHP-0135,SUP-048,PRD-143,WH-05,Buenos Aires,Peru,Berlin,Germany,2024-11-28,2024-12-12,2024-12-12,0,Air,Emirates SkyCargo,Delivered,189,91476.0,0,0.29,low,0.087
SHP-0136,SUP-026,PRD-077,WH-13,Johannesburg,South Africa,Tokyo,Japan,2022-05-14,2022-06-04,2022-06-05,1,Air,FedEx,Delayed,329,126007.0,1,0.52,medium,0.307
SHP-0137,SUP-038,PRD-112,WH-11,Los Angeles,Canada,Santiago,Chile,2023-10-30,2023-11-02,2023-11-02,0,Air,FedEx,Delivered,292,25696.0,0,0.19,low,0.059
SHP-0138,SUP-042,PRD-125,WH-01,Lima,Peru,Chicago,United States,2023-05-15,2023-05-28,2023-05-28,0,Sea,MSC,Delivered,126,1688.4,0,0.59,low,0.187
SHP-0139,SUP-042,PRD-125,WH-04,Lima,Peru,Houston,United States,2023-12-02,2023-12-15,2023-12-15,0,Sea,CMA CGM,Delivered,362,4850.8,0,0.37,low,0.121
SHP-0140,SUP-048,PRD-144,WH-05,São Paulo,Peru,Berlin,Germany,2024-08-06,2024-08-20,2024-08-21,1,Sea,MSC,Delayed,55,3520.0,1,0.23,medium,0.214
SHP-0141,SUP-047,PRD-141,WH-11,New York,United States,Santiago,Chile,2024-10-09,2024-10-16,2024-10-16,0,Air,DHL,Delivered,438,97674.0,0,0.09,low,0.028
SHP-0142,SUP-042,PRD-126,WH-09,Buenos Aires,Peru,São Paulo,Brazil,2022-11-02,2022-11-15,2022-11-15,0,Sea,CMA CGM,Delivered,315,4221.0,0,0.48,low,0.154
SHP-0143,SUP-018,PRD-054,WH-02,Madrid,Poland,Los Angeles,United States,2023-09-16,2023-09-22,2023-09-22,0,Road,DB Schenker,Delivered,65,5528.25,0,0.52,low,0.166
SHP-0144,SUP-043,PRD-129,WH-14,Seoul,Australia,Johannesburg,South Africa,2024-10-01,2024-10-20,2024-10-20,0,Road,DB Schenker,Delivered,76,10028.2,0,0.31,low,0.096
SHP-0145,SUP-003,PRD-007,WH-03,Warsaw,Italy,Toronto,Canada,2023-10-14,2023-10-19,2023-10-19,0,Sea,MSC,Delivered,299,22484.8,0,0.11,low,0.036
SHP-0146,SUP-015,PRD-044,WH-07,Amsterdam,Germany,London,United Kingdom,2024-02-27,2024-03-04,2024-03-07,3,Road,XPO Logistics,Delayed,88,11550.0,1,0.65,medium,0.452
SHP-0147,SUP-045,PRD-133,WH-07,Milan,Poland,London,United Kingdom,2024-06-13,2024-06-25,2024-06-25,0,Air,FedEx,Delivered,460,25300.0,0,0.19,low,0.061
SHP-0148,SUP-048,PRD-144,WH-04,Lima,Peru,Houston,United States,2023-01-04,2023-01-18,2023-01-18,0,Road,DB Schenker,Delivered,201,22512.0,0,0.12,low,0.036
SHP-0149,SUP-033,PRD-099,WH-01,Vancouver,Mexico,Chicago,United States,2023-04-30,2023-05-04,2023-05-11,7,Road,XPO Logistics,Delayed,39,4818.45,1,0.52,high,0.579
SHP-0150,SUP-048,PRD-143,WH-10,Lima,Peru,Bogotá,Colombia,2024-09-13,2024-09-27,2024-09-28,1,Sea,MSC,Delayed,258,24974.4,1,0.21,medium,0.208
SHP-0151,SUP-039,PRD-117,WH-02,Houston,Mexico,Los Angeles,United States,2024-08-25,2024-08-30,2024-08-30,0,Road,J.B. Hunt,Delivered,344,60200.0,0,0.51,low,0.161
SHP-0152,SUP-042,PRD-125,WH-07,São Paulo,Peru,London,United Kingdom,2023-12-05,2023-12-18,2023-12-18,0,Air,FedEx,Delivered,282,18894.0,0,0.62,low,0.196
SHP-0153,SUP-041,PRD-123,WH-04,Sydney,India,Houston,United States,2023-12-24,2024-01-12,2024-01-12,0,Road,DB Schenker,Delivered,105,12127.5,0,0.06,low,0.021
SHP-0154,SUP-042,PRD-126,WH-02,Lima,Peru,Los Angeles,United States,2023-12-06,2023-12-19,2023-12-19,0,Road,DB Schenker,Delivered,434,10177.3,0,0.57,low,0.181
SHP-0155,SUP-003,PRD-008,WH-04,Paris,Italy,Houston,United States,2022-09-17,2022-09-22,2022-09-22,0,Sea,Maersk,Delivered,335,26934.0,0,0.13,low,0.042
SHP-0156,SUP-022,PRD-064,WH-10,Lima,Chile,Bogotá,Colombia,2022-12-24,2023-01-11,2023-01-11,0,Road,J.B. Hunt,Delivered,248,39407.2,0,0.16,low,0.051
SHP-0157,SUP-015,PRD-044,WH-08,Milan,Germany,Amsterdam,Netherlands,2023-01-06,2023-01-12,2023-01-12,0,Air,DHL,Delivered,324,121500.0,0,0.93,low,0.301
SHP-0158,SUP-014,PRD-041,WH-04,Santiago,Brazil,Houston,United States,2023-05-03,2023-05-19,2023-05-19,0,Air,Emirates SkyCargo,Delivered,395,144965.0,0,0.3,low,0.092
SHP-0159,SUP-005,PRD-015,WH-01,Paris,Italy,Chicago,United States,2023-11-10,2023-11-16,2023-11-16,0,Rail,BNSF Railway,Delivered,139,4100.5,0,0.16,low,0.052
SHP-0160,SUP-048,PRD-143,WH-05,Bogotá,Peru,Berlin,Germany,2022-10-25,2022-11-08,2022-11-08,0,Sea,MSC,Delivered,494,47819.2,0,0.29,low,0.087
SHP-0161,SUP-030,PRD-090,WH-04,Shanghai,Japan,Houston,United States,2022-07-19,2022-08-06,2022-08-06,0,Sea,CMA CGM,Delivered,459,38188.8,0,0.73,low,0.232
SHP-0162,SUP-023,PRD-068,WH-13,Ho Chi Minh City,India,Tokyo,Japan,2024-03-12,2024-04-04,2024-04-04,0,Air,Emirates SkyCargo,Delivered,321,75435.0,0,0.58,low,0.184
SHP-0163,SUP-039,PRD-116,WH-08,Toronto,Mexico,Amsterdam,Netherlands,2023-10-04,2023-10-09,2023-10-09,0,Road,XPO Logistics,Delivered,26,4377.1,0,0.47,low,0.149
SHP-0164,SUP-039,PRD-115,WH-08,Vancouver,Mexico,Amsterdam,Netherlands,2023-12-21,2023-12-26,2023-12-27,1,Air,DHL,Delayed,337,26960.0,1,0.38,medium,0.267
SHP-0165,SUP-042,PRD-126,WH-01,Lima,Peru,Chicago,United States,2022-09-07,2022-09-20,2022-09-25,5,Air,Emirates SkyCargo,Delayed,411,27537.0,1,0.62,medium,0.521
SHP-0166,SUP-041,PRD-121,WH-13,Seoul,India,Tokyo,Japan,2023-06-03,2023-06-22,2023-06-22,0,Air,FedEx,Delivered,492,222384.0,0,0.35,low,0.108
SHP-0167,SUP-033,PRD-099,WH-08,New York,Mexico,Amsterdam,Netherlands,2022-11-25,2022-11-29,2022-11-30,1,Rail,Union Pacific,Delayed,436,38477.0,1,0.43,medium,0.282
SHP-0168,SUP-034,PRD-100,WH-13,Lagos,South Africa,Tokyo,Japan,2023-10-05,2023-11-01,2023-11-04,3,Air,FedEx,Delayed,386,158646.0,1,0.73,medium,0.466
SHP-0169,SUP-003,PRD-007,WH-06,Madrid,Italy,Paris,France,2023-10-21,2023-10-26,2023-10-26,0,Rail,BNSF Railway,Delivered,219,20586.0,0,0.13,low,0.042
SHP-0170,SUP-048,PRD-143,WH-04,Lima,Peru,Houston,United States,2022-01-08,2022-01-22,2022-01-22,0,Sea,MSC,Delivered,226,21876.8,0,0.3,low,0.09
SHP-0171,SUP-006,PRD-018,WH-01,São Paulo,Peru,Chicago,United States,2024-02-27,2024-03-15,2024-03-15,0,Road,DB Schenker,Delivered,190,27730.5,0,0.85,low,0.267
SHP-0172,SUP-031,PRD-091,WH-08,Los Angeles,United States,Amsterdam,Netherlands,2024-01-19,2024-01-23,2024-01-23,0,Sea,MSC,Delivered,351,14601.6,0,0.71,low,0.228
SHP-0173,SUP-040,PRD-118,WH-03,Amsterdam,United Kingdom,Toronto,Canada,2023-09-05,2023-09-15,2023-09-15,0,Sea,Maersk,Delivered,473,17028.0,0,0.84,low,0.263
SHP-0174,SUP-050,PRD-148,WH-01,Shanghai,Japan,Chicago,United States,2024-10-16,2024-11-03,2024-11-14,11,Sea,MSC,Delayed,28,369.6,1,0.66,high,0.765
SHP-0175,SUP-005,PRD-014,WH-05,Warsaw,Italy,Berlin,Germany,2024-12-17,2024-12-23,2024-12-23,0,Road,J.B. Hunt,In Transit,96,8164.8,0,0.27,low,0.085
SHP-0176,SUP-020,PRD-058,WH-12,Seoul,Singapore,Singapore,Singapore,2024-09-28,2024-10-26,2024-10-26,0,Rail,DB Cargo,Delivered,144,13572.0,0,0.26,low,0.082
SHP-0177,SUP-012,PRD-034,WH-07,Berlin,Spain,London,United Kingdom,2023-09-22,2023-09-29,2023-10-01,2,Road,XPO Logistics,Delayed,438,2146.2,1,0.6,medium,0.376
SHP-0178,SUP-010,PRD-029,WH-07,Houston,Mexico,London,United Kingdom,2022-05-10,2022-05-13,2022-05-13,0,Road,J.B. Hunt,Delivered,367,41746.25,0,0.17,low,0.052
SHP-0179,SUP-011,PRD-033,WH-07,Lima,Brazil,London,United Kingdom,2022-10-09,2022-10-20,2022-10-30,10,Sea,Maersk,Delayed,323,23191.4,1,0.4,high,0.68
SHP-0180,SUP-006,PRD-016,WH-02,Buenos Aires,Peru,Los Angeles,United States,2023-12-06,2023-12-23,2024-01-10,18,Air,Emirates SkyCargo,Delayed,333,25308.0,1,0.76,high,0.79
SHP-0181,SUP-014,PRD-040,WH-05,São Paulo,Brazil,Berlin,Germany,2022-12-21,2023-01-06,2023-01-06,0,Sea,CMA CGM,Delivered,433,27538.8,0,0.29,low,0.089
SHP-0182,SUP-036,PRD-108,WH-05,Lagos,Kenya,Berlin,Germany,2022-10-21,2022-11-10,2022-11-15,5,Rail,BNSF Railway,Delayed,374,34969.0,1,0.66,medium,0.544
SHP-0183,SUP-016,PRD-048,WH-13,Accra,Kenya,Tokyo,Japan,2022-06-30,2022-07-24,2022-07-24,0,Air,DHL,Delivered,118,32804.0,0,0.69,low,0.219
SHP-0184,SUP-039,PRD-115,WH-07,New York,Mexico,London,United Kingdom,2024-11-05,2024-11-10,2024-11-14,4,Road,DB Schenker,Delayed,47,1316.0,1,0.41,medium,0.411
SHP-0185,SUP-013,PRD-039,WH-15,Singapore,Singapore,Lagos,Nigeria,2022-12-28,2023-01-17,2023-01-17,0,Rail,DB Cargo,Delivered,350,37187.5,0,0.16,low,0.05
SHP-0186,SUP-018,PRD-053,WH-01,Stockholm,Poland,Chicago,United States,2024-10-28,2024-11-03,2024-11-03,0,Air,DHL,Delivered,268,16348.0,0,0.5,low,0.16
SHP-0187,SUP-007,PRD-019,WH-05,New York,Canada,Berlin,Germany,2024-11-08,2024-11-12,2024-11-12,0,Sea,Maersk,Delivered,141,12408.0,0,0.57,low,0.179
SHP-0188,SUP-018,PRD-053,WH-08,Paris,Poland,Amsterdam,Netherlands,2024-08-22,2024-08-28,2024-08-29,1,Sea,CMA CGM,Delayed,252,3074.4,1,0.4,medium,0.275
SHP-0189,SUP-029,PRD-085,WH-05,Buenos Aires,Colombia,Berlin,Germany,2024-01-05,2024-01-15,2024-01-16,1,Road,XPO Logistics,Delayed,163,14833.0,1,0.39,medium,0.272
SHP-0190,SUP-035,PRD-104,WH-12,Lagos,Kenya,Singapore,Singapore,2023-12-05,2023-12-31,2024-01-01,1,Air,Emirates SkyCargo,Delayed,333,56610.0,1,0.32,medium,0.244
SHP-0191,SUP-041,PRD-123,WH-02,Tokyo,India,Los Angeles,United States,2024-04-23,2024-05-12,2024-05-12,0,Rail,BNSF Railway,Delivered,262,21615.0,0,0.3,low,0.093
SHP-0192,SUP-023,PRD-067,WH-14,Mumbai,India,Johannesburg,South Africa,2023-05-23,2023-06-15,2023-06-15,0,Rail,BNSF Railway,Delivered,96,6624.0,0,0.62,low,0.196
SHP-0193,SUP-001,PRD-002,WH-14,Johannesburg,Nigeria,Johannesburg,South Africa,2024-08-21,2024-09-16,2024-09-16,0,Sea,MSC,Delivered,265,13674.0,0,0.59,low,0.187
SHP-0194,SUP-048,PRD-142,WH-05,Santiago,Peru,Berlin,Germany,2022-12-24,2023-01-07,2023-01-07,0,Sea,MSC,Delivered,171,9336.6,0,0.12,low,0.036
SHP-0195,SUP-008,PRD-022,WH-05,Atlanta,Mexico,Berlin,Germany,2022-11-28,2022-12-03,2022-12-03,0,Road,J.B. Hunt,Delivered,318,1669.5,0,0.06,low,0.019
SHP-0196,SUP-035,PRD-104,WH-05,Cairo,Kenya,Berlin,Germany,2023-01-14,2023-02-09,2023-02-09,0,Sea,CMA CGM,Delivered,20,680.0,0,0.31,low,0.096
SHP-0197,SUP-007,PRD-020,WH-10,Chicago,Canada,Bogotá,Colombia,2023-08-31,2023-09-04,2023-09-12,8,Sea,Maersk,Delayed,423,12690.0,1,0.56,high,0.636
SHP-0198,SUP-044,PRD-131,WH-14,Accra,Nigeria,Johannesburg,South Africa,2024-01-16,2024-02-06,2024-02-07,1,Sea,MSC,Delayed,207,331.2,1,0.1,medium,0.179
SHP-0199,SUP-041,PRD-123,WH-13,Mumbai,India,Tokyo,Japan,2022-10-11,2022-10-30,2022-10-30,0,Air,DHL,Delivered,352,116160.0,0,0.19,low,0.06
SHP-0200,SUP-050,PRD-150,WH-02,Mumbai,Japan,Los Angeles,United States,2023-10-19,2023-11-06,2023-11-08,2,Air,DHL,Delayed,210,27930.0,1,0.75,medium,0.432
SHP-0201,SUP-037,PRD-111,WH-14,Paris,Germany,Johannesburg,South Africa,2024-08-20,2024-08-29,2024-08-29,0,Sea,CMA CGM,Delivered,208,5116.8,0,0.89,low,0.287
SHP-0202,SUP-047,PRD-139,WH-04,Vancouver,United States,Houston,United States,2022-11-03,2022-11-10,2022-11-10,0,Sea,CMA CGM,Delivered,95,1482.0,0,0.2,low,0.061
SHP-0203,SUP-018,PRD-054,WH-05,Madrid,Poland,Berlin,Germany,2024-05-03,2024-05-09,2024-05-09,0,Air,FedEx,Delivered,235,57105.0,0,0.48,low,0.154
SHP-0204,SUP-045,PRD-133,WH-01,Amsterdam,Poland,Chicago,United States,2022-12-21,2023-01-02,2023-01-02,0,Road,J.B. Hunt,Delivered,350,6737.5,0,0.29,low,0.091
SHP-0205,SUP-037,PRD-111,WH-14,Milan,Germany,Johannesburg,South Africa,2024-07-26,2024-08-04,2024-08-14,10,Sea,MSC,Delayed,210,5166.0,1,0.94,high,0.852
SHP-0206,SUP-005,PRD-013,WH-02,Madrid,Italy,Los Angeles,United States,2024-07-22,2024-07-28,2024-07-28,0,Air,Emirates SkyCargo,Delivered,166,21580.0,0,0.1,low,0.034
SHP-0207,SUP-015,PRD-045,WH-07,London,Germany,London,United Kingdom,2023-12-05,2023-12-11,2023-12-14,3,Road,J.B. Hunt,Delayed,182,15797.6,1,0.94,medium,0.539
SHP-0208,SUP-013,PRD-038,WH-15,Seoul,Singapore,Lagos,Nigeria,2024-12-28,2025-01-17,2025-01-17,0,Rail,Union Pacific,In Transit,496,26660.0,0,0.2,low,0.062
SHP-0209,SUP-013,PRD-038,WH-04,Seoul,Singapore,Houston,United States,2022-01-09,2022-01-29,2022-01-29,0,Sea,CMA CGM,Delivered,381,16383.0,0,0.14,low,0.044
SHP-0210,SUP-024,PRD-072,WH-01,Singapore,Indonesia,Chicago,United States,2023-11-25,2023-12-17,2023-12-17,0,Rail,DB Cargo,Delivered,367,6606.0,0,0.82,low,0.264
SHP-0211,SUP-025,PRD-073,WH-04,Lima,Brazil,Houston,United States,2023-03-28,2023-04-09,2023-04-10,1,Road,XPO Logistics,Delayed,420,60564.0,1,0.93,medium,0.435
SHP-0212,SUP-023,PRD-067,WH-12,Tokyo,India,Singapore,Singapore,2024-07-01,2024-07-24,2024-07-24,0,Rail,Union Pacific,Delivered,119,8211.0,0,0.5,low,0.16
SHP-0213,SUP-043,PRD-129,WH-12,Jakarta,Australia,Singapore,Singapore,2023-11-13,2023-12-02,2023-12-02,0,Air,FedEx,Delivered,177,66729.0,0,0.34,low,0.105
SHP-0214,SUP-041,PRD-121,WH-02,Singapore,India,Los Angeles,United States,2024-05-01,2024-05-20,2024-05-20,0,Road,DB Schenker,Delivered,393,62172.6,0,0.32,low,0.099
SHP-0215,SUP-012,PRD-036,WH-15,Paris,Spain,Lagos,Nigeria,2022-10-22,2022-10-29,2022-10-30,1,Road,DB Schenker,Delayed,53,5824.7,1,0.63,medium,0.34
SHP-0216,SUP-042,PRD-125,WH-10,São Paulo,Peru,Bogotá,Colombia,2024-04-18,2024-05-01,2024-05-02,1,Sea,CMA CGM,Delayed,406,5440.4,1,0.62,medium,0.341
SHP-0217,SUP-018,PRD-052,WH-03,Madrid,Poland,Toronto,Canada,2024-10-01,2024-10-07,2024-10-12,5,Road,DB Schenker,Delayed,272,12947.2,1,0.52,medium,0.491
SHP-0218,SUP-035,PRD-103,WH-14,Johannesburg,Kenya,Johannesburg,South Africa,2022-11-12,2022-12-08,2022-12-08,0,Rail,BNSF Railway,Delivered,261,21402.0,0,0.09,low,0.03
SHP-0219,SUP-046,PRD-137,WH-14,Seoul,India,Johannesburg,South Africa,2024-10-04,2024-10-24,2024-10-24,0,Sea,Maersk,Delivered,81,1911.6,0,0.28,low,0.087
SHP-0220,SUP-037,PRD-109,WH-15,Stockholm,Germany,Lagos,Nigeria,2024-09-11,2024-09-20,2024-09-20,0,Sea,CMA CGM,Delivered,438,4467.6,0,0.69,low,0.227
SHP-0221,SUP-038,PRD-114,WH-07,Chicago,Canada,London,United Kingdom,2022-10-11,2022-10-14,2022-10-14,0,Road,DB Schenker,Delivered,103,4614.4,0,0.07,low,0.023
SHP-0222,SUP-029,PRD-086,WH-08,Bogotá,Colombia,Amsterdam,Netherlands,2022-04-10,2022-04-20,2022-04-20,0,Rail,BNSF Railway,Delivered,119,3064.25,0,0.58,low,0.184
SHP-0223,SUP-016,PRD-046,WH-05,Accra,Kenya,Berlin,Germany,2023-10-23,2023-11-16,2023-11-16,0,Sea,MSC,Delivered,158,4108.0,0,0.86,low,0.27
SHP-0224,SUP-047,PRD-140,WH-02,New York,United States,Los Angeles,United States,2022-10-22,2022-10-29,2022-10-30,1,Sea,MSC,Delayed,230,9430.0,1,0.15,medium,0.191
SHP-0225,SUP-014,PRD-040,WH-01,Buenos Aires,Brazil,Chicago,United States,2024-10-27,2024-11-12,2024-11-13,1,Road,J.B. Hunt,Delayed,373,41514.9,1,0.3,medium,0.237
SHP-0226,SUP-039,PRD-117,WH-06,Los Angeles,Mexico,Paris,France,2024-05-04,2024-05-09,2024-05-14,5,Rail,Union Pacific,Delayed,198,24750.0,1,0.44,medium,0.465
SHP-0227,SUP-029,PRD-085,WH-05,Lima,Colombia,Berlin,Germany,2024-12-07,2024-12-17,2024-12-17,0,Sea,CMA CGM,In Transit,175,9100.0,0,0.36,low,0.118
SHP-0228,SUP-011,PRD-031,WH-11,Buenos Aires,Brazil,Santiago,Chile,2023-04-10,2023-04-21,2023-05-02,11,Sea,Maersk,Delayed,59,2796.6,1,0.36,high,0.668
SHP-0229,SUP-036,PRD-107,WH-14,Lagos,Kenya,Johannesburg,South Africa,2024-12-19,2025-01-08,2025-01-09,1,Air,Emirates SkyCargo,Delayed,25,875.0,1,0.88,medium,0.43
SHP-0230,SUP-011,PRD-033,WH-01,Lima,Brazil,Chicago,United States,2023-10-03,2023-10-14,2023-10-18,4,Sea,CMA CGM,Delayed,198,14216.4,1,0.46,medium,0.428
SHP-0231,SUP-038,PRD-114,WH-07,Houston,Canada,London,United Kingdom,2024-10-31,2024-11-03,2024-11-03,0,Air,Emirates SkyCargo,Delivered,410,52480.0,0,0.05,low,0.017
SHP-0232,SUP-019,PRD-057,WH-01,Bogotá,Peru,Chicago,United States,2022-12-18,2022-12-31,2022-12-31,0,Sea,CMA CGM,Delivered,70,392.0,0,0.63,low,0.199
SHP-0233,SUP-038,PRD-114,WH-05,New York,Canada,Berlin,Germany,2023-01-15,2023-01-18,2023-01-18,0,Air,FedEx,Delivered,214,27392.0,0,0.18,low,0.056
SHP-0234,SUP-038,PRD-112,WH-11,Los Angeles,Canada,Santiago,Chile,2023-10-06,2023-10-09,2023-10-09,0,Air,DHL,Delivered,273,24024.0,0,0.28,low,0.086
SHP-0235,SUP-048,PRD-143,WH-06,São Paulo,Peru,Paris,France,2022-06-18,2022-07-02,2022-07-03,1,Road,DB Schenker,Delayed,371,62847.4,1,0.34,medium,0.247
SHP-0236,SUP-034,PRD-100,WH-12,Nairobi,South Africa,Singapore,Singapore,2022-11-22,2022-12-19,2022-12-20,1,Sea,MSC,Delayed,244,20056.8,1,0.81,medium,0.4
SHP-0237,SUP-047,PRD-139,WH-02,Toronto,United States,Los Angeles,United States,2024-03-19,2024-03-26,2024-03-26,0,Air,DHL,Delivered,53,4134.0,0,0.16,low,0.049
SHP-0238,SUP-017,PRD-050,WH-06,Accra,Egypt,Paris,France,2023-12-16,2024-01-17,2024-01-17,0,Road,J.B. Hunt,Delivered,323,13792.1,0,0.13,low,0.04
SHP-0239,SUP-045,PRD-134,WH-02,Milan,Poland,Los Angeles,United States,2024-04-08,2024-04-20,2024-04-20,0,Air,FedEx,Delivered,75,21075.0,0,0.09,low,0.031
SHP-0240,SUP-037,PRD-110,WH-08,London,Germany,Amsterdam,Netherlands,2022-10-16,2022-10-25,2022-10-25,0,Sea,CMA CGM,Delivered,187,6096.2,0,0.7,low,0.23
SHP-0241,SUP-044,PRD-132,WH-15,Johannesburg,Nigeria,Lagos,Nigeria,2024-11-30,2024-12-21,2024-12-21,0,Road,XPO Logistics,Delivered,170,19992.0,0,0.25,low,0.079
SHP-0242,SUP-037,PRD-111,WH-01,Stockholm,Germany,Chicago,United States,2022-02-06,2022-02-15,2022-02-18,3,Sea,MSC,Delayed,456,11217.6,1,0.76,medium,0.483
SHP-0243,SUP-035,PRD-103,WH-14,Lagos,Kenya,Johannesburg,South Africa,2023-09-13,2023-10-09,2023-10-10,1,Air,FedEx,Delayed,269,88232.0,1,0.28,medium,0.232
SHP-0244,SUP-041,PRD-123,WH-15,Singapore,India,Lagos,Nigeria,2024-09-01,2024-09-20,2024-09-20,0,Air,FedEx,Delivered,273,90090.0,0,0.23,low,0.072
SHP-0245,SUP-030,PRD-090,WH-04,Ho Chi Minh City,Japan,Houston,United States,2023-10-19,2023-11-06,2023-11-12,6,Sea,CMA CGM,Delayed,318,26457.6,1,0.66,high,0.581
SHP-0246,SUP-044,PRD-131,WH-12,Johannesburg,Nigeria,Singapore,Singapore,2024-05-26,2024-06-16,2024-06-16,0,Sea,CMA CGM,Delivered,145,232.0,0,0.12,low,0.04
SHP-0247,SUP-045,PRD-134,WH-15,Paris,Poland,Lagos,Nigeria,2022-05-15,2022-05-27,2022-05-27,0,Air,Emirates SkyCargo,Delivered,186,52266.0,0,0.06,low,0.022
SHP-0248,SUP-046,PRD-137,WH-14,Ho Chi Minh City,India,Johannesburg,South Africa,2022-02-11,2022-03-03,2022-03-03,0,Rail,Union Pacific,Delivered,312,9204.0,0,0.17,low,0.054
SHP-0249,SUP-041,PRD-121,WH-15,Tokyo,India,Lagos,Nigeria,2023-02-26,2023-03-17,2023-03-17,0,Road,DB Schenker,Delivered,105,16611.0,0,0.23,low,0.072
SHP-0250,SUP-029,PRD-086,WH-01,Santiago,Colombia,Chicago,United States,2022-06-04,2022-06-14,2022-06-14,0,Sea,Maersk,Delivered,172,3543.2,0,0.65,low,0.205
SHP-0251,SUP-031,PRD-091,WH-07,Los Angeles,United States,London,United Kingdom,2022-07-14,2022-07-18,2022-07-23,5,Sea,MSC,Delayed,427,17763.2,1,0.67,medium,0.541
SHP-0252,SUP-025,PRD-075,WH-02,Santiago,Brazil,Los Angeles,United States,2023-10-04,2023-10-16,2023-10-19,3,Sea,CMA CGM,Delayed,112,6697.6,1,0.91,medium,0.519
SHP-0253,SUP-044,PRD-132,WH-05,Accra,Nigeria,Berlin,Germany,2024-10-19,2024-11-09,2024-11-12,3,Road,DB Schenker,Delayed,157,18463.2,1,0.33,medium,0.338
SHP-0254,SUP-039,PRD-117,WH-11,Chicago,Mexico,Santiago,Chile,2024-12-05,2024-12-10,2024-12-11,1,Sea,CMA CGM,Delayed,370,37000.0,1,0.58,medium,0.327
SHP-0255,SUP-033,PRD-098,WH-10,Los Angeles,Mexico,Bogotá,Colombia,2023-02-21,2023-02-25,2023-02-26,1,Air,Emirates SkyCargo,Delayed,327,62784.0,1,0.42,medium,0.279
SHP-0256,SUP-021,PRD-061,WH-01,Mumbai,Australia,Chicago,United States,2023-11-16,2023-12-14,2023-12-18,4,Air,DHL,Delayed,159,54696.0,1,0.69,medium,0.502
SHP-0257,SUP-022,PRD-065,WH-08,Lima,Chile,Amsterdam,Netherlands,2022-12-27,2023-01-14,2023-01-14,0,Air,Emirates SkyCargo,Delivered,268,83348.0,0,0.28,low,0.087
SHP-0258,SUP-005,PRD-013,WH-02,Madrid,Italy,Los Angeles,United States,2022-05-11,2022-05-17,2022-05-17,0,Sea,CMA CGM,Delivered,473,12298.0,0,0.08,low,0.028
SHP-0259,SUP-049,PRD-145,WH-04,Los Angeles,Canada,Houston,United States,2024-10-21,2024-10-26,2024-10-26,0,Sea,CMA CGM,Delivered,416,5324.8,0,0.33,low,0.102
SHP-0260,SUP-022,PRD-065,WH-10,Buenos Aires,Chile,Bogotá,Colombia,2022-09-08,2022-09-26,2022-09-26,0,Road,J.B. Hunt,Delivered,219,23838.15,0,0.29,low,0.09
SHP-0261,SUP-050,PRD-148,WH-14,Mumbai,Japan,Johannesburg,South Africa,2022-10-23,2022-11-10,2022-11-11,1,Sea,CMA CGM,Delayed,48,633.6,1,0.8,medium,0.402
SHP-0262,SUP-029,PRD-087,WH-10,Bogotá,Colombia,Bogotá,Colombia,2024-05-17,2024-05-27,2024-05-28,1,Road,XPO Logistics,Delayed,205,25040.75,1,0.49,medium,0.302
SHP-0263,SUP-029,PRD-086,WH-09,Lima,Colombia,São Paulo,Brazil,2022-03-13,2022-03-23,2022-03-23,0,Rail,BNSF Railway,Delivered,489,12591.75,0,0.59,low,0.187
SHP-0264,SUP-021,PRD-062,WH-14,Ho Chi Minh City,Australia,Johannesburg,South Africa,2024-01-14,2024-02-11,2024-02-11,0,Air,FedEx,Delivered,218,9592.0,0,0.65,low,0.21
SHP-0265,SUP-031,PRD-092,WH-09,Los Angeles,United States,São Paulo,Brazil,2023-04-28,2023-05-02,2023-05-02,0,Sea,MSC,Delivered,470,18048.0,0,0.89,low,0.282
SHP-0266,SUP-045,PRD-134,WH-05,Madrid,Poland,Berlin,Germany,2022-06-14,2022-06-26,2022-06-26,0,Sea,MSC,Delivered,494,27762.8,0,0.3,low,0.094
SHP-0267,SUP-049,PRD-146,WH-02,Toronto,Canada,Los Angeles,United States,2023-06-19,2023-06-24,2023-06-24,0,Road,J.B. Hunt,Delivered,397,14450.8,0,0.15,low,0.048
SHP-0268,SUP-047,PRD-139,WH-01,Toronto,United States,Chicago,United States,2024-06-27,2024-07-04,2024-07-04,0,Sea,CMA CGM,Delivered,176,2745.6,0,0.14,low,0.043
SHP-0269,SUP-008,PRD-022,WH-03,Houston,Mexico,Toronto,Canada,2024-11-23,2024-11-28,2024-11-28,0,Road,J.B. Hunt,Delivered,410,2152.5,0,0.09,low,0.028
SHP-0270,SUP-042,PRD-126,WH-04,Bogotá,Peru,Houston,United States,2024-07-13,2024-07-26,2024-07-26,0,Sea,CMA CGM,Delivered,323,4328.2,0,0.6,low,0.19
SHP-0271,SUP-024,PRD-070,WH-13,Sydney,Indonesia,Tokyo,Japan,2023-12-08,2023-12-30,2023-12-31,1,Sea,Maersk,Delayed,484,38332.8,1,0.68,medium,0.367
SHP-0272,SUP-035,PRD-103,WH-07,Lagos,Kenya,London,United Kingdom,2022-04-12,2022-05-08,2022-05-08,0,Air,DHL,Delivered,208,68224.0,0,0.1,low,0.033
SHP-0273,SUP-041,PRD-121,WH-12,Sydney,India,Singapore,Singapore,2024-07-18,2024-08-06,2024-08-06,0,Air,DHL,Delivered,117,52884.0,0,0.33,low,0.102
SHP-0274,SUP-023,PRD-068,WH-15,Sydney,India,Lagos,Nigeria,2022-09-24,2022-10-17,2022-10-18,1,Road,J.B. Hunt,Delayed,366,30103.5,1,0.41,medium,0.278
SHP-0275,SUP-016,PRD-047,WH-05,Johannesburg,Kenya,Berlin,Germany,2023-08-18,2023-09-11,2023-09-15,4,Sea,CMA CGM,Delayed,254,304.8,1,0.68,medium,0.496
SHP-0276,SUP-036,PRD-106,WH-08,Cairo,Kenya,Amsterdam,Netherlands,2023-03-11,2023-03-31,2023-04-09,9,Air,DHL,Delayed,46,16560.0,1,0.75,high,0.751
SHP-0277,SUP-021,PRD-062,WH-04,Shanghai,Australia,Houston,United States,2024-11-10,2024-12-08,2024-12-08,0,Air,Emirates SkyCargo,Delivered,41,1804.0,0,0.82,low,0.261
SHP-0278,SUP-022,PRD-064,WH-06,Santiago,Chile,Paris,France,2023-11-26,2023-12-14,2023-12-14,0,Air,FedEx,Delivered,383,173882.0,0,0.21,low,0.066
SHP-0279,SUP-013,PRD-038,WH-13,Jakarta,Singapore,Tokyo,Japan,2022-04-01,2022-04-21,2022-04-21,0,Rail,Union Pacific,Delivered,402,21607.5,0,0.16,low,0.05
SHP-0280,SUP-033,PRD-098,WH-09,Atlanta,Mexico,São Paulo,Brazil,2024-11-24,2024-11-28,2024-11-28,0,Road,DB Schenker,Delivered,397,26678.4,0,0.65,low,0.203
SHP-0281,SUP-013,PRD-039,WH-15,Shanghai,Singapore,Lagos,Nigeria,2022-10-02,2022-10-22,2022-10-22,0,Air,FedEx,Delivered,243,103275.0,0,0.08,low,0.026
SHP-0282,SUP-037,PRD-109,WH-04,Stockholm,Germany,Houston,United States,2024-09-20,2024-09-29,2024-10-07,8,Sea,Maersk,Delayed,464,4732.8,1,0.74,high,0.702
SHP-0283,SUP-015,PRD-045,WH-14,Madrid,Germany,Johannesburg,South Africa,2023-03-11,2023-03-17,2023-03-17,0,Road,DB Schenker,Delivered,491,42618.8,0,0.67,low,0.223
SHP-0284,SUP-037,PRD-111,WH-06,Stockholm,Germany,Paris,France,2022-02-23,2022-03-04,2022-03-04,0,Sea,Maersk,Delivered,448,11020.8,0,0.75,low,0.245
SHP-0285,SUP-003,PRD-007,WH-04,Milan,Italy,Houston,United States,2024-07-18,2024-07-23,2024-07-23,0,Road,DB Schenker,Delivered,42,5527.2,0,0.25,low,0.078
SHP-0286,SUP-034,PRD-101,WH-05,Lagos,South Africa,Berlin,Germany,2022-04-10,2022-05-07,2022-05-18,11,Sea,CMA CGM,Delayed,215,20769.0,1,0.68,high,0.766
SHP-0287,SUP-022,PRD-064,WH-01,Santiago,Chile,Chicago,United States,2022-10-13,2022-10-31,2022-10-31,0,Sea,CMA CGM,Delivered,98,8898.4,0,0.09,low,0.03
SHP-0288,SUP-037,PRD-110,WH-01,London,Germany,Chicago,United States,2024-01-06,2024-01-15,2024-01-15,0,Sea,MSC,Delivered,263,8573.8,0,0.73,low,0.239
SHP-0289,SUP-043,PRD-128,WH-13,Sydney,Australia,Tokyo,Japan,2024-01-25,2024-02-13,2024-02-13,0,Sea,Maersk,Delivered,282,24534.0,0,0.15,low,0.048
SHP-0290,SUP-035,PRD-105,WH-06,Lagos,Kenya,Paris,France,2024-10-11,2024-11-06,2024-11-06,0,Sea,Maersk,Delivered,168,14313.6,0,0.19,low,0.06
SHP-0291,SUP-007,PRD-020,WH-09,Toronto,Canada,São Paulo,Brazil,2022-09-19,2022-09-23,2022-09-23,0,Sea,MSC,Delivered,171,5130.0,0,0.52,low,0.164
SHP-0292,SUP-040,PRD-118,WH-05,Paris,United Kingdom,Berlin,Germany,2024-11-11,2024-11-21,2024-11-22,1,Road,DB Schenker,Delayed,201,12663.0,1,0.73,medium,0.375
SHP-0293,SUP-007,PRD-021,WH-01,Los Angeles,Canada,Chicago,United States,2022-11-02,2022-11-06,2022-11-12,6,Sea,CMA CGM,Delayed,390,31200.0,1,0.49,high,0.525
SHP-0294,SUP-046,PRD-137,WH-03,Jakarta,India,Toronto,Canada,2022-12-20,2023-01-09,2023-01-09,0,Sea,MSC,Delivered,293,6914.8,0,0.06,low,0.021
SHP-0295,SUP-031,PRD-091,WH-01,Toronto,United States,Chicago,United States,2024-09-04,2024-09-08,2024-09-15,7,Road,DB Schenker,Delayed,336,24460.8,1,0.89,high,0.697
SHP-0296,SUP-043,PRD-128,WH-14,Ho Chi Minh City,Australia,Johannesburg,South Africa,2022-10-04,2022-10-23,2022-10-23,0,Sea,Maersk,Delivered,459,39933.0,0,0.06,low,0.021
SHP-0297,SUP-036,PRD-108,WH-05,Lagos,Kenya,Berlin,Germany,2024-06-11,2024-07-01,2024-07-01,0,Air,FedEx,Delivered,95,35530.0,0,0.79,low,0.258
SHP-0298,SUP-002,PRD-004,WH-05,Lagos,Ghana,Berlin,Germany,2024-06-30,2024-07-27,2024-07-27,0,Rail,BNSF Railway,Delivered,144,468.0,0,0.41,low,0.133
SHP-0299,SUP-041,PRD-122,WH-12,Jakarta,India,Singapore,Singapore,2024-11-14,2024-12-03,2024-12-03,0,Road,J.B. Hunt,Delivered,394,43990.1,0,0.22,low,0.069
SHP-0300,SUP-024,PRD-070,WH-15,Sydney,Indonesia,Lagos,Nigeria,2024-09-22,2024-10-14,2024-10-14,0,Rail,Union Pacific,Delivered,138,13662.0,0,0.86,low,0.276
SHP-0301,SUP-039,PRD-115,WH-11,New York,Mexico,Santiago,Chile,2022-05-11,2022-05-16,2022-05-16,0,Road,XPO Logistics,Delivered,273,7644.0,0,0.54,low,0.17
SHP-0302,SUP-045,PRD-134,WH-04,Warsaw,Poland,Houston,United States,2024-10-16,2024-10-28,2024-10-28,0,Sea,Maersk,Delivered,320,17984.0,0,0.32,low,0.1
SHP-0303,SUP-027,PRD-081,WH-04,London,Germany,Houston,United States,2023-08-24,2023-09-03,2023-09-03,0,Sea,CMA CGM,Delivered,354,5734.8,0,0.57,low,0.178
SHP-0304,SUP-036,PRD-106,WH-06,Nairobi,Kenya,Paris,France,2022-06-26,2022-07-16,2022-07-17,1,Air,FedEx,Delayed,272,97920.0,1,0.74,medium,0.388
SHP-0305,SUP-018,PRD-054,WH-05,Berlin,Poland,Berlin,Germany,2024-01-05,2024-01-11,2024-01-11,0,Air,Emirates SkyCargo,Delivered,36,8748.0,0,0.59,low,0.187
SHP-0306,SUP-027,PRD-080,WH-06,Amsterdam,Germany,Paris,France,2022-09-05,2022-09-15,2022-09-15,0,Rail,Union Pacific,Delivered,413,24367.0,0,0.36,low,0.115
SHP-0307,SUP-040,PRD-119,WH-07,Paris,United Kingdom,London,United Kingdom,2022-04-14,2022-04-24,2022-04-28,4,Air,DHL,Delayed,420,138180.0,1,0.83,medium,0.54
SHP-0308,SUP-009,PRD-027,WH-05,Paris,Poland,Berlin,Germany,2022-12-09,2022-12-19,2022-12-19,0,Road,DB Schenker,Delivered,100,4900.0,0,0.57,low,0.177
SHP-0309,SUP-048,PRD-143,WH-06,Santiago,Peru,Paris,France,2023-11-27,2023-12-11,2023-12-12,1,Sea,MSC,Delayed,413,39978.4,1,0.28,medium,0.229
SHP-0310,SUP-021,PRD-062,WH-04,Ho Chi Minh City,Australia,Houston,United States,2024-10-31,2024-11-28,2024-11-30,2,Sea,CMA CGM,Delayed,360,3168.0,1,0.72,medium,0.421
SHP-0311,SUP-050,PRD-150,WH-14,Mumbai,Japan,Johannesburg,South Africa,2022-10-10,2022-10-28,2022-10-28,0,Sea,MSC,Delivered,456,12129.6,0,0.8,low,0.257
SHP-0312,SUP-047,PRD-140,WH-01,Vancouver,United States,Chicago,United States,2022-10-26,2022-11-02,2022-11-02,0,Road,J.B. Hunt,Delivered,55,3946.25,0,0.08,low,0.025
SHP-0313,SUP-026,PRD-077,WH-05,Cairo,South Africa,Berlin,Germany,2022-05-06,2022-05-27,2022-06-03,7,Air,Emirates SkyCargo,Delayed,49,18767.0,1,0.64,high,0.613
SHP-0314,SUP-048,PRD-144,WH-06,Bogotá,Peru,Paris,France,2024-05-08,2024-05-22,2024-05-22,0,Road,DB Schenker,Delivered,389,43568.0,0,0.27,low,0.081
SHP-0315,SUP-028,PRD-082,WH-02,Lima,Colombia,Los Angeles,United States,2022-10-28,2022-11-17,2022-11-17,0,Sea,Maersk,Delivered,474,19054.8,0,0.51,low,0.16
SHP-0316,SUP-044,PRD-132,WH-13,Nairobi,Nigeria,Tokyo,Japan,2024-04-08,2024-04-29,2024-04-29,0,Air,Emirates SkyCargo,Delivered,191,64176.0,0,0.17,low,0.055
SHP-0317,SUP-049,PRD-147,WH-03,Atlanta,Canada,Toronto,Canada,2024-11-17,2024-11-22,2024-11-22,0,Road,XPO Logistics,Delivered,34,5355.0,0,0.32,low,0.099
SHP-0318,SUP-040,PRD-120,WH-01,Amsterdam,United Kingdom,Chicago,United States,2023-09-15,2023-09-25,2023-09-25,0,Air,FedEx,Delivered,152,56696.0,0,0.84,low,0.263
SHP-0319,SUP-028,PRD-082,WH-09,São Paulo,Colombia,São Paulo,Brazil,2024-07-08,2024-07-28,2024-07-28,0,Sea,Maersk,Delivered,432,17366.4,0,0.57,low,0.178
SHP-0320,SUP-042,PRD-126,WH-08,Lima,Peru,Amsterdam,Netherlands,2023-04-24,2023-05-07,2023-05-11,4,Road,J.B. Hunt,Delayed,91,2133.95,1,0.56,medium,0.458
SHP-0321,SUP-039,PRD-117,WH-04,Los Angeles,Mexico,Houston,United States,2023-11-03,2023-11-08,2023-11-08,0,Air,FedEx,Delivered,252,126000.0,0,0.38,low,0.122
SHP-0322,SUP-048,PRD-143,WH-04,São Paulo,Peru,Houston,United States,2022-11-07,2022-11-21,2022-11-21,0,Sea,CMA CGM,Delivered,226,21876.8,0,0.23,low,0.069
SHP-0323,SUP-038,PRD-113,WH-09,Vancouver,Canada,São Paulo,Brazil,2024-05-17,2024-05-20,2024-05-20,0,Rail,BNSF Railway,Delivered,233,26620.25,0,0.3,low,0.092
SHP-0324,SUP-013,PRD-039,WH-01,Singapore,Singapore,Chicago,United States,2024-12-28,2025-01-17,2025-01-17,0,Sea,MSC,In Transit,262,22270.0,0,0.06,low,0.02
SHP-0325,SUP-014,PRD-042,WH-03,São Paulo,Brazil,Toronto,Canada,2023-12-10,2023-12-26,2023-12-27,1,Sea,MSC,Delayed,175,13580.0,1,0.14,medium,0.189
SHP-0326,SUP-003,PRD-007,WH-07,Warsaw,Italy,London,United Kingdom,2022-04-10,2022-04-15,2022-04-15,0,Sea,Maersk,Delivered,439,33012.8,0,0.27,low,0.084
SHP-0327,SUP-001,PRD-001,WH-08,Johannesburg,Nigeria,Amsterdam,Netherlands,2022-04-02,2022-04-28,2022-04-28,0,Sea,MSC,Delivered,420,19908.0,0,0.46,low,0.148
SHP-0328,SUP-049,PRD-147,WH-03,Toronto,Canada,Toronto,Canada,2024-10-30,2024-11-04,2024-11-04,0,Road,J.B. Hunt,Delivered,249,39217.5,0,0.09,low,0.03
SHP-0329,SUP-049,PRD-146,WH-02,Dallas,Canada,Los Angeles,United States,2023-11-18,2023-11-23,2023-11-24,1,Sea,MSC,Delayed,350,7280.0,1,0.08,medium,0.172
SHP-0330,SUP-015,PRD-045,WH-05,Madrid,Germany,Berlin,Germany,2022-09-11,2022-09-17,2022-10-08,21,Road,J.B. Hunt,Delayed,287,24911.6,1,0.71,high,0.785
SHP-0331,SUP-036,PRD-108,WH-14,Johannesburg,Kenya,Johannesburg,South Africa,2024-12-25,2025-01-14,2025-01-15,1,Air,Emirates SkyCargo,Delayed,449,167926.0,1,0.92,medium,0.442
SHP-0332,SUP-034,PRD-100,WH-08,Cairo,South Africa,Amsterdam,Netherlands,2022-04-03,2022-04-30,2022-04-30,0,Air,DHL,Delivered,460,189060.0,0,0.81,low,0.255
SHP-0333,SUP-030,PRD-089,WH-13,Tokyo,Japan,Tokyo,Japan,2022-07-23,2022-08-10,2022-08-11,1,Air,FedEx,Delayed,367,17616.0,1,0.7,medium,0.368
SHP-0334,SUP-043,PRD-128,WH-01,Shanghai,Australia,Chicago,United States,2022-04-30,2022-05-19,2022-05-20,1,Rail,Union Pacific,Delayed,212,23055.0,1,0.33,medium,0.247
SHP-0335,SUP-011,PRD-031,WH-01,Buenos Aires,Brazil,Chicago,United States,2023-04-30,2023-05-11,2023-05-11,0,Sea,Maersk,Delivered,157,7441.8,0,0.37,low,0.121
SHP-0336,SUP-035,PRD-105,WH-12,Johannesburg,Kenya,Singapore,Singapore,2024-10-28,2024-11-23,2024-11-23,0,Air,Emirates SkyCargo,Delivered,365,155490.0,0,0.08,low,0.027
SHP-0337,SUP-040,PRD-120,WH-07,Madrid,United Kingdom,London,United Kingdom,2024-04-13,2024-04-23,2024-04-23,0,Road,XPO Logistics,Delivered,211,27546.05,0,0.81,low,0.254
SHP-0338,SUP-015,PRD-043,WH-14,Warsaw,Germany,Johannesburg,South Africa,2023-12-10,2023-12-16,2023-12-16,0,Air,FedEx,Delivered,159,25758.0,0,0.83,low,0.271
SHP-0339,SUP-047,PRD-140,WH-10,Houston,United States,Bogotá,Colombia,2024-11-11,2024-11-18,2024-11-18,0,Air,Emirates SkyCargo,Delivered,308,63140.0,0,0.07,low,0.022
SHP-0340,SUP-008,PRD-023,WH-02,Toronto,Mexico,Los Angeles,United States,2023-07-27,2023-08-01,2023-08-01,0,Sea,MSC,Delivered,472,7835.2,0,0.25,low,0.076
SHP-0341,SUP-027,PRD-081,WH-01,Milan,Germany,Chicago,United States,2023-11-07,2023-11-17,2023-11-17,0,Road,XPO Logistics,Delivered,487,13806.45,0,0.56,low,0.175
SHP-0342,SUP-045,PRD-133,WH-15,Milan,Poland,Lagos,Nigeria,2022-01-09,2022-01-21,2022-01-21,0,Sea,CMA CGM,Delivered,380,4180.0,0,0.2,low,0.064
SHP-0343,SUP-031,PRD-093,WH-02,Los Angeles,United States,Los Angeles,United States,2022-03-05,2022-03-09,2022-03-09,0,Air,FedEx,Delivered,443,15948.0,0,0.83,low,0.264
SHP-0344,SUP-030,PRD-088,WH-12,Tokyo,Japan,Singapore,Singapore,2024-08-05,2024-08-23,2024-08-24,1,Road,J.B. Hunt,Delayed,491,20622.0,1,0.86,medium,0.416
SHP-0345,SUP-017,PRD-049,WH-07,Lagos,Egypt,London,United Kingdom,2023-04-25,2023-05-27,2023-05-27,0,Air,FedEx,Delivered,483,108675.0,0,0.26,low,0.079
SHP-0346,SUP-043,PRD-127,WH-12,Mumbai,Australia,Singapore,Singapore,2023-12-17,2024-01-05,2024-01-05,0,Sea,CMA CGM,Delivered,398,33034.0,0,0.22,low,0.069
SHP-0347,SUP-047,PRD-141,WH-07,Toronto,United States,London,United Kingdom,2022-05-14,2022-05-21,2022-05-21,0,Air,Emirates SkyCargo,Delivered,458,102134.0,0,0.12,low,0.037
SHP-0348,SUP-039,PRD-117,WH-09,Houston,Mexico,São Paulo,Brazil,2022-02-17,2022-02-22,2022-02-22,0,Sea,MSC,Delivered,368,36800.0,0,0.52,low,0.164
SHP-0349,SUP-035,PRD-103,WH-12,Johannesburg,Kenya,Singapore,Singapore,2023-10-24,2023-11-19,2023-11-19,0,Rail,Union Pacific,Delivered,82,6724.0,0,0.25,low,0.078
SHP-0350,SUP-035,PRD-104,WH-08,Accra,Kenya,Amsterdam,Netherlands,2022-03-31,2022-04-26,2022-04-27,1,Sea,MSC,Delayed,181,6154.0,1,0.05,medium,0.163
SHP-0351,SUP-017,PRD-050,WH-15,Accra,Egypt,Lagos,Nigeria,2022-02-21,2022-03-25,2022-03-26,1,Rail,DB Cargo,Delayed,120,3660.0,1,0.1,medium,0.176
SHP-0352,SUP-025,PRD-073,WH-08,São Paulo,Brazil,Amsterdam,Netherlands,2022-02-27,2022-03-11,2022-03-11,0,Road,DB Schenker,Delivered,450,64890.0,0,0.73,low,0.23
SHP-0353,SUP-010,PRD-029,WH-04,New York,Mexico,Houston,United States,2022-04-22,2022-04-25,2022-04-25,0,Sea,Maersk,Delivered,417,27105.0,0,0.23,low,0.07
SHP-0354,SUP-034,PRD-100,WH-13,Accra,South Africa,Tokyo,Japan,2022-10-13,2022-11-09,2022-11-22,13,Air,FedEx,Delayed,48,19728.0,1,0.74,high,0.784
SHP-0355,SUP-044,PRD-131,WH-15,Johannesburg,Nigeria,Lagos,Nigeria,2022-04-25,2022-05-16,2022-05-16,0,Sea,Maersk,Delivered,336,537.6,0,0.28,low,0.088
SHP-0356,SUP-020,PRD-060,WH-12,Singapore,Singapore,Singapore,Singapore,2024-02-26,2024-03-25,2024-03-25,0,Sea,Maersk,Delivered,193,2238.8,0,0.25,low,0.079
SHP-0357,SUP-046,PRD-136,WH-15,Jakarta,India,Lagos,Nigeria,2022-12-23,2023-01-12,2023-01-13,1,Air,Emirates SkyCargo,Delayed,84,2016.0,1,0.24,medium,0.22
SHP-0358,SUP-022,PRD-065,WH-04,Santiago,Chile,Houston,United States,2022-10-02,2022-10-20,2022-10-21,1,Sea,CMA CGM,Delayed,406,25253.2,1,0.16,medium,0.196
SHP-0359,SUP-042,PRD-126,WH-11,Buenos Aires,Peru,Santiago,Chile,2024-08-19,2024-09-01,2024-09-02,1,Air,Emirates SkyCargo,Delayed,356,23852.0,1,0.55,medium,0.32
SHP-0360,SUP-005,PRD-013,WH-14,Berlin,Italy,Johannesburg,South Africa,2024-05-14,2024-05-20,2024-05-20,0,Road,XPO Logistics,Delivered,422,19201.0,0,0.07,low,0.025
SHP-0361,SUP-017,PRD-051,WH-13,Cairo,Egypt,Tokyo,Japan,2023-11-10,2023-12-12,2023-12-12,0,Sea,MSC,Delivered,335,11591.0,0,0.14,low,0.043
SHP-0362,SUP-027,PRD-079,WH-06,Milan,Germany,Paris,France,2022-03-28,2022-04-07,2022-04-07,0,Road,J.B. Hunt,Delivered,137,23879.1,0,0.49,low,0.154
SHP-0363,SUP-019,PRD-055,WH-05,Bogotá,Peru,Berlin,Germany,2022-10-12,2022-10-25,2022-10-26,1,Road,XPO Logistics,Delayed,168,8349.6,1,0.48,medium,0.299
SHP-0364,SUP-044,PRD-132,WH-08,Johannesburg,Nigeria,Amsterdam,Netherlands,2023-10-08,2023-10-29,2023-10-29,0,Road,DB Schenker,Delivered,453,53272.8,0,0.22,low,0.07
SHP-0365,SUP-016,PRD-046,WH-14,Lagos,Kenya,Johannesburg,South Africa,2023-06-21,2023-07-15,2023-07-22,7,Road,XPO Logistics,Delayed,193,8781.5,1,0.93,high,0.706
SHP-0366,SUP-025,PRD-074,WH-01,Bogotá,Brazil,Chicago,United States,2024-02-02,2024-02-14,2024-02-14,0,Rail,Union Pacific,Delivered,469,41037.5,0,0.86,low,0.269
SHP-0367,SUP-011,PRD-031,WH-11,Buenos Aires,Brazil,Santiago,Chile,2023-01-28,2023-02-08,2023-02-08,0,Sea,MSC,Delivered,345,16353.0,0,0.42,low,0.136
SHP-0368,SUP-004,PRD-012,WH-07,Houston,United States,London,United Kingdom,2023-08-26,2023-08-31,2023-08-31,0,Air,FedEx,Delivered,466,211564.0,0,0.09,low,0.029
SHP-0369,SUP-038,PRD-114,WH-05,Houston,Canada,Berlin,Germany,2022-06-16,2022-06-19,2022-06-19,0,Road,XPO Logistics,Delivered,280,12544.0,0,0.17,low,0.053
SHP-0370,SUP-045,PRD-135,WH-02,Milan,Poland,Los Angeles,United States,2024-11-28,2024-12-10,2024-12-10,0,Sea,MSC,Delivered,289,13467.4,0,0.26,low,0.082
SHP-0371,SUP-049,PRD-146,WH-05,Atlanta,Canada,Berlin,Germany,2024-04-01,2024-04-06,2024-04-06,0,Road,XPO Logistics,Delivered,132,4804.8,0,0.32,low,0.099
SHP-0372,SUP-034,PRD-100,WH-12,Lagos,South Africa,Singapore,Singapore,2023-09-19,2023-10-16,2023-10-17,1,Air,DHL,Delayed,88,36168.0,1,0.88,medium,0.421
SHP-0373,SUP-024,PRD-071,WH-04,Mumbai,Indonesia,Houston,United States,2022-03-26,2022-04-17,2022-04-17,0,Sea,MSC,Delivered,208,2412.8,0,0.89,low,0.285
SHP-0374,SUP-026,PRD-077,WH-12,Johannesburg,South Africa,Singapore,Singapore,2023-01-03,2023-01-24,2023-01-25,1,Rail,Union Pacific,Delayed,451,43183.25,1,0.5,medium,0.301
SHP-0375,SUP-040,PRD-120,WH-06,Madrid,United Kingdom,Paris,France,2022-11-02,2022-11-12,2022-11-14,2,Sea,CMA CGM,Delayed,437,32600.2,1,0.88,medium,0.465
SHP-0376,SUP-023,PRD-067,WH-01,Ho Chi Minh City,India,Chicago,United States,2022-01-18,2022-02-10,2022-02-11,1,Rail,Union Pacific,Delayed,440,30360.0,1,0.52,medium,0.311
SHP-0377,SUP-045,PRD-133,WH-04,London,Poland,Houston,United States,2024-12-07,2024-12-19,2024-12-19,0,Sea,CMA CGM,In Transit,407,4477.0,0,0.19,low,0.061
SHP-0378,SUP-035,PRD-104,WH-15,Nairobi,Kenya,Lagos,Nigeria,2023-01-20,2023-02-15,2023-02-15,0,Sea,MSC,Delivered,250,8500.0,0,0.31,low,0.096
SHP-0379,SUP-003,PRD-008,WH-07,London,Italy,London,United Kingdom,2023-09-18,2023-09-23,2023-09-24,1,Road,DB Schenker,Delayed,135,18994.5,1,0.18,medium,0.202
SHP-0380,SUP-047,PRD-140,WH-06,Atlanta,United States,Paris,France,2023-10-30,2023-11-06,2023-11-06,0,Road,XPO Logistics,Delivered,492,35301.0,0,0.09,low,0.028
SHP-0381,SUP-027,PRD-081,WH-15,Warsaw,Germany,Lagos,Nigeria,2023-10-18,2023-10-28,2023-10-28,0,Sea,MSC,Delivered,311,5038.2,0,0.64,low,0.199
SHP-0382,SUP-045,PRD-134,WH-06,London,Poland,Paris,France,2022-08-02,2022-08-14,2022-08-14,0,Road,J.B. Hunt,Delivered,270,26554.5,0,0.06,low,0.022
SHP-0383,SUP-017,PRD-049,WH-12,Nairobi,Egypt,Singapore,Singapore,2024-12-03,2025-01-04,2025-01-04,0,Sea,Maersk,In Transit,107,4815.0,0,0.15,low,0.046
SHP-0384,SUP-032,PRD-095,WH-05,Johannesburg,Kenya,Berlin,Germany,2022-09-22,2022-10-26,2022-10-26,0,Air,DHL,Delivered,86,24940.0,0,0.61,low,0.193
SHP-0385,SUP-025,PRD-074,WH-08,Santiago,Brazil,Amsterdam,Netherlands,2022-11-22,2022-12-04,2022-12-23,19,Sea,CMA CGM,Delayed,254,17780.0,1,0.73,high,0.78
SHP-0386,SUP-001,PRD-001,WH-13,Johannesburg,Nigeria,Tokyo,Japan,2024-03-28,2024-04-23,2024-04-24,1,Sea,MSC,Delayed,255,12087.0,1,0.49,medium,0.302
SHP-0387,SUP-004,PRD-012,WH-02,Atlanta,United States,Los Angeles,United States,2024-07-23,2024-07-28,2024-07-28,0,Road,DB Schenker,Delivered,333,52913.7,0,0.3,low,0.092
SHP-0388,SUP-015,PRD-044,WH-08,London,Germany,Amsterdam,Netherlands,2024-06-03,2024-06-09,2024-06-09,0,Road,DB Schenker,Delivered,377,49481.25,0,0.93,low,0.301
SHP-0389,SUP-021,PRD-061,WH-03,Ho Chi Minh City,Australia,Toronto,Canada,2022-05-17,2022-06-14,2022-06-14,0,Sea,CMA CGM,Delivered,82,5641.6,0,0.95,low,0.3
SHP-0390,SUP-007,PRD-019,WH-06,New York,Canada,Paris,France,2024-04-19,2024-04-23,2024-04-25,2,Sea,Maersk,Delayed,347,30536.0,1,0.56,medium,0.366
SHP-0391,SUP-050,PRD-149,WH-14,Jakarta,Japan,Johannesburg,South Africa,2024-03-28,2024-04-15,2024-04-16,1,Rail,Union Pacific,Delayed,363,6080.25,1,0.87,medium,0.423
SHP-0392,SUP-037,PRD-110,WH-06,Paris,Germany,Paris,France,2023-05-12,2023-05-21,2023-05-25,4,Air,DHL,Delayed,330,53790.0,1,0.68,medium,0.504
SHP-0393,SUP-024,PRD-070,WH-14,Seoul,Indonesia,Johannesburg,South Africa,2022-06-08,2022-06-30,2022-07-02,2,Air,Emirates SkyCargo,Delayed,37,14652.0,1,0.92,medium,0.484
SHP-0394,SUP-039,PRD-115,WH-05,Chicago,Mexico,Berlin,Germany,2024-12-06,2024-12-11,2024-12-11,0,Road,XPO Logistics,In Transit,219,6132.0,0,0.56,low,0.176
SHP-0395,SUP-034,PRD-100,WH-14,Johannesburg,South Africa,Johannesburg,South Africa,2024-02-12,2024-03-10,2024-03-10,0,Air,DHL,Delivered,28,11508.0,0,0.78,low,0.246
SHP-0396,SUP-002,PRD-005,WH-06,Johannesburg,Ghana,Paris,France,2023-03-28,2023-04-24,2023-04-29,5,Sea,CMA CGM,Delayed,105,4788.0,1,0.36,medium,0.443
SHP-0397,SUP-038,PRD-112,WH-10,New York,Canada,Bogotá,Colombia,2023-01-24,2023-01-27,2023-01-27,0,Sea,MSC,Delivered,81,1425.6,0,0.12,low,0.038
SHP-0398,SUP-010,PRD-029,WH-10,Toronto,Mexico,Bogotá,Colombia,2022-01-31,2022-02-03,2022-02-03,0,Sea,MSC,Delivered,132,8580.0,0,0.07,low,0.022
SHP-0399,SUP-023,PRD-069,WH-04,Shanghai,India,Houston,United States,2022-05-18,2022-06-10,2022-06-10,0,Road,DB Schenker,Delivered,72,10836.0,0,0.56,low,0.178
SHP-0400,SUP-041,PRD-121,WH-03,Tokyo,India,Toronto,Canada,2023-10-27,2023-11-15,2023-11-15,0,Sea,CMA CGM,Delivered,493,44567.2,0,0.34,low,0.105
SHP-0401,SUP-047,PRD-139,WH-10,Toronto,United States,Bogotá,Colombia,2023-10-14,2023-10-21,2023-10-21,0,Road,XPO Logistics,Delivered,191,5214.3,0,0.06,low,0.019
SHP-0402,SUP-042,PRD-125,WH-04,Lima,Peru,Houston,United States,2023-04-22,2023-05-05,2023-05-05,0,Air,DHL,Delivered,335,22445.0,0,0.58,low,0.184
SHP-0403,SUP-011,PRD-032,WH-01,Santiago,Brazil,Chicago,United States,2023-05-14,2023-05-25,2023-05-26,1,Sea,Maersk,Delayed,212,5469.6,1,0.41,medium,0.278
SHP-0404,SUP-004,PRD-010,WH-07,Vancouver,United States,London,United Kingdom,2023-11-05,2023-11-10,2023-11-10,0,Sea,Maersk,Delivered,286,15215.2,0,0.29,low,0.089
SHP-0405,SUP-032,PRD-096,WH-07,Johannesburg,Kenya,London,United Kingdom,2023-04-15,2023-05-19,2023-05-20,1,Sea,CMA CGM,Delayed,147,7144.2,1,0.59,medium,0.332
SHP-0406,SUP-048,PRD-144,WH-01,Lima,Peru,Chicago,United States,2024-02-21,2024-03-06,2024-03-07,1,Air,FedEx,Delayed,55,17600.0,1,0.34,medium,0.247
SHP-0407,SUP-005,PRD-015,WH-07,Amsterdam,Italy,London,United Kingdom,2024-12-27,2025-01-02,2025-01-02,0,Sea,CMA CGM,In Transit,60,1416.0,0,0.18,low,0.058
SHP-0408,SUP-035,PRD-104,WH-05,Lagos,Kenya,Berlin,Germany,2023-05-17,2023-06-12,2023-06-12,0,Air,Emirates SkyCargo,Delivered,249,42330.0,0,0.34,low,0.105
SHP-0409,SUP-018,PRD-053,WH-04,Paris,Poland,Houston,United States,2024-01-07,2024-01-13,2024-01-14,1,Sea,CMA CGM,Delayed,241,2940.2,1,0.58,medium,0.329
SHP-0410,SUP-036,PRD-106,WH-12,Cairo,Kenya,Singapore,Singapore,2022-06-20,2022-07-10,2022-07-10,0,Air,Emirates SkyCargo,Delivered,109,39240.0,0,0.73,low,0.24
SHP-0411,SUP-035,PRD-104,WH-13,Nairobi,Kenya,Tokyo,Japan,2024-02-08,2024-03-05,2024-03-05,0,Air,Emirates SkyCargo,Delivered,260,44200.0,0,0.11,low,0.036
SHP-0412,SUP-017,PRD-049,WH-14,Accra,Egypt,Johannesburg,South Africa,2024-02-06,2024-03-09,2024-03-09,0,Rail,BNSF Railway,Delivered,211,11868.75,0,0.17,low,0.052
SHP-0413,SUP-025,PRD-075,WH-07,São Paulo,Brazil,London,United Kingdom,2024-04-17,2024-04-29,2024-04-29,0,Rail,DB Cargo,Delivered,119,8895.25,0,0.88,low,0.275
SHP-0414,SUP-022,PRD-066,WH-03,Lima,Chile,Toronto,Canada,2024-09-27,2024-10-15,2024-10-15,0,Air,FedEx,Delivered,494,154622.0,0,0.18,low,0.057
SHP-0415,SUP-021,PRD-061,WH-15,Shanghai,Australia,Lagos,Nigeria,2024-01-11,2024-02-08,2024-02-08,0,Sea,MSC,Delivered,329,22635.2,0,0.79,low,0.252
SHP-0416,SUP-047,PRD-139,WH-09,Houston,United States,São Paulo,Brazil,2022-11-27,2022-12-04,2022-12-05,1,Road,DB Schenker,Delayed,223,6087.9,1,0.26,medium,0.224
SHP-0417,SUP-007,PRD-021,WH-04,Dallas,Canada,Houston,United States,2022-12-06,2022-12-10,2022-12-10,0,Sea,MSC,Delivered,276,22080.0,0,0.64,low,0.2
SHP-0418,SUP-046,PRD-137,WH-03,Sydney,India,Toronto,Canada,2024-11-27,2024-12-17,2024-12-17,0,Road,J.B. Hunt,Delivered,223,9209.9,0,0.26,low,0.081
SHP-0419,SUP-001,PRD-001,WH-13,Johannesburg,Nigeria,Tokyo,Japan,2024-11-17,2024-12-13,2024-12-14,1,Sea,Maersk,Delayed,211,10001.4,1,0.41,medium,0.278
SHP-0420,SUP-012,PRD-034,WH-04,London,Spain,Houston,United States,2024-10-26,2024-11-02,2024-11-02,0,Sea,Maersk,Delivered,115,322.0,0,0.41,low,0.129
SHP-0421,SUP-050,PRD-148,WH-02,Ho Chi Minh City,Japan,Los Angeles,United States,2024-04-17,2024-05-05,2024-05-05,0,Sea,Maersk,Delivered,170,2244.0,0,0.68,low,0.221
SHP-0422,SUP-011,PRD-032,WH-10,Bogotá,Brazil,Bogotá,Colombia,2022-03-02,2022-03-13,2022-03-13,0,Road,XPO Logistics,Delivered,24,1083.6,0,0.37,low,0.121
SHP-0423,SUP-050,PRD-148,WH-12,Tokyo,Japan,Singapore,Singapore,2023-03-09,2023-03-27,2023-04-02,6,Road,DB Schenker,Delayed,262,6052.2,1,0.88,high,0.651
SHP-0424,SUP-043,PRD-128,WH-04,Jakarta,Australia,Houston,United States,2023-12-04,2023-12-23,2023-12-23,0,Road,DB Schenker,Delivered,360,54810.0,0,0.17,low,0.054
SHP-0425,SUP-043,PRD-127,WH-04,Jakarta,Australia,Houston,United States,2024-11-24,2024-12-13,2024-12-13,0,Rail,DB Cargo,Delivered,328,34030.0,0,0.09,low,0.03
SHP-0426,SUP-039,PRD-116,WH-04,New York,Mexico,Houston,United States,2024-07-14,2024-07-19,2024-07-19,0,Sea,MSC,Delivered,358,34439.6,0,0.41,low,0.131
SHP-0427,SUP-045,PRD-134,WH-05,Stockholm,Poland,Berlin,Germany,2022-04-04,2022-04-16,2022-04-16,0,Road,XPO Logistics,Delivered,330,32455.5,0,0.2,low,0.064
SHP-0428,SUP-050,PRD-150,WH-13,Jakarta,Japan,Tokyo,Japan,2024-05-26,2024-06-13,2024-06-13,0,Sea,CMA CGM,Delivered,483,12847.8,0,0.68,low,0.221
SHP-0429,SUP-030,PRD-089,WH-02,Seoul,Japan,Los Angeles,United States,2024-12-01,2024-12-19,2024-12-19,0,Road,XPO Logistics,In Transit,85,1428.0,0,0.8,low,0.253
SHP-0430,SUP-008,PRD-023,WH-08,Vancouver,Mexico,Amsterdam,Netherlands,2022-12-11,2022-12-16,2022-12-16,0,Rail,Union Pacific,Delivered,359,7449.25,0,0.21,low,0.064
SHP-0431,SUP-021,PRD-061,WH-01,Tokyo,Australia,Chicago,United States,2022-08-05,2022-09-02,2022-09-02,0,Rail,Union Pacific,Delivered,412,35432.0,0,0.73,low,0.234
SHP-0432,SUP-049,PRD-146,WH-08,Vancouver,Canada,Amsterdam,Netherlands,2022-09-10,2022-09-15,2022-09-15,0,Road,DB Schenker,Delivered,66,2402.4,0,0.29,low,0.09
SHP-0433,SUP-027,PRD-079,WH-15,Paris,Germany,Lagos,Nigeria,2023-12-04,2023-12-14,2023-12-14,0,Road,J.B. Hunt,Delivered,391,68151.3,0,0.46,low,0.145
SHP-0434,SUP-045,PRD-135,WH-03,Amsterdam,Poland,Toronto,Canada,2023-10-04,2023-10-16,2023-10-17,1,Rail,BNSF Railway,Delayed,79,4601.75,1,0.22,medium,0.215
SHP-0435,SUP-011,PRD-032,WH-04,Lima,Brazil,Houston,United States,2022-01-04,2022-01-15,2022-01-15,0,Air,FedEx,Delivered,236,30444.0,0,0.45,low,0.145
SHP-0436,SUP-029,PRD-087,WH-11,Lima,Colombia,Santiago,Chile,2022-12-28,2023-01-07,2023-01-07,0,Air,FedEx,Delivered,448,156352.0,0,0.42,low,0.136
SHP-0437,SUP-047,PRD-140,WH-03,Atlanta,United States,Toronto,Canada,2022-10-26,2022-11-02,2022-11-02,0,Road,J.B. Hunt,Delivered,37,2654.75,0,0.23,low,0.07
SHP-0438,SUP-025,PRD-075,WH-10,Bogotá,Brazil,Bogotá,Colombia,2024-09-06,2024-09-18,2024-09-20,2,Air,FedEx,Delayed,98,29302.0,1,0.9,medium,0.471
SHP-0439,SUP-018,PRD-054,WH-08,Berlin,Poland,Amsterdam,Netherlands,2023-01-02,2023-01-08,2023-01-08,0,Sea,CMA CGM,Delivered,487,23668.2,0,0.6,low,0.19
SHP-0440,SUP-002,PRD-006,WH-12,Nairobi,Ghana,Singapore,Singapore,2024-05-15,2024-06-11,2024-06-11,0,Road,DB Schenker,Delivered,56,4860.8,0,0.51,low,0.163
SHP-0441,SUP-024,PRD-071,WH-02,Sydney,Indonesia,Los Angeles,United States,2024-10-28,2024-11-19,2024-11-19,0,Sea,CMA CGM,Delivered,90,1044.0,0,0.78,low,0.252
SHP-0442,SUP-036,PRD-107,WH-05,Lagos,Kenya,Berlin,Germany,2023-03-23,2023-04-12,2023-04-19,7,Rail,DB Cargo,Delayed,367,3211.25,1,0.89,high,0.703
SHP-0443,SUP-013,PRD-038,WH-14,Seoul,Singapore,Johannesburg,South Africa,2023-10-02,2023-10-22,2023-10-22,0,Sea,MSC,Delivered,323,13889.0,0,0.18,low,0.056
SHP-0444,SUP-013,PRD-039,WH-14,Mumbai,Singapore,Johannesburg,South Africa,2023-11-10,2023-11-30,2023-11-30,0,Rail,BNSF Railway,Delivered,401,42606.25,0,0.16,low,0.05
SHP-0445,SUP-047,PRD-141,WH-08,Los Angeles,United States,Amsterdam,Netherlands,2024-08-07,2024-08-14,2024-08-14,0,Sea,CMA CGM,Delivered,247,11016.2,0,0.16,low,0.049
SHP-0446,SUP-011,PRD-031,WH-10,São Paulo,Brazil,Bogotá,Colombia,2024-09-28,2024-10-09,2024-10-09,0,Sea,CMA CGM,Delivered,313,14836.2,0,0.65,low,0.205
SHP-0447,SUP-036,PRD-107,WH-15,Accra,Kenya,Lagos,Nigeria,2023-01-06,2023-01-26,2023-01-26,0,Air,DHL,Delivered,70,2450.0,0,0.75,low,0.246
SHP-0448,SUP-048,PRD-144,WH-11,Santiago,Peru,Santiago,Chile,2022-02-10,2022-02-24,2022-02-24,0,Road,J.B. Hunt,Delivered,270,30240.0,0,0.07,low,0.021
SHP-0449,SUP-042,PRD-126,WH-08,São Paulo,Peru,Amsterdam,Netherlands,2023-03-01,2023-03-14,2023-03-14,0,Air,Emirates SkyCargo,Delivered,375,25125.0,0,0.4,low,0.13
SHP-0450,SUP-040,PRD-119,WH-02,Paris,United Kingdom,Los Angeles,United States,2022-12-06,2022-12-16,2022-12-18,2,Air,DHL,Delayed,279,91791.0,1,0.74,medium,0.423
SHP-0451,SUP-040,PRD-118,WH-03,Berlin,United Kingdom,Toronto,Canada,2023-05-24,2023-06-03,2023-06-03,0,Road,J.B. Hunt,Delivered,293,18459.0,0,0.78,low,0.245
SHP-0452,SUP-041,PRD-122,WH-04,Jakarta,India,Houston,United States,2024-11-11,2024-11-30,2024-11-30,0,Air,DHL,Delivered,141,44979.0,0,0.06,low,0.021
SHP-0453,SUP-013,PRD-038,WH-02,Seoul,Singapore,Los Angeles,United States,2023-03-19,2023-04-08,2023-04-08,0,Road,DB Schenker,Delivered,58,4364.5,0,0.21,low,0.065
SHP-0454,SUP-022,PRD-065,WH-08,Buenos Aires,Chile,Amsterdam,Netherlands,2024-03-30,2024-04-17,2024-04-17,0,Road,J.B. Hunt,Delivered,93,10123.05,0,0.21,low,0.066
SHP-0455,SUP-007,PRD-021,WH-09,Houston,Canada,São Paulo,Brazil,2024-02-02,2024-02-06,2024-02-06,0,Sea,Maersk,Delivered,234,18720.0,0,0.6,low,0.188
SHP-0456,SUP-026,PRD-077,WH-12,Johannesburg,South Africa,Singapore,Singapore,2022-12-04,2022-12-25,2022-12-25,0,Sea,MSC,Delivered,347,26580.2,0,0.38,low,0.12
SHP-0457,SUP-027,PRD-080,WH-07,Amsterdam,Germany,London,United Kingdom,2023-10-13,2023-10-23,2023-10-23,0,Road,XPO Logistics,Delivered,109,9003.4,0,0.51,low,0.16
SHP-0458,SUP-025,PRD-075,WH-05,São Paulo,Brazil,Berlin,Germany,2024-12-19,2024-12-31,2025-01-05,5,Sea,Maersk,Delayed,479,28644.2,1,0.66,medium,0.534
SHP-0459,SUP-026,PRD-077,WH-05,Nairobi,South Africa,Berlin,Germany,2024-12-24,2025-01-14,2025-01-14,0,Rail,Union Pacific,In Transit,264,25278.0,0,0.53,low,0.165
SHP-0460,SUP-022,PRD-064,WH-08,Lima,Chile,Amsterdam,Netherlands,2022-11-15,2022-12-03,2022-12-03,0,Air,Emirates SkyCargo,Delivered,396,179784.0,0,0.13,low,0.042
SHP-0461,SUP-049,PRD-147,WH-10,Houston,Canada,Bogotá,Colombia,2024-05-06,2024-05-11,2024-05-11,0,Rail,Union Pacific,Delivered,277,31162.5,0,0.14,low,0.045
SHP-0462,SUP-033,PRD-099,WH-04,Atlanta,Mexico,Houston,United States,2022-06-28,2022-07-02,2022-07-02,0,Sea,Maersk,Delivered,344,24286.4,0,0.37,low,0.119
SHP-0463,SUP-049,PRD-145,WH-02,Toronto,Canada,Los Angeles,United States,2023-12-28,2024-01-02,2024-01-02,0,Road,DB Schenker,Delivered,366,8198.4,0,0.2,low,0.063
SHP-0464,SUP-049,PRD-145,WH-05,Vancouver,Canada,Berlin,Germany,2024-11-20,2024-11-25,2024-11-25,0,Road,J.B. Hunt,Delivered,377,8444.8,0,0.09,low,0.03
SHP-0465,SUP-002,PRD-006,WH-06,Johannesburg,Ghana,Paris,France,2024-05-20,2024-06-16,2024-06-16,0,Air,Emirates SkyCargo,Delivered,358,88784.0,0,0.64,low,0.202
SHP-0466,SUP-039,PRD-117,WH-07,Chicago,Mexico,London,United Kingdom,2024-07-07,2024-07-12,2024-07-12,0,Road,J.B. Hunt,Delivered,482,84350.0,0,0.42,low,0.134
SHP-0467,SUP-007,PRD-020,WH-03,New York,Canada,Toronto,Canada,2022-04-15,2022-04-19,2022-04-19,0,Sea,Maersk,Delivered,193,5790.0,0,0.62,low,0.194
SHP-0468,SUP-021,PRD-063,WH-13,Ho Chi Minh City,Australia,Tokyo,Japan,2023-09-05,2023-10-03,2023-10-04,1,Sea,MSC,Delayed,495,29502.0,1,0.93,medium,0.439
SHP-0469,SUP-045,PRD-135,WH-05,Milan,Poland,Berlin,Germany,2022-12-15,2022-12-27,2022-12-27,0,Sea,Maersk,Delivered,199,9273.4,0,0.32,low,0.1
SHP-0470,SUP-016,PRD-047,WH-08,Johannesburg,Kenya,Amsterdam,Netherlands,2022-07-27,2022-08-20,2022-08-25,5,Sea,MSC,Delayed,23,27.6,1,0.7,medium,0.547
SHP-0471,SUP-046,PRD-137,WH-02,Singapore,India,Los Angeles,United States,2024-03-20,2024-04-09,2024-04-09,0,Rail,BNSF Railway,Delivered,435,12832.5,0,0.13,low,0.042
SHP-0472,SUP-034,PRD-102,WH-13,Lagos,South Africa,Tokyo,Japan,2022-10-14,2022-11-10,2022-11-13,3,Rail,DB Cargo,Delayed,76,4997.0,1,0.71,medium,0.46
SHP-0473,SUP-004,PRD-010,WH-11,Dallas,United States,Santiago,Chile,2023-11-10,2023-11-15,2023-11-15,0,Air,DHL,Delivered,265,70490.0,0,0.34,low,0.104
SHP-0474,SUP-023,PRD-067,WH-14,Singapore,India,Johannesburg,South Africa,2024-10-11,2024-11-03,2024-11-03,0,Road,DB Schenker,Delivered,404,39026.4,0,0.58,low,0.184
SHP-0475,SUP-031,PRD-093,WH-11,Toronto,United States,Santiago,Chile,2022-08-13,2022-08-17,2022-08-17,0,Sea,Maersk,Delivered,412,2966.4,0,0.86,low,0.273
SHP-0476,SUP-005,PRD-015,WH-02,Warsaw,Italy,Los Angeles,United States,2022-01-17,2022-01-23,2022-01-23,0,Sea,MSC,Delivered,146,3445.6,0,0.24,low,0.076
SHP-0477,SUP-049,PRD-147,WH-03,Houston,Canada,Toronto,Canada,2023-07-30,2023-08-04,2023-08-04,0,Rail,DB Cargo,Delivered,361,40612.5,0,0.3,low,0.093
SHP-0478,SUP-017,PRD-050,WH-15,Accra,Egypt,Lagos,Nigeria,2024-12-21,2025-01-22,2025-01-23,1,Sea,MSC,Delayed,118,2879.2,1,0.33,medium,0.245
SHP-0479,SUP-033,PRD-097,WH-07,Houston,Mexico,London,United Kingdom,2022-07-06,2022-07-10,2022-07-10,0,Sea,CMA CGM,Delivered,344,32060.8,0,0.64,low,0.2
SHP-0480,SUP-019,PRD-056,WH-04,Santiago,Peru,Houston,United States,2022-05-06,2022-05-19,2022-05-19,0,Sea,MSC,Delivered,206,6262.4,0,0.43,low,0.139
SHP-0481,SUP-028,PRD-084,WH-04,Buenos Aires,Colombia,Houston,United States,2023-10-18,2023-11-07,2023-11-07,0,Air,DHL,Delivered,46,92.0,0,0.55,low,0.172
SHP-0482,SUP-026,PRD-076,WH-07,Cairo,South Africa,London,United Kingdom,2023-07-28,2023-08-18,2023-08-19,1,Rail,Union Pacific,Delayed,191,2244.25,1,0.44,medium,0.283
SHP-0483,SUP-009,PRD-027,WH-05,London,Poland,Berlin,Germany,2023-11-10,2023-11-20,2023-11-20,0,Road,J.B. Hunt,Delivered,418,20482.0,0,0.53,low,0.165
SHP-0484,SUP-043,PRD-128,WH-02,Ho Chi Minh City,Australia,Los Angeles,United States,2023-03-07,2023-03-26,2023-03-27,1,Sea,CMA CGM,Delayed,81,7047.0,1,0.06,medium,0.166
SHP-0485,SUP-045,PRD-133,WH-08,Milan,Poland,Amsterdam,Netherlands,2024-12-11,2024-12-23,2024-12-23,0,Sea,Maersk,In Transit,293,3223.0,0,0.27,low,0.085
SHP-0486,SUP-004,PRD-010,WH-04,Dallas,United States,Houston,United States,2023-06-02,2023-06-07,2023-06-07,0,Road,J.B. Hunt,Delivered,197,18340.7,0,0.32,low,0.098
SHP-0487,SUP-034,PRD-102,WH-15,Cairo,South Africa,Lagos,Nigeria,2022-05-19,2022-06-15,2022-07-06,21,Air,FedEx,Delayed,376,98888.0,1,0.94,high,0.844
SHP-0488,SUP-024,PRD-070,WH-12,Mumbai,Indonesia,Singapore,Singapore,2024-03-25,2024-04-16,2024-04-21,5,Sea,CMA CGM,Delayed,216,17107.2,1,0.82,medium,0.589
SHP-0489,SUP-030,PRD-089,WH-03,Mumbai,Japan,Toronto,Canada,2024-10-19,2024-11-06,2024-11-06,0,Road,DB Schenker,Delivered,277,4653.6,0,0.86,low,0.271
SHP-0490,SUP-039,PRD-116,WH-09,Houston,Mexico,São Paulo,Brazil,2023-08-30,2023-09-04,2023-09-04,0,Air,DHL,Delivered,293,140933.0,0,0.42,low,0.134
SHP-0491,SUP-004,PRD-012,WH-03,Atlanta,United States,Toronto,Canada,2022-09-30,2022-10-05,2022-10-05,0,Road,XPO Logistics,Delivered,441,70074.9,0,0.11,low,0.035
SHP-0492,SUP-010,PRD-028,WH-08,New York,Mexico,Amsterdam,Netherlands,2024-01-26,2024-01-29,2024-01-29,0,Road,DB Schenker,Delivered,389,1497.65,0,0.09,low,0.028
SHP-0493,SUP-043,PRD-128,WH-04,Shanghai,Australia,Houston,United States,2022-01-22,2022-02-10,2022-02-10,0,Rail,DB Cargo,Delivered,151,16421.25,0,0.34,low,0.105
SHP-0494,SUP-039,PRD-117,WH-07,Los Angeles,Mexico,London,United Kingdom,2024-02-22,2024-02-27,2024-02-29,2,Road,XPO Logistics,Delayed,438,76650.0,1,0.48,medium,0.342
SHP-0495,SUP-026,PRD-077,WH-06,Accra,South Africa,Paris,France,2022-12-24,2023-01-14,2023-01-15,1,Sea,MSC,Delayed,112,8579.2,1,0.49,medium,0.298
SHP-0496,SUP-016,PRD-046,WH-13,Lagos,Kenya,Tokyo,Japan,2022-10-27,2022-11-20,2022-11-26,6,Air,DHL,Delayed,252,32760.0,1,0.92,high,0.658
SHP-0497,SUP-031,PRD-091,WH-06,Toronto,United States,Paris,France,2022-01-25,2022-01-29,2022-01-30,1,Road,J.B. Hunt,Delayed,498,36254.4,1,0.66,medium,0.358
SHP-0498,SUP-021,PRD-061,WH-03,Seoul,Australia,Toronto,Canada,2022-01-28,2022-02-25,2022-03-07,10,Road,J.B. Hunt,Delayed,63,7585.2,1,0.71,high,0.778
SHP-0499,SUP-036,PRD-108,WH-13,Lagos,Kenya,Tokyo,Japan,2023-09-22,2023-10-12,2023-10-13,1,Sea,Maersk,Delayed,30,2244.0,1,0.9,medium,0.436
SHP-0500,SUP-009,PRD-027,WH-01,Paris,Poland,Chicago,United States,2024-11-13,2024-11-23,2024-11-23,0,Sea,Maersk,Delivered,487,13636.0,0,0.42,low,0.132
SHP-0501,SUP-020,PRD-059,WH-14,Seoul,Singapore,Johannesburg,South Africa,2023-12-25,2024-01-22,2024-01-22,0,Air,Emirates SkyCargo,Delivered,216,47736.0,0,0.26,low,0.082
SHP-0502,SUP-049,PRD-145,WH-05,Toronto,Canada,Berlin,Germany,2023-11-03,2023-11-08,2023-11-08,0,Air,DHL,Delivered,478,30592.0,0,0.06,low,0.021
SHP-0503,SUP-013,PRD-037,WH-14,Jakarta,Singapore,Johannesburg,South Africa,2023-01-07,2023-01-27,2023-01-27,0,Sea,MSC,Delivered,339,20407.8,0,0.3,low,0.092
SHP-0504,SUP-028,PRD-082,WH-02,Santiago,Colombia,Los Angeles,United States,2024-01-26,2024-02-15,2024-02-15,0,Road,XPO Logistics,Delivered,423,29758.05,0,0.35,low,0.112
SHP-0505,SUP-013,PRD-039,WH-01,Jakarta,Singapore,Chicago,United States,2022-10-30,2022-11-19,2022-11-19,0,Road,DB Schenker,Delivered,437,65003.75,0,0.07,low,0.023
SHP-0506,SUP-041,PRD-122,WH-03,Seoul,India,Toronto,Canada,2022-07-05,2022-07-24,2022-07-24,0,Road,DB Schenker,Delivered,183,20431.95,0,0.2,low,0.063
SHP-0507,SUP-036,PRD-108,WH-12,Accra,Kenya,Singapore,Singapore,2023-11-14,2023-12-04,2023-12-24,20,Sea,CMA CGM,Delayed,274,20495.2,1,0.81,high,0.814
SHP-0508,SUP-037,PRD-111,WH-14,Amsterdam,Germany,Johannesburg,South Africa,2024-11-17,2024-11-26,2024-12-04,8,Road,XPO Logistics,Delayed,205,8825.25,1,0.65,high,0.675
SHP-0509,SUP-002,PRD-005,WH-13,Lagos,Ghana,Tokyo,Japan,2023-11-28,2023-12-25,2023-12-25,0,Road,XPO Logistics,Delivered,170,13566.0,0,0.49,low,0.157
SHP-0510,SUP-040,PRD-119,WH-08,Amsterdam,United Kingdom,Amsterdam,Netherlands,2022-10-23,2022-11-02,2022-11-02,0,Air,FedEx,Delivered,210,69090.0,0,0.67,low,0.212
SHP-0511,SUP-010,PRD-030,WH-07,Los Angeles,Mexico,London,United Kingdom,2024-09-03,2024-09-06,2024-09-06,0,Air,FedEx,Delivered,92,11408.0,0,0.07,low,0.022
SHP-0512,SUP-007,PRD-019,WH-07,Dallas,Canada,London,United Kingdom,2022-11-03,2022-11-07,2022-11-07,0,Sea,Maersk,Delivered,403,35464.0,0,0.51,low,0.161
SHP-0513,SUP-025,PRD-074,WH-04,Bogotá,Brazil,Houston,United States,2024-06-28,2024-07-10,2024-07-12,2,Road,XPO Logistics,Delayed,329,40302.5,1,0.88,medium,0.465
SHP-0514,SUP-038,PRD-112,WH-01,Dallas,Canada,Chicago,United States,2024-05-17,2024-05-20,2024-05-20,0,Road,DB Schenker,Delivered,490,15092.0,0,0.22,low,0.068
SHP-0515,SUP-025,PRD-075,WH-01,Santiago,Brazil,Chicago,United States,2022-11-18,2022-11-30,2022-12-01,1,Rail,BNSF Railway,Delayed,128,9568.0,1,0.77,medium,0.387
SHP-0516,SUP-005,PRD-013,WH-03,London,Italy,Toronto,Canada,2022-06-08,2022-06-14,2022-06-14,0,Sea,CMA CGM,Delivered,227,5902.0,0,0.3,low,0.094
SHP-0517,SUP-015,PRD-043,WH-02,Warsaw,Germany,Los Angeles,United States,2023-02-03,2023-02-09,2023-02-12,3,Sea,Maersk,Delayed,164,5313.6,1,0.7,medium,0.467
SHP-0518,SUP-010,PRD-028,WH-04,Chicago,Mexico,Houston,United States,2022-12-28,2022-12-31,2023-01-01,1,Rail,BNSF Railway,Delayed,42,115.5,1,0.22,medium,0.212
SHP-0519,SUP-036,PRD-106,WH-14,Nairobi,Kenya,Johannesburg,South Africa,2022-07-10,2022-07-30,2022-08-02,3,Sea,Maersk,Delayed,181,13032.0,1,0.88,medium,0.52
SHP-0520,SUP-049,PRD-146,WH-03,Los Angeles,Canada,Toronto,Canada,2023-11-10,2023-11-15,2023-11-15,0,Road,XPO Logistics,Delivered,277,10082.8,0,0.29,low,0.09
SHP-0521,SUP-013,PRD-037,WH-14,Singapore,Singapore,Johannesburg,South Africa,2022-03-18,2022-04-07,2022-04-07,0,Sea,CMA CGM,Delivered,67,4033.4,0,0.34,low,0.104
SHP-0522,SUP-020,PRD-058,WH-01,Seoul,Singapore,Chicago,United States,2024-10-24,2024-11-21,2024-11-21,0,Road,J.B. Hunt,Delivered,287,37869.65,0,0.33,low,0.103
SHP-0523,SUP-027,PRD-080,WH-07,Stockholm,Germany,London,United Kingdom,2023-08-19,2023-08-29,2023-08-29,0,Sea,CMA CGM,Delivered,416,19635.2,0,0.55,low,0.172
SHP-0524,SUP-021,PRD-061,WH-13,Seoul,Australia,Tokyo,Japan,2024-10-15,2024-11-12,2024-11-13,1,Air,DHL,Delayed,275,94600.0,1,0.68,medium,0.364
SHP-0525,SUP-026,PRD-076,WH-07,Lagos,South Africa,London,United Kingdom,2022-05-20,2022-06-10,2022-06-11,1,Air,FedEx,Delayed,152,7144.0,1,0.65,medium,0.346
SHP-0526,SUP-022,PRD-065,WH-08,Buenos Aires,Chile,Amsterdam,Netherlands,2022-09-11,2022-09-29,2022-09-29,0,Sea,MSC,Delivered,225,13995.0,0,0.17,low,0.054
SHP-0527,SUP-044,PRD-132,WH-05,Cairo,Nigeria,Berlin,Germany,2024-01-22,2024-02-12,2024-02-12,0,Air,DHL,Delivered,369,123984.0,0,0.17,low,0.055
SHP-0528,SUP-034,PRD-101,WH-14,Accra,South Africa,Johannesburg,South Africa,2022-04-27,2022-05-24,2022-05-24,0,Rail,Union Pacific,Cancelled,212,25599.0,0,0.7,low,0.222
SHP-0529,SUP-031,PRD-091,WH-04,Dallas,United States,Houston,United States,2024-08-04,2024-08-08,2024-08-12,4,Road,XPO Logistics,Delayed,63,4586.4,1,0.7,medium,0.505
SHP-0530,SUP-010,PRD-029,WH-11,Houston,Mexico,Santiago,Chile,2024-04-02,2024-04-05,2024-04-05,0,Rail,Union Pacific,Delivered,128,10400.0,0,0.26,low,0.079
SHP-0531,SUP-036,PRD-106,WH-07,Cairo,Kenya,London,United Kingdom,2022-03-20,2022-04-09,2022-04-09,0,Air,Emirates SkyCargo,Delivered,36,12960.0,0,0.95,low,0.306
SHP-0532,SUP-030,PRD-088,WH-04,Sydney,Japan,Houston,United States,2022-10-25,2022-11-12,2022-11-12,0,Sea,Maersk,Delivered,92,2208.0,0,0.67,low,0.214
SHP-0533,SUP-031,PRD-091,WH-09,Vancouver,United States,São Paulo,Brazil,2024-05-09,2024-05-13,2024-05-13,0,Road,XPO Logistics,Delivered,478,34798.4,0,0.92,low,0.291
SHP-0534,SUP-027,PRD-080,WH-07,Amsterdam,Germany,London,United Kingdom,2023-12-17,2023-12-27,2023-12-27,0,Sea,CMA CGM,Delivered,372,17558.4,0,0.59,low,0.184
SHP-0535,SUP-048,PRD-143,WH-03,Lima,Peru,Toronto,Canada,2024-03-07,2024-03-21,2024-03-21,0,Road,XPO Logistics,Delivered,59,9994.6,0,0.27,low,0.081
SHP-0536,SUP-042,PRD-126,WH-11,Bogotá,Peru,Santiago,Chile,2023-10-11,2023-10-24,2023-10-30,6,Rail,Union Pacific,Delayed,462,7738.5,1,0.44,high,0.512
SHP-0537,SUP-046,PRD-137,WH-03,Shanghai,India,Toronto,Canada,2024-07-11,2024-07-31,2024-07-31,0,Sea,CMA CGM,Delivered,316,7457.6,0,0.08,low,0.027
SHP-0538,SUP-019,PRD-057,WH-01,Santiago,Peru,Chicago,United States,2022-12-07,2022-12-20,2022-12-20,0,Sea,Maersk,Delivered,117,655.2,0,0.64,low,0.202
SHP-0539,SUP-041,PRD-121,WH-04,Jakarta,India,Houston,United States,2022-02-03,2022-02-22,2022-02-22,0,Road,XPO Logistics,Delivered,378,59799.6,0,0.2,low,0.063
SHP-0540,SUP-035,PRD-104,WH-12,Nairobi,Kenya,Singapore,Singapore,2023-12-23,2024-01-18,2024-01-18,0,Sea,MSC,Delivered,78,2652.0,0,0.33,low,0.102
SHP-0541,SUP-035,PRD-104,WH-08,Lagos,Kenya,Amsterdam,Netherlands,2022-11-30,2022-12-26,2022-12-26,0,Sea,CMA CGM,Delivered,372,12648.0,0,0.25,low,0.078
SHP-0542,SUP-044,PRD-131,WH-15,Johannesburg,Nigeria,Lagos,Nigeria,2022-12-28,2023-01-18,2023-01-18,0,Sea,CMA CGM,Delivered,494,790.4,0,0.21,low,0.067
SHP-0543,SUP-044,PRD-131,WH-14,Nairobi,Nigeria,Johannesburg,South Africa,2023-12-13,2024-01-03,2024-01-04,1,Rail,Union Pacific,Delayed,426,852.0,1,0.32,medium,0.245
SHP-0544,SUP-032,PRD-096,WH-12,Johannesburg,Kenya,Singapore,Singapore,2024-02-07,2024-03-12,2024-03-12,0,Air,Emirates SkyCargo,Delivered,155,37665.0,0,0.44,low,0.142
SHP-0545,SUP-032,PRD-096,WH-06,Johannesburg,Kenya,Paris,France,2022-10-26,2022-11-29,2022-12-04,5,Road,J.B. Hunt,Delayed,182,15479.1,1,0.45,medium,0.47
SHP-0546,SUP-041,PRD-122,WH-02,Sydney,India,Los Angeles,United States,2023-01-30,2023-02-18,2023-02-18,0,Air,Emirates SkyCargo,Delivered,239,76241.0,0,0.09,low,0.03
SHP-0547,SUP-044,PRD-131,WH-05,Cairo,Nigeria,Berlin,Germany,2023-10-14,2023-11-04,2023-11-04,0,Sea,Maersk,Delivered,383,612.8,0,0.29,low,0.091
SHP-0548,SUP-038,PRD-112,WH-08,Dallas,Canada,Amsterdam,Netherlands,2023-06-17,2023-06-20,2023-06-20,0,Sea,Maersk,Delivered,67,1179.2,0,0.06,low,0.02
SHP-0549,SUP-001,PRD-003,WH-05,Johannesburg,Nigeria,Berlin,Germany,2022-06-11,2022-07-07,2022-07-10,3,Rail,BNSF Railway,Delayed,343,32242.0,1,0.58,medium,0.419
SHP-0550,SUP-016,PRD-046,WH-06,Nairobi,Kenya,Paris,France,2023-02-01,2023-02-25,2023-03-07,10,Road,J.B. Hunt,Delayed,46,2093.0,1,0.73,high,0.781
SHP-0551,SUP-013,PRD-039,WH-12,Tokyo,Singapore,Singapore,Singapore,2022-08-16,2022-09-05,2022-09-05,0,Air,FedEx,Delivered,154,65450.0,0,0.32,low,0.098
SHP-0552,SUP-008,PRD-022,WH-05,New York,Mexico,Berlin,Germany,2023-03-02,2023-03-07,2023-03-07,0,Air,DHL,Delivered,269,4035.0,0,0.34,low,0.103
SHP-0553,SUP-007,PRD-019,WH-08,Dallas,Canada,Amsterdam,Netherlands,2024-02-08,2024-02-12,2024-02-12,0,Sea,Maersk,Delivered,112,9856.0,0,0.44,low,0.14
SHP-0554,SUP-016,PRD-048,WH-14,Johannesburg,Kenya,Johannesburg,South Africa,2023-12-04,2023-12-28,2023-12-28,0,Sea,CMA CGM,Delivered,22,1223.2,0,0.7,low,0.222
SHP-0555,SUP-050,PRD-149,WH-13,Mumbai,Japan,Tokyo,Japan,2022-03-02,2022-03-20,2022-03-30,10,Sea,Maersk,Delayed,35,469.0,1,0.75,high,0.792
SHP-0556,SUP-019,PRD-055,WH-11,Bogotá,Peru,Santiago,Chile,2023-07-15,2023-07-28,2023-07-28,0,Sea,CMA CGM,Delivered,353,10025.2,0,0.44,low,0.142
SHP-0557,SUP-050,PRD-149,WH-14,Sydney,Japan,Johannesburg,South Africa,2022-12-28,2023-01-15,2023-01-15,0,Sea,CMA CGM,Delivered,426,5708.4,0,0.88,low,0.281
SHP-0558,SUP-025,PRD-073,WH-01,Santiago,Brazil,Chicago,United States,2024-06-06,2024-06-18,2024-06-27,9,Road,J.B. Hunt,Delayed,216,31147.2,1,0.78,high,0.75
SHP-0559,SUP-041,PRD-122,WH-04,Tokyo,India,Houston,United States,2022-12-09,2022-12-28,2022-12-28,0,Air,Emirates SkyCargo,Delivered,291,92829.0,0,0.16,low,0.051
SHP-0560,SUP-003,PRD-007,WH-07,Stockholm,Italy,London,United Kingdom,2024-05-29,2024-06-03,2024-06-03,0,Air,Emirates SkyCargo,Delivered,210,78960.0,0,0.16,low,0.051
SHP-0561,SUP-026,PRD-076,WH-14,Nairobi,South Africa,Johannesburg,South Africa,2022-01-23,2022-02-13,2022-02-15,2,Air,DHL,Delayed,307,14429.0,1,0.37,medium,0.307
SHP-0562,SUP-024,PRD-072,WH-02,Mumbai,Indonesia,Los Angeles,United States,2022-07-30,2022-08-21,2022-08-21,0,Road,J.B. Hunt,Delivered,58,1461.6,0,0.82,low,0.264
SHP-0563,SUP-045,PRD-134,WH-03,Stockholm,Poland,Toronto,Canada,2023-10-18,2023-10-30,2023-10-30,0,Air,FedEx,Delivered,275,77275.0,0,0.06,low,0.022
SHP-0564,SUP-023,PRD-068,WH-13,Tokyo,India,Tokyo,Japan,2023-12-13,2024-01-05,2024-01-06,1,Air,Emirates SkyCargo,Delayed,22,5170.0,1,0.62,medium,0.341
SHP-0565,SUP-024,PRD-070,WH-14,Shanghai,Indonesia,Johannesburg,South Africa,2024-12-28,2025-01-19,2025-01-19,0,Sea,Maersk,In Transit,260,20592.0,0,0.68,low,0.222
SHP-0566,SUP-032,PRD-096,WH-07,Nairobi,Kenya,London,United Kingdom,2023-10-12,2023-11-15,2023-11-15,0,Sea,CMA CGM,Delivered,416,20217.6,0,0.44,low,0.142
SHP-0567,SUP-043,PRD-127,WH-14,Ho Chi Minh City,Australia,Johannesburg,South Africa,2024-07-19,2024-08-07,2024-08-07,0,Rail,Union Pacific,Delivered,500,51875.0,0,0.24,low,0.075
SHP-0568,SUP-003,PRD-007,WH-05,Berlin,Italy,Berlin,Germany,2022-10-12,2022-10-17,2022-10-17,0,Sea,CMA CGM,Delivered,390,29328.0,0,0.18,low,0.057
SHP-0569,SUP-015,PRD-043,WH-08,Stockholm,Germany,Amsterdam,Netherlands,2022-01-11,2022-01-17,2022-01-17,0,Road,XPO Logistics,Delivered,44,2494.8,0,0.93,low,0.301
SHP-0570,SUP-007,PRD-020,WH-10,Dallas,Canada,Bogotá,Colombia,2023-07-07,2023-07-11,2023-07-11,0,Road,XPO Logistics,Delivered,84,4410.0,0,0.45,low,0.143
SHP-0571,SUP-013,PRD-039,WH-14,Singapore,Singapore,Johannesburg,South Africa,2022-09-08,2022-09-28,2022-09-28,0,Sea,MSC,Delivered,163,13855.0,0,0.15,low,0.047
SHP-0572,SUP-049,PRD-146,WH-04,Los Angeles,Canada,Houston,United States,2023-06-25,2023-06-30,2023-06-30,0,Sea,Maersk,Delivered,357,7425.6,0,0.24,low,0.075
SHP-0573,SUP-018,PRD-054,WH-06,Paris,Poland,Paris,France,2024-10-09,2024-10-15,2024-10-16,1,Sea,MSC,Delayed,116,5637.6,1,0.5,medium,0.305
SHP-0574,SUP-027,PRD-079,WH-15,Stockholm,Germany,Lagos,Nigeria,2023-10-01,2023-10-11,2023-10-11,0,Road,J.B. Hunt,Delivered,74,12898.2,0,0.62,low,0.193
SHP-0575,SUP-019,PRD-056,WH-04,Santiago,Peru,Houston,United States,2024-11-17,2024-11-30,2024-12-01,1,Air,FedEx,Delayed,104,15808.0,1,0.56,medium,0.323
SHP-0576,SUP-041,PRD-123,WH-13,Seoul,India,Tokyo,Japan,2024-08-02,2024-08-21,2024-08-21,0,Air,FedEx,Delivered,115,37950.0,0,0.13,low,0.042
SHP-0577,SUP-036,PRD-108,WH-13,Nairobi,Kenya,Tokyo,Japan,2024-10-12,2024-11-01,2024-11-02,1,Sea,Maersk,Delayed,245,18326.0,1,0.73,medium,0.385
SHP-0578,SUP-009,PRD-025,WH-03,Warsaw,Poland,Toronto,Canada,2023-02-02,2023-02-12,2023-02-12,0,Road,J.B. Hunt,Delivered,331,24907.75,0,0.5,low,0.156
SHP-0579,SUP-033,PRD-097,WH-08,Chicago,Mexico,Amsterdam,Netherlands,2023-05-25,2023-05-29,2023-05-30,1,Air,FedEx,Delayed,142,66172.0,1,0.37,medium,0.264
SHP-0580,SUP-009,PRD-026,WH-08,Warsaw,Poland,Amsterdam,Netherlands,2024-03-13,2024-03-23,2024-03-28,5,Road,DB Schenker,Delayed,125,7175.0,1,0.4,medium,0.451
SHP-0581,SUP-018,PRD-053,WH-01,Madrid,Poland,Chicago,United States,2024-12-20,2024-12-26,2024-12-26,0,Sea,CMA CGM,In Transit,142,1732.4,0,0.4,low,0.13
SHP-0582,SUP-047,PRD-139,WH-03,Toronto,United States,Toronto,Canada,2023-11-12,2023-11-19,2023-11-19,0,Air,DHL,Delivered,361,28158.0,0,0.19,low,0.058
SHP-0583,SUP-027,PRD-079,WH-07,Madrid,Germany,London,United Kingdom,2022-12-12,2022-12-22,2022-12-22,0,Road,DB Schenker,Delivered,467,81398.1,0,0.42,low,0.133
SHP-0584,SUP-010,PRD-028,WH-01,Atlanta,Mexico,Chicago,United States,2023-04-13,2023-04-16,2023-04-16,0,Air,DHL,Delivered,71,781.0,0,0.14,low,0.043
SHP-0585,SUP-050,PRD-149,WH-15,Singapore,Japan,Lagos,Nigeria,2023-12-20,2024-01-07,2024-01-07,0,Sea,MSC,Delivered,254,3403.6,0,0.65,low,0.212
SHP-0586,SUP-028,PRD-083,WH-03,Lima,Colombia,Toronto,Canada,2024-12-24,2025-01-13,2025-01-13,0,Air,FedEx,In Transit,458,58166.0,0,0.42,low,0.133
SHP-0587,SUP-013,PRD-038,WH-15,Shanghai,Singapore,Lagos,Nigeria,2023-05-16,2023-06-05,2023-06-05,0,Sea,Maersk,Delivered,401,17243.0,0,0.08,low,0.026
SHP-0588,SUP-030,PRD-090,WH-13,Ho Chi Minh City,Japan,Tokyo,Japan,2024-07-09,2024-07-27,2024-07-27,0,Rail,Union Pacific,Delivered,474,49296.0,0,0.75,low,0.238
SHP-0589,SUP-042,PRD-125,WH-02,Bogotá,Peru,Los Angeles,United States,2024-12-11,2024-12-24,2024-12-24,0,Air,FedEx,In Transit,310,20770.0,0,0.64,low,0.202
SHP-0590,SUP-028,PRD-083,WH-10,São Paulo,Colombia,Bogotá,Colombia,2024-10-18,2024-11-07,2024-11-07,0,Air,Emirates SkyCargo,Delivered,96,12192.0,0,0.51,low,0.16
SHP-0591,SUP-024,PRD-072,WH-01,Ho Chi Minh City,Indonesia,Chicago,United States,2024-09-24,2024-10-16,2024-10-16,0,Air,FedEx,Cancelled,442,31824.0,0,0.83,low,0.267
SHP-0592,SUP-005,PRD-014,WH-01,Berlin,Italy,Chicago,United States,2024-05-31,2024-06-06,2024-06-06,0,Air,DHL,Delivered,199,48357.0,0,0.31,low,0.097
SHP-0593,SUP-038,PRD-114,WH-06,Toronto,Canada,Paris,France,2022-06-26,2022-06-29,2022-06-29,0,Road,DB Schenker,Delivered,319,14291.2,0,0.33,low,0.101
SHP-0594,SUP-024,PRD-070,WH-12,Singapore,Indonesia,Singapore,Singapore,2023-12-28,2024-01-19,2024-01-26,7,Sea,Maersk,Delayed,477,37778.4,1,0.73,high,0.652
SHP-0595,SUP-025,PRD-075,WH-02,Buenos Aires,Brazil,Los Angeles,United States,2024-06-11,2024-06-23,2024-06-29,6,Air,DHL,Delayed,233,69667.0,1,0.82,high,0.627
SHP-0596,SUP-025,PRD-074,WH-10,Bogotá,Brazil,Bogotá,Colombia,2024-08-02,2024-08-14,2024-08-28,14,Air,FedEx,Delayed,375,131250.0,1,0.74,high,0.783
SHP-0597,SUP-047,PRD-141,WH-10,Vancouver,United States,Bogotá,Colombia,2023-12-27,2024-01-03,2024-01-03,0,Sea,MSC,Delivered,256,11417.6,0,0.06,low,0.019
SHP-0598,SUP-041,PRD-121,WH-14,Tokyo,India,Johannesburg,South Africa,2022-10-15,2022-11-03,2022-11-03,0,Air,DHL,Delivered,317,143284.0,0,0.2,low,0.063
SHP-0599,SUP-011,PRD-033,WH-06,Lima,Brazil,Paris,France,2023-10-13,2023-10-24,2023-10-24,0,Sea,CMA CGM,Delivered,255,18309.0,0,0.6,low,0.19
SHP-0600,SUP-008,PRD-022,WH-09,Los Angeles,Mexico,São Paulo,Brazil,2023-11-14,2023-11-19,2023-11-19,0,Road,J.B. Hunt,Delivered,266,1396.5,0,0.26,low,0.079
SHP-0601,SUP-006,PRD-016,WH-07,Lima,Peru,London,United Kingdom,2022-04-19,2022-05-06,2022-05-11,5,Air,Emirates SkyCargo,Delayed,347,26372.0,1,0.91,medium,0.61
SHP-0602,SUP-025,PRD-075,WH-02,São Paulo,Brazil,Los Angeles,United States,2024-09-20,2024-10-02,2024-10-03,1,Road,J.B. Hunt,Delayed,69,7220.85,1,0.72,medium,0.372
SHP-0603,SUP-009,PRD-026,WH-05,Milan,Poland,Berlin,Germany,2022-11-13,2022-11-23,2022-11-23,0,Air,DHL,Delivered,450,73800.0,0,0.6,low,0.186
SHP-0604,SUP-022,PRD-066,WH-08,Santiago,Chile,Amsterdam,Netherlands,2022-09-10,2022-09-28,2022-09-28,0,Air,Emirates SkyCargo,Delivered,356,111428.0,0,0.12,low,0.039
SHP-0605,SUP-038,PRD-114,WH-06,Houston,Canada,Paris,France,2024-09-02,2024-09-05,2024-09-05,0,Air,Emirates SkyCargo,Delivered,272,34816.0,0,0.16,low,0.05
SHP-0606,SUP-023,PRD-068,WH-14,Tokyo,India,Johannesburg,South Africa,2024-08-08,2024-08-31,2024-08-31,0,Air,FedEx,Delivered,81,19035.0,0,0.52,low,0.166
SHP-0607,SUP-001,PRD-003,WH-07,Johannesburg,Nigeria,London,United Kingdom,2023-10-15,2023-11-10,2023-11-10,0,Sea,Maersk,Delivered,101,7595.2,0,0.46,low,0.148
SHP-0608,SUP-038,PRD-112,WH-10,Dallas,Canada,Bogotá,Colombia,2024-11-16,2024-11-19,2024-11-20,1,Sea,CMA CGM,Delayed,308,5420.8,1,0.15,medium,0.192
SHP-0609,SUP-049,PRD-145,WH-09,Atlanta,Canada,São Paulo,Brazil,2024-11-13,2024-11-18,2024-11-18,0,Road,XPO Logistics,Delivered,314,7033.6,0,0.26,low,0.081
SHP-0610,SUP-038,PRD-114,WH-06,Atlanta,Canada,Paris,France,2022-09-23,2022-09-26,2022-09-26,0,Road,J.B. Hunt,Delivered,336,15052.8,0,0.3,low,0.092
SHP-0611,SUP-006,PRD-016,WH-09,Buenos Aires,Peru,São Paulo,Brazil,2022-11-28,2022-12-15,2022-12-17,2,Road,J.B. Hunt,Delayed,427,11358.2,1,0.72,medium,0.418
SHP-0612,SUP-015,PRD-045,WH-03,Warsaw,Germany,Toronto,Canada,2023-10-02,2023-10-08,2023-10-08,0,Road,J.B. Hunt,Delivered,343,29772.4,0,0.9,low,0.292
SHP-0613,SUP-015,PRD-044,WH-06,Milan,Germany,Paris,France,2024-12-18,2024-12-24,2024-12-26,2,Sea,Maersk,Delayed,399,29925.0,1,0.7,medium,0.422
SHP-0614,SUP-039,PRD-115,WH-02,Chicago,Mexico,Los Angeles,United States,2022-10-12,2022-10-17,2022-10-17,0,Road,XPO Logistics,Delivered,194,5432.0,0,0.41,low,0.131
SHP-0615,SUP-049,PRD-147,WH-08,Vancouver,Canada,Amsterdam,Netherlands,2023-01-25,2023-01-30,2023-01-30,0,Sea,MSC,Delivered,202,18180.0,0,0.24,low,0.075
SHP-0616,SUP-041,PRD-121,WH-13,Singapore,India,Tokyo,Japan,2024-05-25,2024-06-13,2024-06-13,0,Sea,Maersk,Delivered,420,37968.0,0,0.21,low,0.066
SHP-0617,SUP-009,PRD-025,WH-04,Amsterdam,Poland,Houston,United States,2022-04-16,2022-04-26,2022-04-26,0,Sea,MSC,Delivered,492,21156.0,0,0.6,low,0.186
SHP-0618,SUP-030,PRD-090,WH-04,Tokyo,Japan,Houston,United States,2022-11-20,2022-12-08,2022-12-08,0,Sea,CMA CGM,Delivered,497,41350.4,0,0.83,low,0.262
SHP-0619,SUP-025,PRD-074,WH-07,São Paulo,Brazil,London,United Kingdom,2022-08-16,2022-08-28,2022-08-28,0,Road,XPO Logistics,Delivered,193,23642.5,0,0.78,low,0.245
SHP-0620,SUP-018,PRD-053,WH-05,London,Poland,Berlin,Germany,2023-02-23,2023-03-01,2023-03-01,0,Rail,BNSF Railway,Delivered,487,7426.75,0,0.61,low,0.193
SHP-0621,SUP-021,PRD-062,WH-13,Shanghai,Australia,Tokyo,Japan,2023-12-10,2024-01-07,2024-01-07,0,Sea,CMA CGM,Delivered,495,4356.0,0,0.67,low,0.216
SHP-0622,SUP-040,PRD-119,WH-07,Madrid,United Kingdom,London,United Kingdom,2023-12-08,2023-12-18,2023-12-18,0,Sea,Maersk,Delivered,30,1974.0,0,0.93,low,0.29
SHP-0623,SUP-003,PRD-007,WH-14,Warsaw,Italy,Johannesburg,South Africa,2022-02-07,2022-02-12,2022-02-13,1,Road,DB Schenker,Delayed,379,49876.4,1,0.18,medium,0.202
SHP-0624,SUP-012,PRD-034,WH-04,Paris,Spain,Houston,United States,2024-01-24,2024-01-31,2024-01-31,0,Rail,DB Cargo,Delivered,138,483.0,0,0.38,low,0.12
SHP-0625,SUP-001,PRD-001,WH-12,Accra,Nigeria,Singapore,Singapore,2022-04-04,2022-04-30,2022-05-03,3,Road,XPO Logistics,Delayed,49,4064.55,1,0.39,medium,0.362
SHP-0626,SUP-016,PRD-047,WH-14,Nairobi,Kenya,Johannesburg,South Africa,2023-12-18,2024-01-11,2024-01-26,15,Air,FedEx,Delayed,265,1590.0,1,0.85,high,0.817
SHP-0627,SUP-046,PRD-136,WH-13,Ho Chi Minh City,India,Tokyo,Japan,2023-02-26,2023-03-18,2023-03-18,0,Sea,Maersk,Delivered,247,1185.6,0,0.26,low,0.081
SHP-0628,SUP-029,PRD-087,WH-02,Buenos Aires,Colombia,Los Angeles,United States,2024-12-14,2024-12-24,2024-12-24,0,Sea,CMA CGM,In Transit,277,19334.6,0,0.38,low,0.124
SHP-0629,SUP-028,PRD-083,WH-07,Santiago,Colombia,London,United Kingdom,2022-12-08,2022-12-28,2022-12-30,2,Air,Emirates SkyCargo,Delayed,437,55499.0,1,0.59,medium,0.374
SHP-0630,SUP-004,PRD-010,WH-05,Vancouver,United States,Berlin,Germany,2022-11-09,2022-11-14,2022-11-14,0,Sea,Maersk,Delivered,50,2660.0,0,0.13,low,0.041
SHP-0631,SUP-043,PRD-128,WH-15,Shanghai,Australia,Lagos,Nigeria,2024-02-23,2024-03-13,2024-03-14,1,Air,FedEx,Delayed,292,127020.0,1,0.07,medium,0.169
SHP-0632,SUP-025,PRD-073,WH-06,Bogotá,Brazil,Paris,France,2022-02-23,2022-03-07,2022-03-07,0,Road,DB Schenker,Delivered,434,62582.8,0,0.88,low,0.275
SHP-0633,SUP-019,PRD-055,WH-03,Lima,Peru,Toronto,Canada,2024-06-07,2024-06-20,2024-06-20,0,Rail,DB Cargo,Delivered,433,15371.5,0,0.38,low,0.124
SHP-0634,SUP-030,PRD-090,WH-03,Singapore,Japan,Toronto,Canada,2024-05-18,2024-06-05,2024-06-10,5,Sea,CMA CGM,Delayed,493,41017.6,1,0.72,medium,0.554
SHP-0635,SUP-002,PRD-005,WH-07,Johannesburg,Ghana,London,United Kingdom,2023-05-27,2023-06-23,2023-06-25,2,Air,FedEx,Delayed,205,46740.0,1,0.43,medium,0.329
SHP-0636,SUP-022,PRD-066,WH-07,São Paulo,Chile,London,United Kingdom,2022-09-12,2022-09-30,2022-09-30,0,Road,XPO Logistics,Delivered,247,27058.85,0,0.19,low,0.06
SHP-0637,SUP-034,PRD-100,WH-13,Johannesburg,South Africa,Tokyo,Japan,2024-01-05,2024-02-01,2024-02-01,0,Air,DHL,Delivered,161,66171.0,0,0.92,low,0.288
SHP-0638,SUP-040,PRD-119,WH-06,Milan,United Kingdom,Paris,France,2023-11-28,2023-12-08,2023-12-09,1,Road,J.B. Hunt,Delayed,45,5181.75,1,0.72,medium,0.372
SHP-0639,SUP-045,PRD-133,WH-07,Milan,Poland,London,United Kingdom,2023-10-12,2023-10-24,2023-10-25,1,Air,Emirates SkyCargo,Delayed,152,8360.0,1,0.34,medium,0.251
SHP-0640,SUP-002,PRD-006,WH-08,Accra,Ghana,Amsterdam,Netherlands,2022-04-02,2022-04-29,2022-04-30,1,Sea,CMA CGM,Delayed,59,2926.4,1,0.42,medium,0.281
SHP-0641,SUP-026,PRD-078,WH-08,Cairo,South Africa,Amsterdam,Netherlands,2022-05-27,2022-06-17,2022-06-17,0,Air,FedEx,Delivered,330,29040.0,0,0.59,low,0.183
SHP-0642,SUP-027,PRD-080,WH-02,Milan,Germany,Los Angeles,United States,2023-08-26,2023-09-05,2023-09-06,1,Rail,BNSF Railway,Delayed,33,1947.0,1,0.38,medium,0.266
SHP-0643,SUP-019,PRD-056,WH-06,Lima,Peru,Paris,France,2023-12-06,2023-12-19,2023-12-19,0,Sea,CMA CGM,Delivered,36,1094.4,0,0.55,low,0.175
SHP-0644,SUP-013,PRD-038,WH-13,Tokyo,Singapore,Tokyo,Japan,2023-04-05,2023-04-25,2023-04-25,0,Sea,CMA CGM,Delivered,234,10062.0,0,0.21,low,0.065
SHP-0645,SUP-011,PRD-033,WH-09,Lima,Brazil,São Paulo,Brazil,2024-08-25,2024-09-05,2024-09-05,0,Sea,Maersk,Delivered,448,32166.4,0,0.52,low,0.166
SHP-0646,SUP-021,PRD-062,WH-02,Jakarta,Australia,Los Angeles,United States,2023-04-18,2023-05-16,2023-05-16,0,Air,Emirates SkyCargo,Delivered,470,20680.0,0,0.77,low,0.246
SHP-0647,SUP-007,PRD-020,WH-06,Los Angeles,Canada,Paris,France,2024-01-12,2024-01-16,2024-01-16,0,Sea,MSC,Delivered,137,4110.0,0,0.52,low,0.164
SHP-0648,SUP-011,PRD-033,WH-01,Santiago,Brazil,Chicago,United States,2022-10-10,2022-10-21,2022-10-21,0,Road,DB Schenker,Delivered,180,22617.0,0,0.39,low,0.127
SHP-0649,SUP-032,PRD-095,WH-05,Accra,Kenya,Berlin,Germany,2024-10-09,2024-11-12,2024-11-12,0,Road,XPO Logistics,Delivered,468,47502.0,0,0.49,low,0.157
SHP-0650,SUP-015,PRD-043,WH-03,Madrid,Germany,Toronto,Canada,2024-08-20,2024-08-26,2024-08-27,1,Road,XPO Logistics,Delayed,87,4932.9,1,0.8,medium,0.407
SHP-0651,SUP-039,PRD-116,WH-11,New York,Mexico,Santiago,Chile,2022-09-19,2022-09-24,2022-09-24,0,Road,XPO Logistics,Delivered,192,32323.2,0,0.62,low,0.194
SHP-0652,SUP-027,PRD-081,WH-15,Paris,Germany,Lagos,Nigeria,2023-11-28,2023-12-08,2023-12-08,0,Sea,MSC,Delivered,168,2721.6,0,0.58,low,0.181
SHP-0653,SUP-048,PRD-142,WH-11,Lima,Peru,Santiago,Chile,2024-11-09,2024-11-23,2024-11-25,2,Road,DB Schenker,Delayed,365,34875.75,1,0.24,medium,0.262
SHP-0654,SUP-030,PRD-089,WH-15,Seoul,Japan,Lagos,Nigeria,2024-11-07,2024-11-25,2024-11-25,0,Road,XPO Logistics,Delivered,172,2889.6,0,0.8,low,0.253
SHP-0655,SUP-005,PRD-015,WH-14,Warsaw,Italy,Johannesburg,South Africa,2023-08-08,2023-08-14,2023-08-14,0,Air,DHL,Delivered,41,4838.0,0,0.29,low,0.091
SHP-0656,SUP-050,PRD-150,WH-02,Sydney,Japan,Los Angeles,United States,2024-11-29,2024-12-17,2024-12-31,14,Air,DHL,Delayed,80,10640.0,1,0.74,high,0.789
SHP-0657,SUP-037,PRD-110,WH-08,London,Germany,Amsterdam,Netherlands,2023-08-14,2023-08-23,2023-08-29,6,Sea,MSC,Delayed,92,2999.2,1,0.68,high,0.594
SHP-0658,SUP-040,PRD-120,WH-07,Berlin,United Kingdom,London,United Kingdom,2022-03-23,2022-04-02,2022-04-02,0,Road,XPO Logistics,Cancelled,209,27284.95,0,0.71,low,0.224
SHP-0659,SUP-041,PRD-122,WH-15,Seoul,India,Lagos,Nigeria,2024-07-18,2024-08-06,2024-08-06,0,Road,XPO Logistics,Delivered,247,27577.55,0,0.32,low,0.099
SHP-0660,SUP-037,PRD-110,WH-06,London,Germany,Paris,France,2023-07-25,2023-08-03,2023-08-06,3,Road,J.B. Hunt,Delayed,58,3308.9,1,0.75,medium,0.48
SHP-0661,SUP-038,PRD-113,WH-09,Vancouver,Canada,São Paulo,Brazil,2024-11-16,2024-11-19,2024-11-19,0,Air,Emirates SkyCargo,Delivered,181,82717.0,0,0.32,low,0.098
SHP-0662,SUP-004,PRD-011,WH-02,New York,United States,Los Angeles,United States,2023-01-25,2023-01-30,2023-01-30,0,Road,XPO Logistics,Delivered,344,26728.8,0,0.24,low,0.074
SHP-0663,SUP-021,PRD-061,WH-14,Mumbai,Australia,Johannesburg,South Africa,2023-02-05,2023-03-05,2023-03-16,11,Air,DHL,Delayed,345,118680.0,1,0.91,high,0.838
SHP-0664,SUP-038,PRD-114,WH-04,Chicago,Canada,Houston,United States,2024-12-07,2024-12-10,2024-12-10,0,Air,Emirates SkyCargo,In Transit,154,19712.0,0,0.23,low,0.071
SHP-0665,SUP-044,PRD-132,WH-06,Nairobi,Nigeria,Paris,France,2024-09-18,2024-10-09,2024-10-09,0,Rail,DB Cargo,Delivered,468,39312.0,0,0.14,low,0.046
SHP-0666,SUP-037,PRD-110,WH-03,Stockholm,Germany,Toronto,Canada,2024-09-12,2024-09-21,2024-10-14,23,Road,DB Schenker,Delayed,248,14148.4,1,0.75,high,0.795
SHP-0667,SUP-046,PRD-137,WH-13,Seoul,India,Tokyo,Japan,2024-08-09,2024-08-29,2024-08-29,0,Air,FedEx,Delivered,380,44840.0,0,0.09,low,0.03
SHP-0668,SUP-036,PRD-107,WH-12,Lagos,Kenya,Singapore,Singapore,2022-03-01,2022-03-21,2022-04-05,15,Air,FedEx,Delayed,153,5355.0,1,0.85,high,0.826
SHP-0669,SUP-032,PRD-095,WH-13,Cairo,Kenya,Tokyo,Japan,2024-03-27,2024-04-30,2024-05-01,1,Air,Emirates SkyCargo,Delayed,439,127310.0,1,0.36,medium,0.263
SHP-0670,SUP-034,PRD-101,WH-06,Accra,South Africa,Paris,France,2022-12-08,2023-01-04,2023-01-14,10,Rail,BNSF Railway,Delayed,188,22701.0,1,0.69,high,0.769
SHP-0671,SUP-040,PRD-118,WH-05,Warsaw,United Kingdom,Berlin,Germany,2022-07-04,2022-07-14,2022-07-17,3,Air,DHL,Delayed,285,51300.0,1,0.71,medium,0.459
SHP-0672,SUP-039,PRD-115,WH-03,Dallas,Mexico,Toronto,Canada,2023-04-15,2023-04-20,2023-04-21,1,Sea,CMA CGM,Delayed,395,6320.0,1,0.42,medium,0.279
SHP-0673,SUP-002,PRD-004,WH-14,Accra,Ghana,Johannesburg,South Africa,2022-07-29,2022-08-25,2022-08-25,0,Air,FedEx,Delivered,174,2262.0,0,0.36,low,0.118
SHP-0674,SUP-044,PRD-132,WH-06,Johannesburg,Nigeria,Paris,France,2023-07-12,2023-08-02,2023-08-02,0,Sea,MSC,Delivered,87,5846.4,0,0.3,low,0.094
SHP-0675,SUP-023,PRD-067,WH-13,Tokyo,India,Tokyo,Japan,2024-10-30,2024-11-22,2024-11-22,0,Road,DB Schenker,Delivered,30,2898.0,0,0.35,low,0.115
SHP-0676,SUP-040,PRD-120,WH-07,Paris,United Kingdom,London,United Kingdom,2024-11-26,2024-12-06,2024-12-06,0,Sea,Maersk,Cancelled,71,5296.6,0,0.73,low,0.23
SHP-0677,SUP-045,PRD-135,WH-04,Warsaw,Poland,Houston,United States,2023-08-20,2023-09-01,2023-09-01,0,Sea,MSC,Delivered,267,12442.2,0,0.14,low,0.046
SHP-0678,SUP-048,PRD-144,WH-06,Buenos Aires,Peru,Paris,France,2023-12-13,2023-12-27,2023-12-27,0,Road,J.B. Hunt,Delivered,75,8400.0,0,0.19,low,0.057
SHP-0679,SUP-041,PRD-121,WH-14,Mumbai,India,Johannesburg,South Africa,2024-07-04,2024-07-23,2024-07-23,0,Sea,MSC,Delivered,93,8407.2,0,0.29,low,0.09
SHP-0680,SUP-008,PRD-022,WH-06,Toronto,Mexico,Paris,France,2023-03-02,2023-03-07,2023-03-07,0,Sea,Maersk,Delivered,226,678.0,0,0.23,low,0.07
SHP-0681,SUP-036,PRD-108,WH-06,Johannesburg,Kenya,Paris,France,2024-10-07,2024-10-27,2024-10-29,2,Air,FedEx,Delayed,372,139128.0,1,0.82,medium,0.457
SHP-0682,SUP-032,PRD-094,WH-07,Lagos,Kenya,London,United Kingdom,2024-09-27,2024-10-31,2024-11-03,3,Air,Emirates SkyCargo,Delayed,267,35778.0,1,0.5,medium,0.395
SHP-0683,SUP-050,PRD-150,WH-13,Tokyo,Japan,Tokyo,Japan,2024-05-21,2024-06-08,2024-06-17,9,Road,XPO Logistics,Delayed,121,5632.55,1,0.78,high,0.756
SHP-0684,SUP-010,PRD-028,WH-11,Vancouver,Mexico,Santiago,Chile,2022-12-16,2022-12-19,2022-12-19,0,Sea,Maersk,Delivered,403,886.6,0,0.31,low,0.094
SHP-0685,SUP-032,PRD-095,WH-14,Nairobi,Kenya,Johannesburg,South Africa,2022-08-29,2022-10-02,2022-10-09,7,Sea,CMA CGM,Delayed,185,10730.0,1,0.53,high,0.584
SHP-0686,SUP-029,PRD-087,WH-08,Buenos Aires,Colombia,Amsterdam,Netherlands,2022-10-17,2022-10-27,2022-10-30,3,Road,J.B. Hunt,Delayed,210,25651.5,1,0.51,medium,0.398
SHP-0687,SUP-022,PRD-065,WH-05,Buenos Aires,Chile,Berlin,Germany,2023-11-08,2023-11-26,2023-11-26,0,Road,XPO Logistics,Delivered,104,11320.4,0,0.21,low,0.066
SHP-0688,SUP-036,PRD-106,WH-08,Cairo,Kenya,Amsterdam,Netherlands,2022-10-10,2022-10-30,2022-10-31,1,Sea,Maersk,Delayed,51,3672.0,1,0.84,medium,0.418
SHP-0689,SUP-042,PRD-124,WH-10,Bogotá,Peru,Bogotá,Colombia,2023-04-08,2023-04-21,2023-04-22,1,Sea,MSC,Delayed,319,20671.2,1,0.57,medium,0.326
SHP-0690,SUP-029,PRD-087,WH-04,Bogotá,Colombia,Houston,United States,2022-10-24,2022-11-03,2022-11-04,1,Road,XPO Logistics,Delayed,428,52280.2,1,0.51,medium,0.308
SHP-0691,SUP-045,PRD-134,WH-02,Madrid,Poland,Los Angeles,United States,2022-10-07,2022-10-19,2022-10-20,1,Air,DHL,Delayed,263,73903.0,1,0.31,medium,0.242
SHP-0692,SUP-026,PRD-076,WH-14,Lagos,South Africa,Johannesburg,South Africa,2024-11-13,2024-12-04,2024-12-04,0,Sea,MSC,Delivered,187,1757.8,0,0.44,low,0.138
SHP-0693,SUP-011,PRD-031,WH-06,Santiago,Brazil,Paris,France,2024-02-12,2024-02-23,2024-02-23,0,Sea,CMA CGM,Delivered,182,8626.8,0,0.51,low,0.163
SHP-0694,SUP-043,PRD-127,WH-01,Ho Chi Minh City,Australia,Chicago,United States,2022-10-20,2022-11-08,2022-11-08,0,Sea,MSC,Delivered,375,31125.0,0,0.29,low,0.09
SHP-0695,SUP-047,PRD-139,WH-06,Dallas,United States,Paris,France,2023-12-15,2023-12-22,2023-12-22,0,Road,DB Schenker,Delivered,414,11302.2,0,0.25,low,0.076
SHP-0696,SUP-049,PRD-146,WH-04,Houston,Canada,Houston,United States,2024-02-23,2024-02-28,2024-02-28,0,Rail,DB Cargo,Delivered,246,6396.0,0,0.16,low,0.051
SHP-0697,SUP-017,PRD-049,WH-07,Nairobi,Egypt,London,United Kingdom,2022-07-12,2022-08-13,2022-08-13,0,Sea,Maersk,Delivered,330,14850.0,0,0.13,low,0.04
SHP-0698,SUP-045,PRD-134,WH-04,Warsaw,Poland,Houston,United States,2022-03-31,2022-04-12,2022-04-12,0,Sea,Maersk,Delivered,312,17534.4,0,0.3,low,0.094
SHP-0699,SUP-049,PRD-146,WH-07,Vancouver,Canada,London,United Kingdom,2024-10-01,2024-10-06,2024-10-06,0,Road,J.B. Hunt,Delivered,404,14705.6,0,0.21,low,0.066
SHP-0700,SUP-009,PRD-025,WH-02,Berlin,Poland,Los Angeles,United States,2022-11-10,2022-11-20,2022-11-20,0,Air,DHL,Delivered,62,13330.0,0,0.48,low,0.15
SHP-0701,SUP-011,PRD-031,WH-05,São Paulo,Brazil,Berlin,Germany,2023-10-06,2023-10-17,2023-10-19,2,Rail,DB Cargo,Delayed,355,21033.75,1,0.53,medium,0.359
SHP-0702,SUP-002,PRD-005,WH-08,Lagos,Ghana,Amsterdam,Netherlands,2024-01-21,2024-02-17,2024-02-17,0,Sea,CMA CGM,Delivered,362,16507.2,0,0.37,low,0.121
SHP-0703,SUP-017,PRD-051,WH-05,Nairobi,Egypt,Berlin,Germany,2022-11-20,2022-12-22,2022-12-23,1,Air,Emirates SkyCargo,Delayed,451,78023.0,1,0.3,medium,0.236
SHP-0704,SUP-001,PRD-002,WH-07,Accra,Nigeria,London,United Kingdom,2023-12-20,2024-01-15,2024-01-16,1,Road,XPO Logistics,Delayed,309,27902.7,1,0.63,medium,0.344
SHP-0705,SUP-008,PRD-022,WH-02,Toronto,Mexico,Los Angeles,United States,2024-12-01,2024-12-06,2024-12-06,0,Road,XPO Logistics,In Transit,346,1816.5,0,0.16,low,0.049
SHP-0706,SUP-007,PRD-021,WH-04,Atlanta,Canada,Houston,United States,2023-01-27,2023-01-31,2023-01-31,0,Sea,MSC,Delivered,381,30480.0,0,0.44,low,0.14
SHP-0707,SUP-023,PRD-067,WH-04,Sydney,India,Houston,United States,2023-04-08,2023-05-01,2023-05-02,1,Rail,Union Pacific,Delayed,377,26013.0,1,0.48,medium,0.299
SHP-0708,SUP-008,PRD-023,WH-10,New York,Mexico,Bogotá,Colombia,2023-12-16,2023-12-21,2023-12-21,0,Sea,CMA CGM,Delivered,371,6158.6,0,0.3,low,0.091
SHP-0709,SUP-004,PRD-012,WH-11,Toronto,United States,Santiago,Chile,2023-03-08,2023-03-13,2023-03-13,0,Road,J.B. Hunt,Delivered,427,67850.3,0,0.14,low,0.044
SHP-0710,SUP-027,PRD-081,WH-14,Madrid,Germany,Johannesburg,South Africa,2022-07-05,2022-07-15,2022-07-16,1,Sea,Maersk,Delayed,284,4600.8,1,0.55,medium,0.317
SHP-0711,SUP-016,PRD-047,WH-05,Cairo,Kenya,Berlin,Germany,2023-10-24,2023-11-17,2023-11-20,3,Air,Emirates SkyCargo,Delayed,73,438.0,1,0.84,medium,0.499
SHP-0712,SUP-001,PRD-001,WH-12,Cairo,Nigeria,Singapore,Singapore,2023-11-17,2023-12-13,2023-12-19,6,Air,FedEx,Delayed,176,41712.0,1,0.4,high,0.5
SHP-0713,SUP-040,PRD-118,WH-05,Milan,United Kingdom,Berlin,Germany,2024-07-23,2024-08-02,2024-08-02,0,Sea,Maersk,Delivered,149,5364.0,0,0.87,low,0.272
SHP-0714,SUP-043,PRD-128,WH-15,Sydney,Australia,Lagos,Nigeria,2022-12-04,2022-12-23,2022-12-23,0,Road,J.B. Hunt,Delivered,225,34256.25,0,0.23,low,0.072
SHP-0715,SUP-014,PRD-042,WH-11,Bogotá,Brazil,Santiago,Chile,2024-12-09,2024-12-25,2024-12-28,3,Road,XPO Logistics,Delayed,359,48752.2,1,0.15,medium,0.282
SHP-0716,SUP-005,PRD-013,WH-01,London,Italy,Chicago,United States,2023-12-10,2023-12-16,2023-12-16,0,Air,DHL,Delivered,357,46410.0,0,0.09,low,0.031
SHP-0717,SUP-015,PRD-044,WH-01,Paris,Germany,Chicago,United States,2022-11-03,2022-11-09,2022-11-09,0,Road,DB Schenker,Delivered,22,2887.5,0,0.79,low,0.259
SHP-0718,SUP-028,PRD-082,WH-05,Lima,Colombia,Berlin,Germany,2024-03-18,2024-04-07,2024-04-07,0,Road,DB Schenker,Delivered,381,26803.35,0,0.42,low,0.133
SHP-0719,SUP-009,PRD-026,WH-07,Stockholm,Poland,London,United Kingdom,2022-10-01,2022-10-11,2022-10-11,0,Sea,MSC,Delivered,439,14399.2,0,0.55,low,0.171
SHP-0720,SUP-033,PRD-099,WH-11,Los Angeles,Mexico,Santiago,Chile,2023-12-12,2023-12-16,2023-12-16,0,Road,J.B. Hunt,Delivered,33,4077.15,0,0.42,low,0.134
SHP-0721,SUP-043,PRD-127,WH-02,Jakarta,Australia,Los Angeles,United States,2024-01-12,2024-01-31,2024-01-31,0,Sea,MSC,Delivered,488,40504.0,0,0.07,low,0.024
SHP-0722,SUP-020,PRD-058,WH-15,Mumbai,Singapore,Lagos,Nigeria,2023-10-11,2023-11-08,2023-11-08,0,Air,DHL,Delivered,165,62205.0,0,0.14,low,0.046
SHP-0723,SUP-046,PRD-137,WH-12,Ho Chi Minh City,India,Singapore,Singapore,2023-12-17,2024-01-06,2024-01-06,0,Sea,Maersk,Delivered,197,4649.2,0,0.26,low,0.081
SHP-0724,SUP-009,PRD-027,WH-03,Berlin,Poland,Toronto,Canada,2022-11-26,2022-12-06,2022-12-06,0,Road,DB Schenker,Delivered,371,18179.0,0,0.49,low,0.153
SHP-0725,SUP-037,PRD-111,WH-03,Warsaw,Germany,Toronto,Canada,2022-04-22,2022-05-01,2022-05-08,7,Road,DB Schenker,Delayed,277,11924.85,1,0.76,high,0.663
SHP-0726,SUP-036,PRD-108,WH-08,Accra,Kenya,Amsterdam,Netherlands,2022-11-18,2022-12-08,2022-12-08,0,Air,DHL,Delivered,192,71808.0,0,0.93,low,0.3
SHP-0727,SUP-048,PRD-144,WH-02,Buenos Aires,Peru,Los Angeles,United States,2024-11-20,2024-12-04,2024-12-04,0,Road,DB Schenker,Delivered,242,27104.0,0,0.06,low,0.018
SHP-0728,SUP-024,PRD-070,WH-13,Singapore,Indonesia,Tokyo,Japan,2024-07-31,2024-08-22,2024-08-22,0,Air,FedEx,Delivered,365,144540.0,0,0.74,low,0.24
SHP-0729,SUP-003,PRD-009,WH-01,London,Italy,Chicago,United States,2023-08-24,2023-08-29,2023-08-30,1,Road,J.B. Hunt,Delayed,77,12370.05,1,0.16,medium,0.196
SHP-0730,SUP-004,PRD-012,WH-11,Houston,United States,Santiago,Chile,2022-12-25,2022-12-30,2022-12-31,1,Road,J.B. Hunt,Delayed,272,43220.8,1,0.18,medium,0.201
SHP-0731,SUP-023,PRD-068,WH-15,Mumbai,India,Lagos,Nigeria,2024-12-08,2024-12-31,2024-12-31,0,Air,FedEx,In Transit,210,49350.0,0,0.36,low,0.118
SHP-0732,SUP-043,PRD-129,WH-13,Sydney,Australia,Tokyo,Japan,2024-11-15,2024-12-04,2024-12-04,0,Air,Emirates SkyCargo,Delivered,403,151931.0,0,0.14,low,0.045
SHP-0733,SUP-031,PRD-091,WH-03,Atlanta,United States,Toronto,Canada,2022-06-12,2022-06-16,2022-06-17,1,Sea,MSC,Delayed,335,13936.0,1,0.8,medium,0.4
SHP-0734,SUP-021,PRD-063,WH-12,Jakarta,Australia,Singapore,Singapore,2023-11-24,2023-12-22,2023-12-22,0,Sea,Maersk,Delivered,329,19608.4,0,0.77,low,0.246
SHP-0735,SUP-016,PRD-048,WH-07,Nairobi,Kenya,London,United Kingdom,2022-01-11,2022-02-04,2022-02-07,3,Air,Emirates SkyCargo,Delayed,424,117872.0,1,0.94,medium,0.529
SHP-0736,SUP-026,PRD-076,WH-06,Lagos,South Africa,Paris,France,2022-02-07,2022-02-28,2022-03-02,2,Road,J.B. Hunt,Delayed,443,7287.35,1,0.49,medium,0.343
SHP-0737,SUP-032,PRD-096,WH-08,Accra,Kenya,Amsterdam,Netherlands,2024-03-07,2024-04-10,2024-04-10,0,Air,FedEx,Delivered,197,47871.0,0,0.6,low,0.19
SHP-0738,SUP-013,PRD-038,WH-15,Mumbai,Singapore,Lagos,Nigeria,2024-12-26,2025-01-15,2025-01-15,0,Sea,MSC,In Transit,226,9718.0,0,0.06,low,0.02
SHP-0739,SUP-041,PRD-121,WH-15,Jakarta,India,Lagos,Nigeria,2024-11-10,2024-11-29,2024-11-29,0,Air,Emirates SkyCargo,Delivered,259,117068.0,0,0.06,low,0.021
SHP-0740,SUP-044,PRD-132,WH-05,Accra,Nigeria,Berlin,Germany,2023-12-22,2024-01-12,2024-01-12,0,Sea,Maersk,Delivered,404,27148.8,0,0.34,low,0.106
SHP-0741,SUP-040,PRD-120,WH-04,Amsterdam,United Kingdom,Houston,United States,2024-02-08,2024-02-18,2024-02-24,6,Air,DHL,Delayed,128,47744.0,1,0.95,high,0.666
SHP-0742,SUP-041,PRD-122,WH-01,Seoul,India,Chicago,United States,2024-04-01,2024-04-20,2024-04-20,0,Air,Emirates SkyCargo,Delivered,162,51678.0,0,0.15,low,0.048
SHP-0743,SUP-029,PRD-087,WH-10,Bogotá,Colombia,Bogotá,Colombia,2024-10-25,2024-11-04,2024-11-04,0,Sea,MSC,Delivered,273,19055.4,0,0.58,low,0.184
SHP-0744,SUP-024,PRD-071,WH-01,Seoul,Indonesia,Chicago,United States,2024-03-30,2024-04-21,2024-04-23,2,Air,DHL,Delayed,216,12528.0,1,0.82,medium,0.454
SHP-0745,SUP-032,PRD-095,WH-12,Lagos,Kenya,Singapore,Singapore,2022-03-01,2022-04-04,2022-04-06,2,Rail,BNSF Railway,Delayed,312,22620.0,1,0.57,medium,0.371
SHP-0746,SUP-002,PRD-005,WH-06,Lagos,Ghana,Paris,France,2024-08-24,2024-09-20,2024-09-20,0,Air,Emirates SkyCargo,Delivered,472,107616.0,0,0.59,low,0.187
SHP-0747,SUP-030,PRD-090,WH-02,Seoul,Japan,Los Angeles,United States,2024-07-26,2024-08-13,2024-08-13,0,Rail,DB Cargo,Delivered,185,19240.0,0,0.69,low,0.22
SHP-0748,SUP-006,PRD-016,WH-01,Lima,Peru,Chicago,United States,2024-08-02,2024-08-19,2024-08-23,4,Air,FedEx,Delayed,276,20976.0,1,0.84,medium,0.544
SHP-0749,SUP-043,PRD-128,WH-01,Mumbai,Australia,Chicago,United States,2024-08-04,2024-08-23,2024-08-24,1,Sea,MSC,Delayed,463,40281.0,1,0.21,medium,0.211
SHP-0750,SUP-036,PRD-107,WH-15,Cairo,Kenya,Lagos,Nigeria,2023-06-17,2023-07-07,2023-07-15,8,Rail,BNSF Railway,Delayed,32,280.0,1,0.78,high,0.715
SHP-0751,SUP-049,PRD-145,WH-09,Dallas,Canada,São Paulo,Brazil,2022-03-23,2022-03-28,2022-03-28,0,Sea,CMA CGM,Delivered,245,3136.0,0,0.18,low,0.057
SHP-0752,SUP-011,PRD-031,WH-11,Bogotá,Brazil,Santiago,Chile,2022-08-17,2022-08-28,2022-08-31,3,Air,DHL,Delayed,427,101199.0,1,0.49,medium,0.392
SHP-0753,SUP-022,PRD-064,WH-03,São Paulo,Chile,Toronto,Canada,2024-07-27,2024-08-14,2024-08-14,0,Sea,MSC,Delivered,195,17706.0,0,0.14,low,0.045
SHP-0754,SUP-034,PRD-101,WH-13,Nairobi,South Africa,Tokyo,Japan,2023-07-18,2023-08-14,2023-08-14,0,Air,DHL,Delivered,470,227010.0,0,0.76,low,0.24
SHP-0755,SUP-029,PRD-087,WH-02,Bogotá,Colombia,Los Angeles,United States,2022-11-21,2022-12-01,2022-12-01,0,Sea,CMA CGM,Delivered,245,17101.0,0,0.55,low,0.175
SHP-0756,SUP-014,PRD-042,WH-11,Buenos Aires,Brazil,Santiago,Chile,2023-08-22,2023-09-07,2023-09-07,0,Sea,Maersk,Delivered,318,24676.8,0,0.14,low,0.044
SHP-0757,SUP-042,PRD-124,WH-02,Bogotá,Peru,Los Angeles,United States,2024-11-07,2024-11-20,2024-11-20,0,Rail,Union Pacific,Delivered,264,21384.0,0,0.54,low,0.172
SHP-0758,SUP-015,PRD-044,WH-07,Stockholm,Germany,London,United Kingdom,2024-12-07,2024-12-13,2024-12-27,14,Air,Emirates SkyCargo,Delayed,266,99750.0,1,0.7,high,0.782
SHP-0759,SUP-030,PRD-088,WH-13,Jakarta,Japan,Tokyo,Japan,2023-04-06,2023-04-24,2023-04-26,2,Road,J.B. Hunt,Delayed,120,5040.0,1,0.76,medium,0.431
SHP-0760,SUP-035,PRD-105,WH-14,Accra,Kenya,Johannesburg,South Africa,2023-04-13,2023-05-09,2023-05-09,0,Air,Emirates SkyCargo,Delivered,70,29820.0,0,0.34,low,0.105
SHP-0761,SUP-038,PRD-112,WH-09,Los Angeles,Canada,São Paulo,Brazil,2022-04-25,2022-04-28,2022-04-28,0,Sea,CMA CGM,Delivered,113,1988.8,0,0.26,low,0.08
SHP-0762,SUP-045,PRD-133,WH-08,Milan,Poland,Amsterdam,Netherlands,2022-12-30,2023-01-11,2023-01-12,1,Road,XPO Logistics,Delayed,400,7700.0,1,0.11,medium,0.182
SHP-0763,SUP-006,PRD-016,WH-06,Bogotá,Peru,Paris,France,2022-12-25,2023-01-11,2023-01-15,4,Road,DB Schenker,Delayed,424,11278.4,1,0.84,medium,0.544
SHP-0764,SUP-017,PRD-050,WH-15,Cairo,Egypt,Lagos,Nigeria,2022-06-20,2022-07-22,2022-07-23,1,Sea,MSC,Delayed,311,7588.4,1,0.05,medium,0.161
SHP-0765,SUP-033,PRD-097,WH-05,Houston,Mexico,Berlin,Germany,2024-07-23,2024-07-27,2024-07-28,1,Sea,CMA CGM,Delayed,110,10252.0,1,0.45,medium,0.288
SHP-0766,SUP-036,PRD-108,WH-07,Nairobi,Kenya,London,United Kingdom,2023-06-26,2023-07-16,2023-07-18,2,Air,FedEx,Delayed,77,28798.0,1,0.94,medium,0.493
SHP-0767,SUP-016,PRD-047,WH-14,Nairobi,Kenya,Johannesburg,South Africa,2024-11-09,2024-12-03,2024-12-04,1,Sea,MSC,Delayed,68,81.6,1,0.93,medium,0.436
SHP-0768,SUP-034,PRD-101,WH-05,Lagos,South Africa,Berlin,Germany,2022-08-11,2022-09-07,2022-09-11,4,Sea,Maersk,Delayed,370,35742.0,1,0.74,medium,0.514
SHP-0769,SUP-043,PRD-127,WH-01,Jakarta,Australia,Chicago,United States,2022-11-17,2022-12-06,2022-12-06,0,Sea,Maersk,Delivered,456,37848.0,0,0.1,low,0.033
SHP-0770,SUP-046,PRD-136,WH-04,Singapore,India,Houston,United States,2024-05-03,2024-05-23,2024-05-23,0,Rail,Union Pacific,Delivered,498,2988.0,0,0.31,low,0.096
SHP-0771,SUP-025,PRD-074,WH-11,Bogotá,Brazil,Santiago,Chile,2023-11-15,2023-11-27,2023-12-09,12,Sea,CMA CGM,Delayed,221,15470.0,1,0.88,high,0.825
SHP-0772,SUP-001,PRD-002,WH-14,Cairo,Nigeria,Johannesburg,South Africa,2023-12-26,2024-01-21,2024-01-21,0,Air,FedEx,Delivered,412,106296.0,0,0.43,low,0.139
SHP-0773,SUP-048,PRD-142,WH-01,Bogotá,Peru,Chicago,United States,2023-08-27,2023-09-10,2023-09-11,1,Sea,CMA CGM,Delayed,306,16707.6,1,0.27,medium,0.226
SHP-0774,SUP-019,PRD-057,WH-06,Santiago,Peru,Paris,France,2022-10-11,2022-10-24,2022-10-24,0,Rail,BNSF Railway,Delivered,260,1820.0,0,0.64,low,0.202
SHP-0775,SUP-004,PRD-012,WH-11,Vancouver,United States,Santiago,Chile,2023-05-27,2023-06-01,2023-06-01,0,Sea,Maersk,Delivered,48,4358.4,0,0.24,low,0.074
SHP-0776,SUP-023,PRD-069,WH-04,Singapore,India,Houston,United States,2022-12-03,2022-12-26,2022-12-26,0,Road,DB Schenker,Delivered,442,66521.0,0,0.4,low,0.13
SHP-0777,SUP-013,PRD-039,WH-03,Mumbai,Singapore,Toronto,Canada,2022-06-30,2022-07-20,2022-07-20,0,Sea,CMA CGM,Delivered,153,13005.0,0,0.22,low,0.068
SHP-0778,SUP-024,PRD-072,WH-12,Seoul,Indonesia,Singapore,Singapore,2022-05-20,2022-06-11,2022-06-11,0,Rail,Union Pacific,Delivered,483,8694.0,0,0.88,low,0.282
SHP-0779,SUP-050,PRD-148,WH-01,Jakarta,Japan,Chicago,United States,2023-11-07,2023-11-25,2023-11-25,0,Air,Emirates SkyCargo,Delivered,497,32802.0,0,0.66,low,0.215
SHP-0780,SUP-011,PRD-033,WH-04,Santiago,Brazil,Houston,United States,2024-03-22,2024-04-02,2024-04-02,0,Road,XPO Logistics,Delivered,487,61191.55,0,0.65,low,0.205
SHP-0781,SUP-029,PRD-085,WH-07,Santiago,Colombia,London,United Kingdom,2022-03-07,2022-03-17,2022-03-17,0,Sea,CMA CGM,Delivered,271,14092.0,0,0.43,low,0.139
SHP-0782,SUP-027,PRD-081,WH-06,Paris,Germany,Paris,France,2022-07-08,2022-07-18,2022-07-18,0,Sea,CMA CGM,Delivered,453,7338.6,0,0.61,low,0.19
SHP-0783,SUP-041,PRD-122,WH-02,Tokyo,India,Los Angeles,United States,2024-06-01,2024-06-20,2024-06-20,0,Rail,BNSF Railway,Delivered,97,7735.75,0,0.25,low,0.078
SHP-0784,SUP-007,PRD-019,WH-08,New York,Canada,Amsterdam,Netherlands,2024-07-18,2024-07-22,2024-07-22,0,Road,DB Schenker,Delivered,475,73150.0,0,0.36,low,0.116
SHP-0785,SUP-041,PRD-122,WH-12,Sydney,India,Singapore,Singapore,2023-11-05,2023-11-24,2023-11-24,0,Air,Emirates SkyCargo,Delivered,413,131747.0,0,0.15,low,0.048
SHP-0786,SUP-035,PRD-105,WH-06,Accra,Kenya,Paris,France,2023-12-28,2024-01-23,2024-01-23,0,Road,J.B. Hunt,Delivered,98,14611.8,0,0.11,low,0.036
SHP-0787,SUP-013,PRD-037,WH-03,Seoul,Singapore,Toronto,Canada,2024-10-25,2024-11-14,2024-11-14,0,Air,DHL,Delivered,187,56287.0,0,0.31,low,0.095
SHP-0788,SUP-020,PRD-060,WH-02,Mumbai,Singapore,Los Angeles,United States,2023-10-28,2023-11-25,2023-11-25,0,Road,XPO Logistics,Delivered,90,1827.0,0,0.31,low,0.097
SHP-0789,SUP-034,PRD-100,WH-12,Johannesburg,South Africa,Singapore,Singapore,2024-06-28,2024-07-25,2024-07-25,0,Air,FedEx,Delivered,224,92064.0,0,0.71,low,0.225
SHP-0790,SUP-030,PRD-090,WH-13,Tokyo,Japan,Tokyo,Japan,2022-12-25,2023-01-12,2023-01-18,6,Air,DHL,Delayed,81,33696.0,1,0.93,high,0.662
SHP-0791,SUP-050,PRD-150,WH-04,Jakarta,Japan,Houston,United States,2022-12-12,2022-12-30,2023-01-03,4,Air,FedEx,Delayed,431,57323.0,1,0.78,medium,0.531
SHP-0792,SUP-009,PRD-026,WH-02,Madrid,Poland,Los Angeles,United States,2022-05-14,2022-05-24,2022-05-24,0,Sea,CMA CGM,Delivered,63,2066.4,0,0.55,low,0.171
SHP-0793,SUP-030,PRD-089,WH-12,Ho Chi Minh City,Japan,Singapore,Singapore,2023-10-25,2023-11-12,2023-11-25,13,Air,Emirates SkyCargo,Delayed,99,4752.0,1,0.69,high,0.77
SHP-0794,SUP-036,PRD-106,WH-14,Accra,Kenya,Johannesburg,South Africa,2023-03-06,2023-03-26,2023-03-29,3,Air,DHL,Delayed,109,39240.0,1,0.93,medium,0.535
SHP-0795,SUP-013,PRD-039,WH-01,Jakarta,Singapore,Chicago,United States,2022-08-13,2022-09-02,2022-09-03,1,Sea,MSC,Delayed,485,41225.0,1,0.3,medium,0.237
SHP-0796,SUP-044,PRD-131,WH-14,Johannesburg,Nigeria,Johannesburg,South Africa,2023-11-11,2023-12-02,2023-12-03,1,Road,XPO Logistics,Delayed,487,1363.6,1,0.17,medium,0.2
SHP-0797,SUP-040,PRD-119,WH-15,London,United Kingdom,Lagos,Nigeria,2022-11-20,2022-11-30,2022-12-03,3,Sea,Maersk,Delayed,77,5066.6,1,0.94,medium,0.528
SHP-0798,SUP-035,PRD-104,WH-13,Lagos,Kenya,Tokyo,Japan,2022-01-02,2022-01-28,2022-01-28,0,Rail,DB Cargo,Delivered,185,7862.5,0,0.25,low,0.078
SHP-0799,SUP-029,PRD-087,WH-08,São Paulo,Colombia,Amsterdam,Netherlands,2024-09-05,2024-09-15,2024-09-15,0,Road,XPO Logistics,Delivered,132,16123.8,0,0.5,low,0.16
SHP-0800,SUP-013,PRD-037,WH-13,Tokyo,Singapore,Tokyo,Japan,2024-04-07,2024-04-27,2024-04-27,0,Air,FedEx,Delivered,114,34314.0,0,0.27,low,0.083
SHP-0801,SUP-025,PRD-074,WH-05,Lima,Brazil,Berlin,Germany,2024-11-30,2024-12-12,2025-01-11,30,Road,DB Schenker,Delayed,236,28910.0,1,0.76,high,0.789
SHP-0802,SUP-013,PRD-039,WH-12,Sydney,Singapore,Singapore,Singapore,2022-04-09,2022-04-29,2022-04-29,0,Air,Emirates SkyCargo,Delivered,37,15725.0,0,0.3,low,0.092
SHP-0803,SUP-021,PRD-061,WH-14,Jakarta,Australia,Johannesburg,South Africa,2022-01-24,2022-02-21,2022-02-23,2,Road,J.B. Hunt,Delayed,227,27330.8,1,0.79,medium,0.442
SHP-0804,SUP-019,PRD-056,WH-07,Bogotá,Peru,London,United Kingdom,2023-12-25,2024-01-07,2024-01-07,0,Sea,Maersk,Delivered,150,4560.0,0,0.45,low,0.145
SHP-0805,SUP-037,PRD-111,WH-04,Paris,Germany,Houston,United States,2023-12-03,2023-12-12,2023-12-12,0,Road,DB Schenker,Delivered,348,14981.4,0,0.66,low,0.218
SHP-0806,SUP-040,PRD-118,WH-06,Amsterdam,United Kingdom,Paris,France,2024-07-25,2024-08-04,2024-08-12,8,Sea,MSC,Delayed,243,8748.0,1,0.82,high,0.717
SHP-0807,SUP-008,PRD-024,WH-03,Dallas,Mexico,Toronto,Canada,2024-11-12,2024-11-17,2024-11-17,0,Road,XPO Logistics,Delivered,417,66261.3,0,0.06,low,0.019
SHP-0808,SUP-049,PRD-147,WH-10,Toronto,Canada,Bogotá,Colombia,2024-12-22,2024-12-27,2024-12-27,0,Road,DB Schenker,In Transit,296,46620.0,0,0.12,low,0.039
SHP-0809,SUP-039,PRD-115,WH-10,Toronto,Mexico,Bogotá,Colombia,2022-07-25,2022-07-30,2022-07-30,0,Road,XPO Logistics,Delivered,451,12628.0,0,0.63,low,0.197
SHP-0810,SUP-049,PRD-145,WH-06,Dallas,Canada,Paris,France,2023-02-19,2023-02-24,2023-02-24,0,Rail,Union Pacific,Delivered,219,3504.0,0,0.32,low,0.099
SHP-0811,SUP-032,PRD-095,WH-13,Nairobi,Kenya,Tokyo,Japan,2022-10-06,2022-11-09,2022-11-09,0,Air,DHL,Delivered,148,42920.0,0,0.56,low,0.178
SHP-0812,SUP-046,PRD-137,WH-02,Tokyo,India,Los Angeles,United States,2022-05-02,2022-05-22,2022-05-22,0,Sea,Maersk,Delivered,411,9699.6,0,0.34,low,0.105
SHP-0813,SUP-021,PRD-062,WH-01,Sydney,Australia,Chicago,United States,2024-03-11,2024-04-08,2024-04-11,3,Rail,DB Cargo,Delayed,477,5247.0,1,0.77,medium,0.481
SHP-0814,SUP-049,PRD-147,WH-07,Toronto,Canada,London,United Kingdom,2023-02-26,2023-03-03,2023-03-03,0,Road,XPO Logistics,Delivered,346,54495.0,0,0.09,low,0.03
SHP-0815,SUP-025,PRD-075,WH-10,Lima,Brazil,Bogotá,Colombia,2023-11-27,2023-12-09,2023-12-18,9,Air,Emirates SkyCargo,Delayed,194,58006.0,1,0.91,high,0.789
SHP-0816,SUP-004,PRD-011,WH-09,Los Angeles,United States,São Paulo,Brazil,2024-08-13,2024-08-18,2024-08-18,0,Road,DB Schenker,Delivered,408,31701.6,0,0.14,low,0.044
SHP-0817,SUP-039,PRD-115,WH-02,New York,Mexico,Los Angeles,United States,2023-05-10,2023-05-15,2023-05-15,0,Road,DB Schenker,Delivered,235,6580.0,0,0.37,low,0.119
SHP-0818,SUP-009,PRD-026,WH-01,Madrid,Poland,Chicago,United States,2024-11-06,2024-11-16,2024-11-16,0,Road,DB Schenker,Delivered,202,11594.8,0,0.37,low,0.117
SHP-0819,SUP-009,PRD-027,WH-04,Amsterdam,Poland,Houston,United States,2024-10-10,2024-10-20,2024-10-21,1,Sea,CMA CGM,Delayed,269,7532.0,1,0.52,medium,0.307
SHP-0820,SUP-041,PRD-122,WH-14,Shanghai,India,Johannesburg,South Africa,2022-08-09,2022-08-28,2022-08-28,0,Rail,BNSF Railway,Delivered,68,5423.0,0,0.09,low,0.03
SHP-0821,SUP-021,PRD-062,WH-14,Sydney,Australia,Johannesburg,South Africa,2022-03-23,2022-04-20,2022-04-20,0,Sea,CMA CGM,Delivered,39,343.2,0,0.93,low,0.294
SHP-0822,SUP-044,PRD-132,WH-12,Johannesburg,Nigeria,Singapore,Singapore,2023-03-19,2023-04-09,2023-04-11,2,Air,FedEx,Delayed,430,144480.0,1,0.06,medium,0.212
SHP-0823,SUP-035,PRD-104,WH-08,Nairobi,Kenya,Amsterdam,Netherlands,2023-12-23,2024-01-18,2024-01-18,0,Air,FedEx,Delivered,421,71570.0,0,0.06,low,0.021
SHP-0824,SUP-035,PRD-105,WH-07,Lagos,Kenya,London,United Kingdom,2023-03-05,2023-03-31,2023-03-31,0,Sea,CMA CGM,Delivered,225,19170.0,0,0.28,low,0.087
SHP-0825,SUP-015,PRD-044,WH-06,Stockholm,Germany,Paris,France,2023-12-22,2023-12-28,2023-12-28,0,Road,XPO Logistics,Delivered,182,23887.5,0,0.9,low,0.292
SHP-0826,SUP-009,PRD-027,WH-06,Warsaw,Poland,Paris,France,2023-10-03,2023-10-13,2023-10-13,0,Road,DB Schenker,Delivered,123,6027.0,0,0.43,low,0.135
SHP-0827,SUP-048,PRD-143,WH-03,Bogotá,Peru,Toronto,Canada,2024-06-15,2024-06-29,2024-06-29,0,Rail,Union Pacific,Delivered,28,3388.0,0,0.08,low,0.024
SHP-0828,SUP-042,PRD-125,WH-06,Lima,Peru,Paris,France,2023-08-30,2023-09-12,2023-09-12,0,Sea,CMA CGM,Delivered,58,777.2,0,0.41,low,0.133
SHP-0829,SUP-008,PRD-024,WH-07,Dallas,Mexico,London,United Kingdom,2023-12-12,2023-12-17,2023-12-17,0,Rail,DB Cargo,Delivered,452,51302.0,0,0.34,low,0.103
SHP-0830,SUP-024,PRD-072,WH-13,Jakarta,Indonesia,Tokyo,Japan,2023-04-06,2023-04-28,2023-05-03,5,Air,FedEx,Delayed,134,9648.0,1,0.9,medium,0.613
SHP-0831,SUP-019,PRD-055,WH-01,Santiago,Peru,Chicago,United States,2023-10-01,2023-10-14,2023-10-14,0,Sea,MSC,Delivered,232,6588.8,0,0.52,low,0.166
SHP-0832,SUP-041,PRD-121,WH-14,Seoul,India,Johannesburg,South Africa,2024-11-28,2024-12-17,2024-12-17,0,Sea,MSC,Delivered,402,36340.8,0,0.13,low,0.042
SHP-0833,SUP-029,PRD-086,WH-04,Bogotá,Colombia,Houston,United States,2024-01-17,2024-01-27,2024-01-27,0,Sea,MSC,Delivered,59,1215.4,0,0.64,low,0.202
SHP-0834,SUP-012,PRD-035,WH-08,London,Spain,Amsterdam,Netherlands,2022-07-17,2022-07-24,2022-07-24,0,Sea,MSC,Delivered,294,11701.2,0,0.44,low,0.138
SHP-0835,SUP-043,PRD-127,WH-04,Mumbai,Australia,Houston,United States,2024-08-10,2024-08-29,2024-08-29,0,Sea,MSC,Delivered,274,22742.0,0,0.23,low,0.072
SHP-0836,SUP-006,PRD-016,WH-09,Lima,Peru,São Paulo,Brazil,2024-07-07,2024-07-24,2024-07-26,2,Air,Emirates SkyCargo,Delayed,201,15276.0,1,0.67,medium,0.403
SHP-0837,SUP-049,PRD-146,WH-07,Atlanta,Canada,London,United Kingdom,2022-02-26,2022-03-03,2022-03-03,0,Road,XPO Logistics,Delivered,222,8080.8,0,0.11,low,0.036
SHP-0838,SUP-034,PRD-101,WH-07,Nairobi,South Africa,London,United Kingdom,2023-04-22,2023-05-19,2023-05-19,0,Air,Emirates SkyCargo,Delivered,368,177744.0,0,0.83,low,0.261
SHP-0839,SUP-001,PRD-003,WH-14,Nairobi,Nigeria,Johannesburg,South Africa,2022-09-03,2022-09-29,2022-09-30,1,Sea,Maersk,Delayed,395,29704.0,1,0.41,medium,0.278
SHP-0840,SUP-043,PRD-127,WH-01,Shanghai,Australia,Chicago,United States,2024-10-10,2024-10-29,2024-10-29,0,Air,DHL,Delivered,226,93790.0,0,0.22,low,0.069
SHP-0841,SUP-047,PRD-140,WH-11,Dallas,United States,Santiago,Chile,2023-10-04,2023-10-11,2023-10-11,0,Air,FedEx,Delivered,470,96350.0,0,0.13,low,0.04
SHP-0842,SUP-008,PRD-022,WH-09,Dallas,Mexico,São Paulo,Brazil,2024-12-03,2024-12-08,2024-12-08,0,Road,J.B. Hunt,In Transit,151,792.75,0,0.06,low,0.019
SHP-0843,SUP-043,PRD-127,WH-12,Jakarta,Australia,Singapore,Singapore,2024-10-01,2024-10-20,2024-10-20,0,Air,Emirates SkyCargo,Delivered,308,127820.0,0,0.16,low,0.051
SHP-0844,SUP-006,PRD-016,WH-01,Lima,Peru,Chicago,United States,2024-10-17,2024-11-03,2024-11-04,1,Road,XPO Logistics,Delayed,327,8698.2,1,0.76,medium,0.385
SHP-0845,SUP-016,PRD-047,WH-05,Accra,Kenya,Berlin,Germany,2022-11-01,2022-11-25,2022-11-25,0,Sea,CMA CGM,Delivered,474,568.8,0,0.94,low,0.294
SHP-0846,SUP-011,PRD-032,WH-02,São Paulo,Brazil,Los Angeles,United States,2023-12-16,2023-12-27,2023-12-27,0,Road,XPO Logistics,Delivered,480,21672.0,0,0.38,low,0.124
SHP-0847,SUP-017,PRD-051,WH-05,Accra,Egypt,Berlin,Germany,2023-11-22,2023-12-24,2023-12-24,0,Rail,BNSF Railway,Delivered,445,19246.25,0,0.17,low,0.052
SHP-0848,SUP-034,PRD-100,WH-15,Nairobi,South Africa,Lagos,Nigeria,2023-05-20,2023-06-16,2023-06-27,11,Sea,MSC,Delayed,50,4110.0,1,0.92,high,0.838
SHP-0849,SUP-036,PRD-108,WH-15,Accra,Kenya,Lagos,Nigeria,2022-07-06,2022-07-26,2022-07-31,5,Sea,MSC,Delayed,407,30443.6,1,0.81,medium,0.589
SHP-0850,SUP-018,PRD-053,WH-02,London,Poland,Los Angeles,United States,2024-07-06,2024-07-12,2024-07-14,2,Sea,MSC,Delayed,62,756.4,1,0.5,medium,0.35
SHP-0851,SUP-037,PRD-109,WH-02,Milan,Germany,Los Angeles,United States,2024-03-07,2024-03-16,2024-03-16,0,Road,J.B. Hunt,Delivered,48,856.8,0,0.81,low,0.263
SHP-0852,SUP-004,PRD-010,WH-02,Atlanta,United States,Los Angeles,United States,2022-12-22,2022-12-27,2022-12-27,0,Road,J.B. Hunt,Delivered,34,3165.4,0,0.06,low,0.02
SHP-0853,SUP-025,PRD-074,WH-01,Bogotá,Brazil,Chicago,United States,2022-04-18,2022-04-30,2022-05-03,3,Road,J.B. Hunt,Delayed,209,25602.5,1,0.85,medium,0.501
SHP-0854,SUP-004,PRD-010,WH-02,Vancouver,United States,Los Angeles,United States,2023-01-16,2023-01-21,2023-01-21,0,Air,DHL,Delivered,273,72618.0,0,0.11,low,0.035
SHP-0855,SUP-045,PRD-135,WH-05,Berlin,Poland,Berlin,Germany,2024-10-28,2024-11-09,2024-11-09,0,Rail,BNSF Railway,Delivered,436,25397.0,0,0.32,low,0.1
SHP-0856,SUP-027,PRD-079,WH-03,Amsterdam,Germany,Toronto,Canada,2024-02-01,2024-02-11,2024-02-11,0,Air,Emirates SkyCargo,Delivered,146,72708.0,0,0.54,low,0.169
SHP-0857,SUP-022,PRD-065,WH-08,Lima,Chile,Amsterdam,Netherlands,2024-12-28,2025-01-15,2025-01-15,0,Road,DB Schenker,In Transit,441,48002.85,0,0.17,low,0.054
SHP-0858,SUP-023,PRD-067,WH-15,Ho Chi Minh City,India,Lagos,Nigeria,2022-01-22,2022-02-14,2022-02-14,0,Sea,MSC,Delivered,85,4692.0,0,0.55,low,0.175
SHP-0859,SUP-020,PRD-058,WH-13,Tokyo,Singapore,Tokyo,Japan,2022-11-22,2022-12-20,2022-12-20,0,Sea,Maersk,Delivered,294,22167.6,0,0.15,low,0.049
SHP-0860,SUP-050,PRD-149,WH-14,Ho Chi Minh City,Japan,Johannesburg,South Africa,2023-08-10,2023-08-28,2023-08-29,1,Road,XPO Logistics,Delayed,64,1500.8,1,0.82,medium,0.408
SHP-0861,SUP-037,PRD-109,WH-07,Berlin,Germany,London,United Kingdom,2024-08-18,2024-08-27,2024-08-28,1,Air,Emirates SkyCargo,Delayed,432,22032.0,1,0.67,medium,0.366
SHP-0862,SUP-033,PRD-099,WH-10,Vancouver,Mexico,Bogotá,Colombia,2022-10-20,2022-10-24,2022-10-24,0,Road,J.B. Hunt,Delivered,498,61527.9,0,0.5,low,0.158
SHP-0863,SUP-017,PRD-049,WH-08,Johannesburg,Egypt,Amsterdam,Netherlands,2022-01-30,2022-03-03,2022-03-03,0,Rail,DB Cargo,Delivered,199,11193.75,0,0.19,low,0.058
SHP-0864,SUP-045,PRD-133,WH-03,Warsaw,Poland,Toronto,Canada,2022-11-10,2022-11-22,2022-11-22,0,Sea,Maersk,Delivered,114,1254.0,0,0.24,low,0.076
SHP-0865,SUP-027,PRD-081,WH-04,Berlin,Germany,Houston,United States,2022-12-17,2022-12-27,2022-12-28,1,Sea,MSC,Delayed,49,793.8,1,0.38,medium,0.266
SHP-0866,SUP-006,PRD-017,WH-06,Lima,Peru,Paris,France,2022-02-05,2022-02-22,2022-03-12,18,Air,DHL,Delayed,370,76960.0,1,0.72,high,0.778
SHP-0867,SUP-030,PRD-088,WH-12,Sydney,Japan,Singapore,Singapore,2022-09-03,2022-09-21,2022-09-21,0,Sea,Maersk,Delivered,352,8448.0,0,0.9,low,0.283
SHP-0868,SUP-036,PRD-108,WH-12,Nairobi,Kenya,Singapore,Singapore,2024-03-03,2024-03-23,2024-03-31,8,Air,Emirates SkyCargo,Delayed,252,94248.0,1,0.79,high,0.718
SHP-0869,SUP-014,PRD-041,WH-06,Bogotá,Brazil,Paris,France,2024-12-06,2024-12-22,2024-12-22,0,Sea,MSC,In Transit,471,34571.4,0,0.1,low,0.032
SHP-0870,SUP-050,PRD-148,WH-14,Ho Chi Minh City,Japan,Johannesburg,South Africa,2022-10-22,2022-11-09,2022-11-12,3,Rail,Union Pacific,Delayed,84,1386.0,1,0.9,medium,0.522
SHP-0871,SUP-028,PRD-082,WH-04,Santiago,Colombia,Houston,United States,2024-05-05,2024-05-25,2024-05-25,0,Rail,Union Pacific,Delivered,206,10351.5,0,0.45,low,0.142
SHP-0872,SUP-046,PRD-137,WH-01,Mumbai,India,Chicago,United States,2022-12-07,2022-12-27,2022-12-27,0,Road,J.B. Hunt,Delivered,206,8507.8,0,0.32,low,0.099
SHP-0873,SUP-040,PRD-119,WH-02,Madrid,United Kingdom,Los Angeles,United States,2023-03-14,2023-03-24,2023-03-29,5,Rail,BNSF Railway,Delayed,231,18999.75,1,0.67,medium,0.537
SHP-0874,SUP-019,PRD-056,WH-06,Buenos Aires,Peru,Paris,France,2024-02-27,2024-03-11,2024-03-19,8,Air,DHL,Delayed,217,32984.0,1,0.52,high,0.626
SHP-0875,SUP-015,PRD-044,WH-15,London,Germany,Lagos,Nigeria,2024-04-03,2024-04-09,2024-04-09,0,Sea,Maersk,Delivered,464,34800.0,0,0.87,low,0.283
SHP-0876,SUP-037,PRD-110,WH-15,Berlin,Germany,Lagos,Nigeria,2022-07-18,2022-07-27,2022-07-28,1,Air,DHL,Delayed,180,29340.0,1,0.93,medium,0.444
SHP-0877,SUP-028,PRD-082,WH-11,Buenos Aires,Colombia,Santiago,Chile,2023-09-22,2023-10-12,2023-10-19,7,Road,DB Schenker,Delayed,263,18502.05,1,0.45,high,0.557
SHP-0878,SUP-015,PRD-044,WH-01,Paris,Germany,Chicago,United States,2022-11-24,2022-11-30,2022-11-30,0,Sea,CMA CGM,Delivered,486,36450.0,0,0.84,low,0.274
SHP-0879,SUP-014,PRD-042,WH-06,Santiago,Brazil,Paris,France,2023-07-30,2023-08-15,2023-08-15,0,Rail,BNSF Railway,Delivered,95,9215.0,0,0.32,low,0.098
SHP-0880,SUP-009,PRD-025,WH-07,Warsaw,Poland,London,United Kingdom,2024-08-26,2024-09-05,2024-09-06,1,Road,DB Schenker,Delayed,496,37324.0,1,0.48,medium,0.295
SHP-0881,SUP-041,PRD-121,WH-15,Shanghai,India,Lagos,Nigeria,2024-10-04,2024-10-23,2024-10-23,0,Sea,MSC,Delivered,63,5695.2,0,0.32,low,0.099
SHP-0882,SUP-006,PRD-016,WH-11,Lima,Peru,Santiago,Chile,2023-09-07,2023-09-24,2023-09-24,0,Rail,BNSF Railway,Delivered,120,2280.0,0,0.94,low,0.294
SHP-0883,SUP-026,PRD-077,WH-15,Nairobi,South Africa,Lagos,Nigeria,2024-10-10,2024-10-31,2024-11-06,6,Sea,Maersk,Delayed,206,15779.6,1,0.61,high,0.559
SHP-0884,SUP-017,PRD-051,WH-07,Accra,Egypt,London,United Kingdom,2022-02-18,2022-03-22,2022-03-22,0,Air,DHL,Delivered,378,65394.0,0,0.14,low,0.043
SHP-0885,SUP-034,PRD-101,WH-08,Johannesburg,South Africa,Amsterdam,Netherlands,2023-07-13,2023-08-09,2023-08-09,0,Air,Emirates SkyCargo,Delivered,36,17388.0,0,0.69,low,0.219
SHP-0886,SUP-044,PRD-130,WH-14,Nairobi,Nigeria,Johannesburg,South Africa,2023-11-13,2023-12-04,2023-12-05,1,Sea,MSC,Delayed,207,20037.6,1,0.29,medium,0.236
SHP-0887,SUP-033,PRD-098,WH-10,Toronto,Mexico,Bogotá,Colombia,2023-12-11,2023-12-15,2023-12-15,0,Road,DB Schenker,Delivered,164,11020.8,0,0.43,low,0.137
SHP-0888,SUP-034,PRD-102,WH-15,Nairobi,South Africa,Lagos,Nigeria,2024-11-08,2024-12-05,2024-12-05,0,Air,DHL,Cancelled,144,37872.0,0,0.67,low,0.213
SHP-0889,SUP-029,PRD-085,WH-11,Lima,Colombia,Santiago,Chile,2023-05-01,2023-05-11,2023-05-11,0,Air,DHL,Delivered,397,103220.0,0,0.59,low,0.187
SHP-0890,SUP-044,PRD-130,WH-05,Accra,Nigeria,Berlin,Germany,2024-08-01,2024-08-22,2024-08-22,0,Sea,CMA CGM,Delivered,82,7937.6,0,0.07,low,0.025
SHP-0891,SUP-012,PRD-034,WH-06,London,Spain,Paris,France,2022-07-07,2022-07-14,2022-07-15,1,Road,XPO Logistics,Delayed,45,220.5,1,0.57,medium,0.322
SHP-0892,SUP-030,PRD-089,WH-02,Singapore,Japan,Los Angeles,United States,2023-02-09,2023-02-27,2023-03-07,8,Road,J.B. Hunt,Delayed,462,7761.6,1,0.91,high,0.746
SHP-0893,SUP-034,PRD-100,WH-14,Johannesburg,South Africa,Johannesburg,South Africa,2022-12-27,2023-01-23,2023-01-23,0,Rail,BNSF Railway,Delivered,116,11919.0,0,0.86,low,0.27
SHP-0894,SUP-048,PRD-142,WH-01,Buenos Aires,Peru,Chicago,United States,2023-10-21,2023-11-04,2023-11-04,0,Sea,MSC,Delivered,345,18837.0,0,0.3,low,0.09
SHP-0895,SUP-024,PRD-072,WH-14,Ho Chi Minh City,Indonesia,Johannesburg,South Africa,2023-03-23,2023-04-14,2023-04-14,0,Sea,CMA CGM,Delivered,475,6840.0,0,0.94,low,0.3
SHP-0896,SUP-022,PRD-065,WH-11,São Paulo,Chile,Santiago,Chile,2023-12-02,2023-12-20,2023-12-20,0,Road,XPO Logistics,Delivered,365,39730.25,0,0.28,low,0.087
SHP-0897,SUP-049,PRD-146,WH-01,Los Angeles,Canada,Chicago,United States,2023-10-15,2023-10-20,2023-10-20,0,Rail,Union Pacific,Delivered,377,9802.0,0,0.25,low,0.078
SHP-0898,SUP-047,PRD-139,WH-07,Atlanta,United States,London,United Kingdom,2023-10-16,2023-10-23,2023-10-23,0,Road,DB Schenker,Delivered,209,5705.7,0,0.2,low,0.061
SHP-0899,SUP-037,PRD-110,WH-14,Amsterdam,Germany,Johannesburg,South Africa,2023-04-13,2023-04-22,2023-04-25,3,Sea,MSC,Delayed,257,8378.2,1,0.91,medium,0.528
SHP-0900,SUP-035,PRD-104,WH-05,Lagos,Kenya,Berlin,Germany,2024-02-29,2024-03-26,2024-03-27,1,Air,Emirates SkyCargo,Delayed,96,16320.0,1,0.17,medium,0.199
SHP-0901,SUP-002,PRD-005,WH-05,Lagos,Ghana,Berlin,Germany,2022-11-16,2022-12-13,2022-12-14,1,Air,FedEx,Delayed,101,23028.0,1,0.44,medium,0.287
SHP-0902,SUP-040,PRD-119,WH-08,Amsterdam,United Kingdom,Amsterdam,Netherlands,2024-09-23,2024-10-03,2024-10-06,3,Sea,CMA CGM,Delayed,50,3290.0,1,0.76,medium,0.474
SHP-0903,SUP-010,PRD-028,WH-10,Vancouver,Mexico,Bogotá,Colombia,2024-11-26,2024-11-29,2024-11-29,0,Sea,MSC,Delivered,343,754.6,0,0.1,low,0.031
SHP-0904,SUP-044,PRD-131,WH-12,Accra,Nigeria,Singapore,Singapore,2022-09-07,2022-09-28,2022-09-28,0,Air,FedEx,Delivered,433,3464.0,0,0.26,low,0.082
SHP-0905,SUP-011,PRD-032,WH-07,Santiago,Brazil,London,United Kingdom,2023-11-08,2023-11-19,2023-11-20,1,Sea,MSC,Delayed,344,8875.2,1,0.62,medium,0.341
SHP-0906,SUP-036,PRD-107,WH-08,Accra,Kenya,Amsterdam,Netherlands,2023-11-10,2023-11-30,2023-12-16,16,Road,J.B. Hunt,Delayed,486,5953.5,1,0.72,high,0.787
SHP-0907,SUP-042,PRD-126,WH-01,Buenos Aires,Peru,Chicago,United States,2024-09-27,2024-10-10,2024-10-10,0,Sea,Maersk,Delivered,216,2894.4,0,0.58,low,0.184
SHP-0908,SUP-044,PRD-131,WH-15,Accra,Nigeria,Lagos,Nigeria,2024-10-02,2024-10-23,2024-10-23,0,Rail,BNSF Railway,Delivered,156,312.0,0,0.07,low,0.025
SHP-0909,SUP-030,PRD-088,WH-03,Seoul,Japan,Toronto,Canada,2024-01-16,2024-02-03,2024-02-04,1,Air,Emirates SkyCargo,Delayed,267,32040.0,1,0.82,medium,0.404
SHP-0910,SUP-023,PRD-068,WH-15,Jakarta,India,Lagos,Nigeria,2023-02-14,2023-03-09,2023-03-09,0,Rail,BNSF Railway,Delivered,329,19328.75,0,0.39,low,0.127
SHP-0911,SUP-049,PRD-145,WH-04,Atlanta,Canada,Houston,United States,2023-05-24,2023-05-29,2023-05-29,0,Road,XPO Logistics,Delivered,172,3852.8,0,0.13,low,0.042
SHP-0912,SUP-013,PRD-038,WH-12,Shanghai,Singapore,Singapore,Singapore,2023-10-15,2023-11-04,2023-11-04,0,Sea,CMA CGM,Delivered,247,10621.0,0,0.28,low,0.086
SHP-0913,SUP-010,PRD-029,WH-05,Atlanta,Mexico,Berlin,Germany,2023-02-10,2023-02-13,2023-02-13,0,Air,DHL,Delivered,185,60125.0,0,0.34,low,0.103
SHP-0914,SUP-011,PRD-031,WH-03,Lima,Brazil,Toronto,Canada,2024-09-04,2024-09-15,2024-09-18,3,Road,J.B. Hunt,Delayed,242,20073.9,1,0.54,medium,0.407
SHP-0915,SUP-031,PRD-091,WH-10,Chicago,United States,Bogotá,Colombia,2023-08-03,2023-08-07,2023-08-07,0,Sea,CMA CGM,Delivered,387,16099.2,0,0.86,low,0.273
SHP-0916,SUP-037,PRD-109,WH-06,London,Germany,Paris,France,2022-11-07,2022-11-16,2022-11-17,1,Air,FedEx,Delayed,202,10302.0,1,0.75,medium,0.39
SHP-0917,SUP-032,PRD-095,WH-15,Cairo,Kenya,Lagos,Nigeria,2024-03-31,2024-05-04,2024-05-04,0,Sea,MSC,Delivered,375,21750.0,0,0.4,low,0.13
SHP-0918,SUP-008,PRD-022,WH-05,Toronto,Mexico,Berlin,Germany,2022-08-25,2022-08-30,2022-08-30,0,Sea,Maersk,Delivered,350,1050.0,0,0.26,low,0.079
SHP-0919,SUP-003,PRD-007,WH-08,Milan,Italy,Amsterdam,Netherlands,2022-10-28,2022-11-02,2022-11-02,0,Sea,MSC,Delivered,407,30606.4,0,0.24,low,0.075
SHP-0920,SUP-031,PRD-091,WH-06,Atlanta,United States,Paris,France,2024-10-05,2024-10-09,2024-10-17,8,Air,DHL,Delayed,321,66768.0,1,0.66,high,0.673
SHP-0921,SUP-020,PRD-060,WH-15,Shanghai,Singapore,Lagos,Nigeria,2023-12-17,2024-01-14,2024-01-14,0,Sea,MSC,Delivered,280,3248.0,0,0.32,low,0.1
SHP-0922,SUP-015,PRD-044,WH-08,London,Germany,Amsterdam,Netherlands,2022-01-16,2022-01-22,2022-01-22,0,Road,J.B. Hunt,Delivered,218,28612.5,0,0.7,low,0.232
SHP-0923,SUP-018,PRD-054,WH-01,Stockholm,Poland,Chicago,United States,2023-02-05,2023-02-11,2023-02-12,1,Sea,Maersk,Delayed,248,12052.8,1,0.53,medium,0.314
SHP-0924,SUP-045,PRD-135,WH-14,Warsaw,Poland,Johannesburg,South Africa,2022-11-26,2022-12-08,2022-12-08,0,Rail,DB Cargo,Delivered,122,7106.5,0,0.28,low,0.088
SHP-0925,SUP-050,PRD-150,WH-03,Mumbai,Japan,Toronto,Canada,2023-09-14,2023-10-02,2023-10-08,6,Rail,Union Pacific,Delayed,131,4355.75,1,0.8,high,0.627
SHP-0926,SUP-025,PRD-073,WH-01,Buenos Aires,Brazil,Chicago,United States,2023-11-15,2023-11-27,2023-12-17,20,Sea,MSC,Delayed,328,27027.2,1,0.88,high,0.825
SHP-0927,SUP-037,PRD-110,WH-14,Madrid,Germany,Johannesburg,South Africa,2022-10-28,2022-11-06,2022-11-06,0,Sea,Maersk,Cancelled,175,5705.0,0,0.78,low,0.254
SHP-0928,SUP-049,PRD-147,WH-03,Los Angeles,Canada,Toronto,Canada,2022-04-20,2022-04-25,2022-04-25,0,Rail,BNSF Railway,Delivered,468,52650.0,0,0.16,low,0.051
SHP-0929,SUP-023,PRD-068,WH-12,Ho Chi Minh City,India,Singapore,Singapore,2022-03-13,2022-04-05,2022-04-05,0,Air,DHL,Delivered,81,19035.0,0,0.63,low,0.199
SHP-0930,SUP-050,PRD-150,WH-12,Singapore,Japan,Singapore,Singapore,2022-12-24,2023-01-11,2023-01-12,1,Rail,BNSF Railway,Delayed,375,12468.75,1,0.82,medium,0.408
SHP-0931,SUP-023,PRD-067,WH-15,Tokyo,India,Lagos,Nigeria,2022-11-10,2022-12-03,2022-12-04,1,Sea,Maersk,Delayed,274,15124.8,1,0.48,medium,0.299
SHP-0932,SUP-035,PRD-104,WH-05,Johannesburg,Kenya,Berlin,Germany,2022-04-01,2022-04-27,2022-04-27,0,Rail,BNSF Railway,Delivered,164,6970.0,0,0.27,low,0.084
SHP-0933,SUP-018,PRD-053,WH-05,Madrid,Poland,Berlin,Germany,2023-10-21,2023-10-27,2023-10-29,2,Road,J.B. Hunt,Delayed,379,8091.65,1,0.5,medium,0.35
SHP-0934,SUP-020,PRD-060,WH-12,Ho Chi Minh City,Singapore,Singapore,Singapore,2023-11-27,2023-12-25,2023-12-25,0,Air,Emirates SkyCargo,Delivered,481,27898.0,0,0.16,low,0.052
SHP-0935,SUP-040,PRD-120,WH-07,Stockholm,United Kingdom,London,United Kingdom,2023-12-12,2023-12-22,2023-12-28,6,Rail,Union Pacific,Delayed,95,8858.75,1,0.89,high,0.648
SHP-0936,SUP-050,PRD-149,WH-14,Jakarta,Japan,Johannesburg,South Africa,2023-10-11,2023-10-29,2023-10-29,0,Sea,CMA CGM,Delivered,461,6177.4,0,0.85,low,0.272
SHP-0937,SUP-004,PRD-011,WH-06,Toronto,United States,Paris,France,2023-12-01,2023-12-06,2023-12-06,0,Road,XPO Logistics,Delivered,455,35353.5,0,0.29,low,0.089
SHP-0938,SUP-012,PRD-034,WH-03,Paris,Spain,Toronto,Canada,2024-05-08,2024-05-15,2024-05-15,0,Sea,CMA CGM,Delivered,73,204.4,0,0.52,low,0.162
SHP-0939,SUP-022,PRD-066,WH-08,Buenos Aires,Chile,Amsterdam,Netherlands,2023-04-10,2023-04-28,2023-04-28,0,Sea,MSC,Delivered,394,24664.4,0,0.3,low,0.093
SHP-0940,SUP-029,PRD-087,WH-04,Lima,Colombia,Houston,United States,2023-12-14,2023-12-24,2023-12-24,0,Rail,DB Cargo,Delivered,347,30275.75,0,0.54,low,0.172
SHP-0941,SUP-014,PRD-042,WH-01,São Paulo,Brazil,Chicago,United States,2024-10-30,2024-11-15,2024-11-15,0,Sea,Maersk,Delivered,375,29100.0,0,0.34,low,0.104
SHP-0942,SUP-021,PRD-062,WH-03,Mumbai,Australia,Toronto,Canada,2022-07-17,2022-08-14,2022-08-15,1,Air,Emirates SkyCargo,Delayed,56,2464.0,1,0.67,medium,0.361
SHP-0943,SUP-034,PRD-100,WH-12,Nairobi,South Africa,Singapore,Singapore,2024-11-11,2024-12-08,2024-12-09,1,Sea,MSC,Delayed,345,28359.0,1,0.83,medium,0.406
SHP-0944,SUP-004,PRD-012,WH-05,Chicago,United States,Berlin,Germany,2024-10-20,2024-10-25,2024-10-25,0,Air,Emirates SkyCargo,Delivered,262,118948.0,0,0.31,low,0.095
SHP-0945,SUP-030,PRD-090,WH-13,Sydney,Japan,Tokyo,Japan,2023-12-20,2024-01-07,2024-01-07,0,Rail,Union Pacific,Delivered,39,4056.0,0,0.94,low,0.295
SHP-0946,SUP-008,PRD-023,WH-09,Los Angeles,Mexico,São Paulo,Brazil,2024-12-28,2025-01-02,2025-01-03,1,Sea,CMA CGM,Delayed,260,4316.0,1,0.06,medium,0.164
SHP-0947,SUP-025,PRD-075,WH-05,Buenos Aires,Brazil,Berlin,Germany,2024-10-19,2024-10-31,2024-10-31,0,Rail,Union Pacific,Delivered,55,4111.25,0,0.8,low,0.251
SHP-0948,SUP-035,PRD-104,WH-12,Accra,Kenya,Singapore,Singapore,2022-12-17,2023-01-12,2023-01-12,0,Rail,Union Pacific,Delivered,457,19422.5,0,0.1,low,0.033
SHP-0949,SUP-024,PRD-072,WH-04,Sydney,Indonesia,Houston,United States,2022-08-13,2022-09-04,2022-09-04,0,Sea,Maersk,Delivered,22,316.8,0,0.77,low,0.249
SHP-0950,SUP-050,PRD-150,WH-01,Sydney,Japan,Chicago,United States,2022-03-31,2022-04-18,2022-05-02,14,Sea,CMA CGM,Delayed,247,6570.2,1,0.89,high,0.834
SHP-0951,SUP-010,PRD-028,WH-03,Toronto,Mexico,Toronto,Canada,2022-09-28,2022-10-01,2022-10-01,0,Road,DB Schenker,Delivered,274,1054.9,0,0.16,low,0.049
SHP-0952,SUP-048,PRD-143,WH-09,Lima,Peru,São Paulo,Brazil,2024-01-25,2024-02-08,2024-02-09,1,Sea,CMA CGM,Delayed,379,36687.2,1,0.18,medium,0.199
SHP-0953,SUP-006,PRD-016,WH-02,Bogotá,Peru,Los Angeles,United States,2024-08-30,2024-09-16,2024-09-16,0,Road,XPO Logistics,Delivered,32,851.2,0,0.7,low,0.222
SHP-0954,SUP-041,PRD-121,WH-02,Singapore,India,Los Angeles,United States,2024-02-04,2024-02-23,2024-02-23,0,Rail,BNSF Railway,Delivered,114,12882.0,0,0.22,low,0.069
SHP-0955,SUP-010,PRD-030,WH-01,Houston,Mexico,Chicago,United States,2022-12-23,2022-12-26,2022-12-26,0,Sea,CMA CGM,Delivered,423,10490.4,0,0.05,low,0.016
SHP-0956,SUP-039,PRD-117,WH-09,Chicago,Mexico,São Paulo,Brazil,2023-09-14,2023-09-19,2023-09-26,7,Road,XPO Logistics,Delayed,116,20300.0,1,0.55,high,0.588
SHP-0957,SUP-036,PRD-107,WH-06,Johannesburg,Kenya,Paris,France,2022-12-20,2023-01-09,2023-01-16,7,Road,XPO Logistics,Delayed,361,4422.25,1,0.69,high,0.643
SHP-0958,SUP-038,PRD-112,WH-02,Vancouver,Canada,Los Angeles,United States,2024-11-17,2024-11-20,2024-11-20,0,Air,DHL,Delivered,146,12848.0,0,0.24,low,0.074
SHP-0959,SUP-032,PRD-096,WH-08,Lagos,Kenya,Amsterdam,Netherlands,2023-06-22,2023-07-26,2023-07-26,0,Air,FedEx,Delivered,419,101817.0,0,0.47,low,0.151
SHP-0960,SUP-017,PRD-051,WH-08,Cairo,Egypt,Amsterdam,Netherlands,2024-07-10,2024-08-11,2024-08-11,0,Road,XPO Logistics,Delivered,265,16045.75,0,0.23,low,0.07
SHP-0961,SUP-038,PRD-113,WH-08,Toronto,Canada,Amsterdam,Netherlands,2023-05-10,2023-05-13,2023-05-13,0,Road,DB Schenker,Delivered,327,52303.65,0,0.06,low,0.02
SHP-0962,SUP-006,PRD-018,WH-10,Buenos Aires,Peru,Bogotá,Colombia,2022-03-23,2022-04-09,2022-04-13,4,Rail,Union Pacific,Delayed,448,46704.0,1,0.81,medium,0.535
SHP-0963,SUP-026,PRD-077,WH-13,Accra,South Africa,Tokyo,Japan,2024-09-25,2024-10-16,2024-10-16,0,Sea,CMA CGM,Delivered,306,23439.6,0,0.63,low,0.195
SHP-0964,SUP-043,PRD-129,WH-01,Singapore,Australia,Chicago,United States,2023-11-22,2023-12-11,2023-12-12,1,Air,Emirates SkyCargo,Delayed,335,126295.0,1,0.24,medium,0.22
SHP-0965,SUP-022,PRD-066,WH-02,Bogotá,Chile,Los Angeles,United States,2023-08-15,2023-09-02,2023-09-04,2,Sea,Maersk,Delayed,309,19343.4,1,0.11,medium,0.226
SHP-0966,SUP-025,PRD-073,WH-03,Lima,Brazil,Toronto,Canada,2024-04-22,2024-05-04,2024-05-11,7,Road,XPO Logistics,Delayed,430,62006.0,1,0.88,high,0.69
SHP-0967,SUP-024,PRD-070,WH-04,Jakarta,Indonesia,Houston,United States,2023-02-23,2023-03-17,2023-03-18,1,Rail,BNSF Railway,Delayed,146,14454.0,1,0.71,medium,0.376
SHP-0968,SUP-044,PRD-131,WH-05,Cairo,Nigeria,Berlin,Germany,2023-12-09,2023-12-30,2023-12-30,0,Sea,MSC,Delivered,94,150.4,0,0.13,low,0.043
SHP-0969,SUP-007,PRD-020,WH-02,Dallas,Canada,Los Angeles,United States,2022-11-28,2022-12-02,2022-12-02,0,Rail,BNSF Railway,Delivered,318,11925.0,0,0.6,low,0.188
SHP-0970,SUP-038,PRD-114,WH-11,Houston,Canada,Santiago,Chile,2023-12-16,2023-12-19,2023-12-19,0,Sea,MSC,Delivered,180,4608.0,0,0.09,low,0.029
SHP-0971,SUP-016,PRD-046,WH-08,Johannesburg,Kenya,Amsterdam,Netherlands,2022-03-26,2022-04-19,2022-04-24,5,Road,J.B. Hunt,Delayed,371,16880.5,1,0.78,medium,0.571
SHP-0972,SUP-004,PRD-012,WH-07,Chicago,United States,London,United Kingdom,2024-12-09,2024-12-14,2024-12-14,0,Sea,Maersk,In Transit,336,30508.8,0,0.23,low,0.071
SHP-0973,SUP-050,PRD-149,WH-04,Mumbai,Japan,Houston,United States,2022-11-07,2022-11-25,2022-12-01,6,Air,FedEx,Delayed,124,8308.0,1,0.81,high,0.63
SHP-0974,SUP-002,PRD-004,WH-15,Accra,Ghana,Lagos,Nigeria,2023-07-07,2023-08-03,2023-08-04,1,Sea,Maersk,Delayed,255,663.0,1,0.53,medium,0.314
SHP-0975,SUP-015,PRD-043,WH-01,Paris,Germany,Chicago,United States,2023-11-19,2023-11-25,2023-11-25,0,Sea,Maersk,Delivered,71,2300.4,0,0.9,low,0.292
SHP-0976,SUP-032,PRD-096,WH-13,Cairo,Kenya,Tokyo,Japan,2022-11-04,2022-12-08,2022-12-08,0,Sea,CMA CGM,Delivered,404,19634.4,0,0.46,low,0.148
SHP-0977,SUP-040,PRD-119,WH-08,Milan,United Kingdom,Amsterdam,Netherlands,2024-06-13,2024-06-23,2024-06-25,2,Road,DB Schenker,Delayed,330,37999.5,1,0.71,medium,0.414
SHP-0978,SUP-013,PRD-039,WH-13,Sydney,Singapore,Tokyo,Japan,2022-12-11,2022-12-31,2022-12-31,0,Air,FedEx,Delivered,200,85000.0,0,0.17,low,0.053
SHP-0979,SUP-021,PRD-063,WH-03,Mumbai,Australia,Toronto,Canada,2024-02-17,2024-03-16,2024-03-17,1,Air,Emirates SkyCargo,Delayed,53,15794.0,1,0.79,medium,0.397
SHP-0980,SUP-002,PRD-005,WH-08,Nairobi,Ghana,Amsterdam,Netherlands,2023-12-15,2024-01-11,2024-01-11,0,Air,FedEx,Delivered,198,45144.0,0,0.42,low,0.136
SHP-0981,SUP-029,PRD-086,WH-05,Buenos Aires,Colombia,Berlin,Germany,2022-12-12,2022-12-22,2022-12-24,2,Sea,CMA CGM,Delayed,434,8940.4,1,0.41,medium,0.323
SHP-0982,SUP-004,PRD-011,WH-10,Chicago,United States,Bogotá,Colombia,2022-10-20,2022-10-25,2022-10-25,0,Air,DHL,Delivered,288,63936.0,0,0.33,low,0.101
SHP-0983,SUP-034,PRD-100,WH-07,Lagos,South Africa,London,United Kingdom,2024-06-11,2024-07-08,2024-07-08,0,Air,Emirates SkyCargo,Delivered,54,22194.0,0,0.72,low,0.228
SHP-0984,SUP-008,PRD-024,WH-01,Toronto,Mexico,Chicago,United States,2023-08-14,2023-08-19,2023-08-19,0,Road,XPO Logistics,Delivered,28,4449.2,0,0.29,low,0.088
SHP-0985,SUP-017,PRD-051,WH-15,Johannesburg,Egypt,Lagos,Nigeria,2022-07-27,2022-08-28,2022-08-28,0,Sea,MSC,Delivered,303,10483.8,0,0.28,low,0.085
SHP-0986,SUP-049,PRD-145,WH-03,Toronto,Canada,Toronto,Canada,2023-05-19,2023-05-24,2023-05-24,0,Air,FedEx,Delivered,282,18048.0,0,0.29,low,0.09
SHP-0987,SUP-038,PRD-114,WH-01,Dallas,Canada,Chicago,United States,2022-10-04,2022-10-07,2022-10-07,0,Sea,Maersk,Delivered,143,3660.8,0,0.31,low,0.095
SHP-0988,SUP-029,PRD-087,WH-02,Santiago,Colombia,Los Angeles,United States,2023-05-19,2023-05-29,2023-05-29,0,Road,XPO Logistics,Delivered,347,42386.05,0,0.53,low,0.169
SHP-0989,SUP-004,PRD-010,WH-11,Toronto,United States,Santiago,Chile,2022-01-02,2022-01-07,2022-01-07,0,Sea,MSC,Delivered,301,16013.2,0,0.21,low,0.065
SHP-0990,SUP-031,PRD-093,WH-05,New York,United States,Berlin,Germany,2024-04-09,2024-04-13,2024-04-16,3,Sea,Maersk,Delayed,125,900.0,1,0.67,medium,0.451
SHP-0991,SUP-029,PRD-086,WH-10,Lima,Colombia,Bogotá,Colombia,2024-04-24,2024-05-04,2024-05-05,1,Sea,Maersk,Delayed,130,2678.0,1,0.48,medium,0.299
SHP-0992,SUP-045,PRD-133,WH-04,London,Poland,Houston,United States,2023-09-11,2023-09-23,2023-09-23,0,Rail,Union Pacific,Delivered,149,2048.75,0,0.2,low,0.064
SHP-0993,SUP-035,PRD-105,WH-13,Nairobi,Kenya,Tokyo,Japan,2023-02-24,2023-03-22,2023-03-22,0,Air,DHL,Delivered,479,204054.0,0,0.24,low,0.075
SHP-0994,SUP-009,PRD-026,WH-02,Berlin,Poland,Los Angeles,United States,2023-12-19,2023-12-29,2023-12-29,0,Sea,CMA CGM,Delivered,466,15284.8,0,0.48,low,0.15
SHP-0995,SUP-043,PRD-128,WH-04,Singapore,Australia,Houston,United States,2022-03-24,2022-04-12,2022-04-12,0,Sea,MSC,Delivered,189,16443.0,0,0.11,low,0.036
SHP-0996,SUP-038,PRD-112,WH-01,Los Angeles,Canada,Chicago,United States,2022-10-26,2022-10-29,2022-10-29,0,Road,XPO Logistics,Delivered,32,985.6,0,0.2,low,0.062
SHP-0997,SUP-044,PRD-132,WH-08,Johannesburg,Nigeria,Amsterdam,Netherlands,2024-07-07,2024-07-28,2024-07-28,0,Sea,CMA CGM,Delivered,187,12566.4,0,0.14,low,0.046
SHP-0998,SUP-005,PRD-015,WH-15,Paris,Italy,Lagos,Nigeria,2024-06-16,2024-06-22,2024-06-22,0,Sea,CMA CGM,Delivered,419,9888.4,0,0.21,low,0.067
SHP-0999,SUP-050,PRD-150,WH-13,Seoul,Japan,Tokyo,Japan,2024-02-13,2024-03-02,2024-03-02,0,Sea,Maersk,Delivered,92,2447.2,0,0.88,low,0.281
SHP-1000,SUP-017,PRD-049,WH-12,Nairobi,Egypt,Singapore,Singapore,2022-11-01,2022-12-03,2022-12-03,0,Air,Emirates SkyCargo,Delivered,119,26775.0,0,0.18,low,0.055
SHP-1001,SUP-013,PRD-038,WH-03,Mumbai,Singapore,Toronto,Canada,2022-01-02,2022-01-22,2022-01-22,0,Air,Emirates SkyCargo,Delivered,267,57405.0,0,0.29,low,0.089
SHP-1002,SUP-019,PRD-056,WH-11,Santiago,Peru,Santiago,Chile,2023-11-20,2023-12-03,2023-12-03,0,Sea,MSC,Delivered,152,4620.8,0,0.52,low,0.166
SHP-1003,SUP-040,PRD-120,WH-02,Stockholm,United Kingdom,Los Angeles,United States,2024-12-14,2024-12-24,2025-01-01,8,Sea,MSC,Delayed,432,32227.2,1,0.83,high,0.72
SHP-1004,SUP-021,PRD-061,WH-12,Sydney,Australia,Singapore,Singapore,2024-09-16,2024-10-14,2024-10-14,0,Rail,Union Pacific,Delivered,46,3956.0,0,0.94,low,0.297
SHP-1005,SUP-025,PRD-074,WH-10,Buenos Aires,Brazil,Bogotá,Colombia,2023-04-03,2023-04-15,2023-05-06,21,Air,DHL,Delayed,377,131950.0,1,0.81,high,0.804
SHP-1006,SUP-029,PRD-086,WH-04,Santiago,Colombia,Houston,United States,2023-11-10,2023-11-20,2023-11-21,1,Road,J.B. Hunt,Delayed,53,1910.65,1,0.58,medium,0.329
SHP-1007,SUP-005,PRD-014,WH-03,Warsaw,Italy,Toronto,Canada,2022-11-12,2022-11-18,2022-11-18,0,Rail,Union Pacific,Delivered,500,30375.0,0,0.16,low,0.052
SHP-1008,SUP-025,PRD-073,WH-05,Santiago,Brazil,Berlin,Germany,2024-03-22,2024-04-03,2024-04-16,13,Road,XPO Logistics,Delayed,192,27686.4,1,0.7,high,0.771
SHP-1009,SUP-026,PRD-078,WH-12,Johannesburg,South Africa,Singapore,Singapore,2024-10-05,2024-10-26,2024-10-26,0,Sea,Maersk,Delivered,498,8764.8,0,0.64,low,0.198
SHP-1010,SUP-048,PRD-144,WH-11,São Paulo,Peru,Santiago,Chile,2022-01-05,2022-01-19,2022-01-20,1,Road,J.B. Hunt,Delayed,371,41552.0,1,0.33,medium,0.244
SHP-1011,SUP-048,PRD-143,WH-08,Lima,Peru,Amsterdam,Netherlands,2023-11-04,2023-11-18,2023-11-19,1,Rail,BNSF Railway,Delayed,20,2420.0,1,0.3,medium,0.235
SHP-1012,SUP-017,PRD-049,WH-12,Cairo,Egypt,Singapore,Singapore,2022-08-09,2022-09-10,2022-09-10,0,Road,XPO Logistics,Delivered,445,35043.75,0,0.23,low,0.07
SHP-1013,SUP-012,PRD-034,WH-04,Madrid,Spain,Houston,United States,2022-11-19,2022-11-26,2022-11-26,0,Road,XPO Logistics,Delivered,274,1342.6,0,0.53,low,0.165
SHP-1014,SUP-047,PRD-140,WH-01,Dallas,United States,Chicago,United States,2023-11-25,2023-12-02,2023-12-02,0,Road,DB Schenker,Delivered,203,14565.25,0,0.34,low,0.103
SHP-1015,SUP-025,PRD-074,WH-08,Santiago,Brazil,Amsterdam,Netherlands,2024-05-06,2024-05-18,2024-06-16,29,Sea,Maersk,Delayed,256,17920.0,1,0.69,high,0.768
SHP-1016,SUP-014,PRD-040,WH-10,São Paulo,Brazil,Bogotá,Colombia,2023-10-05,2023-10-21,2023-10-21,0,Sea,MSC,Delivered,372,23659.2,0,0.15,low,0.047
SHP-1017,SUP-021,PRD-063,WH-15,Sydney,Australia,Lagos,Nigeria,2024-12-22,2025-01-19,2025-01-25,6,Air,FedEx,Delayed,355,105790.0,1,0.66,high,0.583
SHP-1018,SUP-014,PRD-041,WH-01,Bogotá,Brazil,Chicago,United States,2023-11-06,2023-11-22,2023-11-22,0,Sea,MSC,Delivered,421,30901.4,0,0.26,low,0.08
SHP-1019,SUP-026,PRD-077,WH-05,Nairobi,South Africa,Berlin,Germany,2024-05-14,2024-06-04,2024-06-04,0,Road,J.B. Hunt,Delivered,114,15281.7,0,0.35,low,0.111
SHP-1020,SUP-015,PRD-044,WH-03,Paris,Germany,Toronto,Canada,2024-09-24,2024-09-30,2024-10-01,1,Sea,MSC,Delayed,162,12150.0,1,0.92,medium,0.443
SHP-1021,SUP-049,PRD-145,WH-11,Chicago,Canada,Santiago,Chile,2022-01-19,2022-01-24,2022-01-24,0,Road,DB Schenker,Delivered,192,4300.8,0,0.05,low,0.018
SHP-1022,SUP-036,PRD-108,WH-06,Lagos,Kenya,Paris,France,2022-10-30,2022-11-19,2022-11-26,7,Sea,CMA CGM,Delayed,220,16456.0,1,0.92,high,0.712
SHP-1023,SUP-042,PRD-126,WH-07,Buenos Aires,Peru,London,United Kingdom,2024-06-09,2024-06-22,2024-06-22,0,Air,Emirates SkyCargo,Delivered,322,21574.0,0,0.51,low,0.163
SHP-1024,SUP-039,PRD-116,WH-01,Atlanta,Mexico,Chicago,United States,2023-11-13,2023-11-18,2023-11-20,2,Rail,DB Cargo,Delayed,262,31505.5,1,0.6,medium,0.378
SHP-1025,SUP-032,PRD-095,WH-06,Nairobi,Kenya,Paris,France,2023-04-02,2023-05-06,2023-05-09,3,Air,DHL,Delayed,362,104980.0,1,0.62,medium,0.431
SHP-1026,SUP-022,PRD-065,WH-02,São Paulo,Chile,Los Angeles,United States,2024-12-22,2025-01-09,2025-01-10,1,Road,XPO Logistics,Delayed,223,24273.55,1,0.05,medium,0.163
SHP-1027,SUP-005,PRD-013,WH-01,Warsaw,Italy,Chicago,United States,2022-02-03,2022-02-09,2022-02-09,0,Road,J.B. Hunt,Delivered,423,19246.5,0,0.14,low,0.046
SHP-1028,SUP-043,PRD-129,WH-12,Singapore,Australia,Singapore,Singapore,2023-03-14,2023-04-02,2023-04-02,0,Road,XPO Logistics,Delivered,493,65051.35,0,0.35,low,0.108
SHP-1029,SUP-041,PRD-123,WH-04,Seoul,India,Houston,United States,2023-10-11,2023-10-30,2023-10-30,0,Rail,DB Cargo,Delivered,70,5775.0,0,0.09,low,0.03
SHP-1030,SUP-050,PRD-150,WH-03,Seoul,Japan,Toronto,Canada,2023-08-22,2023-09-09,2023-09-25,16,Air,DHL,Delayed,411,54663.0,1,0.93,high,0.846
SHP-1031,SUP-025,PRD-075,WH-06,São Paulo,Brazil,Paris,France,2022-06-06,2022-06-18,2022-06-18,0,Air,DHL,Delivered,53,15847.0,0,0.88,low,0.275
SHP-1032,SUP-023,PRD-067,WH-13,Singapore,India,Tokyo,Japan,2023-11-23,2023-12-16,2023-12-20,4,Road,DB Schenker,Delayed,281,27144.6,1,0.39,medium,0.407
SHP-1033,SUP-046,PRD-138,WH-03,Tokyo,India,Toronto,Canada,2023-12-31,2024-01-20,2024-01-20,0,Sea,MSC,Delivered,432,41040.0,0,0.11,low,0.036
SHP-1034,SUP-022,PRD-066,WH-09,Lima,Chile,São Paulo,Brazil,2022-06-26,2022-07-14,2022-07-15,1,Sea,CMA CGM,Delayed,293,18341.8,1,0.11,medium,0.181
SHP-1035,SUP-044,PRD-131,WH-14,Nairobi,Nigeria,Johannesburg,South Africa,2024-03-08,2024-03-29,2024-03-29,0,Road,DB Schenker,Delivered,128,358.4,0,0.1,low,0.034
SHP-1036,SUP-044,PRD-132,WH-13,Accra,Nigeria,Tokyo,Japan,2022-05-18,2022-06-08,2022-06-08,0,Road,DB Schenker,Delivered,305,35868.0,0,0.28,low,0.088
SHP-1037,SUP-030,PRD-089,WH-04,Mumbai,Japan,Houston,United States,2022-10-19,2022-11-06,2022-12-06,30,Sea,MSC,Delayed,403,3868.8,1,0.9,high,0.833
SHP-1038,SUP-026,PRD-077,WH-15,Lagos,South Africa,Lagos,Nigeria,2022-07-16,2022-08-06,2022-08-06,0,Air,DHL,Delivered,262,100346.0,0,0.5,low,0.156
SHP-1039,SUP-040,PRD-120,WH-02,Paris,United Kingdom,Los Angeles,United States,2022-03-08,2022-03-18,2022-03-18,0,Sea,MSC,Delivered,170,12682.0,0,0.66,low,0.209
SHP-1040,SUP-010,PRD-028,WH-09,Toronto,Mexico,São Paulo,Brazil,2023-06-13,2023-06-16,2023-06-16,0,Sea,MSC,Delivered,58,127.6,0,0.34,low,0.103
SHP-1041,SUP-029,PRD-085,WH-05,Bogotá,Colombia,Berlin,Germany,2023-09-07,2023-09-17,2023-09-18,1,Air,DHL,Delayed,465,120900.0,1,0.39,medium,0.272
SHP-1042,SUP-039,PRD-117,WH-07,Los Angeles,Mexico,London,United Kingdom,2023-11-11,2023-11-16,2023-11-16,0,Air,DHL,Delivered,318,159000.0,0,0.59,low,0.185
SHP-1043,SUP-020,PRD-058,WH-03,Ho Chi Minh City,Singapore,Toronto,Canada,2022-06-13,2022-07-11,2022-07-11,0,Sea,CMA CGM,Delivered,299,22544.6,0,0.14,low,0.046
SHP-1044,SUP-040,PRD-120,WH-01,Paris,United Kingdom,Chicago,United States,2024-04-06,2024-04-16,2024-05-03,17,Road,DB Schenker,Delayed,399,52089.45,1,0.67,high,0.762
SHP-1045,SUP-006,PRD-016,WH-07,São Paulo,Peru,London,United Kingdom,2022-08-07,2022-08-24,2022-09-04,11,Air,DHL,Delayed,322,24472.0,1,0.93,high,0.841
SHP-1046,SUP-021,PRD-061,WH-04,Seoul,Australia,Houston,United States,2023-01-15,2023-02-12,2023-02-26,14,Air,DHL,Delayed,393,135192.0,1,0.86,high,0.823
SHP-1047,SUP-015,PRD-045,WH-14,Amsterdam,Germany,Johannesburg,South Africa,2024-11-19,2024-11-25,2024-11-25,0,Air,Emirates SkyCargo,Delivered,141,34968.0,0,0.67,low,0.223
SHP-1048,SUP-019,PRD-057,WH-08,Santiago,Peru,Amsterdam,Netherlands,2023-01-30,2023-02-12,2023-02-13,1,Rail,Union Pacific,Delayed,486,3402.0,1,0.52,medium,0.311
SHP-1049,SUP-023,PRD-067,WH-13,Sydney,India,Tokyo,Japan,2023-06-07,2023-06-30,2023-06-30,0,Rail,Union Pacific,Delivered,322,22218.0,0,0.41,low,0.133
SHP-1050,SUP-022,PRD-066,WH-11,Lima,Chile,Santiago,Chile,2023-01-13,2023-01-31,2023-01-31,0,Rail,DB Cargo,Delivered,87,6807.75,0,0.26,low,0.081
SHP-1051,SUP-020,PRD-058,WH-12,Tokyo,Singapore,Singapore,Singapore,2022-11-04,2022-12-02,2022-12-02,0,Sea,CMA CGM,Delivered,76,5730.4,0,0.3,low,0.094
SHP-1052,SUP-002,PRD-005,WH-15,Nairobi,Ghana,Lagos,Nigeria,2023-02-27,2023-03-26,2023-03-29,3,Air,FedEx,Delayed,186,42408.0,1,0.64,medium,0.437
SHP-1053,SUP-030,PRD-090,WH-03,Singapore,Japan,Toronto,Canada,2023-02-17,2023-03-07,2023-03-10,3,Sea,CMA CGM,Delayed,144,11980.8,1,0.8,medium,0.488
SHP-1054,SUP-023,PRD-068,WH-12,Ho Chi Minh City,India,Singapore,Singapore,2022-01-07,2022-01-30,2022-02-03,4,Road,J.B. Hunt,Delayed,254,20891.5,1,0.51,medium,0.443
SHP-1055,SUP-018,PRD-053,WH-06,Madrid,Poland,Paris,France,2022-10-16,2022-10-22,2022-10-23,1,Road,DB Schenker,Delayed,422,9009.7,1,0.58,medium,0.329
SHP-1056,SUP-006,PRD-018,WH-05,Bogotá,Peru,Berlin,Germany,2023-09-13,2023-09-30,2023-10-08,8,Sea,MSC,Delayed,158,13177.2,1,0.7,high,0.682
SHP-1057,SUP-019,PRD-056,WH-11,São Paulo,Peru,Santiago,Chile,2023-04-26,2023-05-09,2023-05-21,12,Road,J.B. Hunt,Delayed,498,26493.6,1,0.39,high,0.677
SHP-1058,SUP-023,PRD-069,WH-04,Ho Chi Minh City,India,Houston,United States,2022-07-22,2022-08-14,2022-08-14,0,Road,J.B. Hunt,Delivered,226,34013.0,0,0.36,low,0.118
SHP-1059,SUP-041,PRD-121,WH-02,Ho Chi Minh City,India,Los Angeles,United States,2023-06-01,2023-06-20,2023-06-20,0,Sea,CMA CGM,Delivered,458,41403.2,0,0.23,low,0.072
SHP-1060,SUP-039,PRD-115,WH-08,Vancouver,Mexico,Amsterdam,Netherlands,2024-12-18,2024-12-23,2025-01-01,9,Sea,CMA CGM,Delayed,414,6624.0,1,0.52,high,0.669
SHP-1061,SUP-041,PRD-122,WH-12,Singapore,India,Singapore,Singapore,2024-11-24,2024-12-13,2024-12-13,0,Air,FedEx,Delivered,320,102080.0,0,0.11,low,0.036
SHP-1062,SUP-031,PRD-093,WH-07,New York,United States,London,United Kingdom,2022-07-16,2022-07-20,2022-07-20,0,Sea,MSC,Delivered,202,1454.4,0,0.79,low,0.252
SHP-1063,SUP-021,PRD-063,WH-04,Singapore,Australia,Houston,United States,2023-04-12,2023-05-10,2023-05-18,8,Rail,DB Cargo,Delayed,230,17135.0,1,0.91,high,0.748
SHP-1064,SUP-018,PRD-053,WH-03,Paris,Poland,Toronto,Canada,2022-07-30,2022-08-05,2022-08-05,0,Sea,Maersk,Delivered,133,1622.6,0,0.57,low,0.181
SHP-1065,SUP-019,PRD-056,WH-10,São Paulo,Peru,Bogotá,Colombia,2024-11-04,2024-11-17,2024-11-17,0,Road,DB Schenker,Delivered,477,25376.4,0,0.41,low,0.133
SHP-1066,SUP-027,PRD-079,WH-15,Paris,Germany,Lagos,Nigeria,2022-07-11,2022-07-21,2022-07-21,0,Sea,CMA CGM,Delivered,500,49800.0,0,0.58,low,0.181
SHP-1067,SUP-004,PRD-011,WH-09,Toronto,United States,São Paulo,Brazil,2022-01-14,2022-01-19,2022-01-19,0,Rail,Union Pacific,Delivered,474,26307.0,0,0.15,low,0.047
SHP-1068,SUP-008,PRD-024,WH-07,Houston,Mexico,London,United Kingdom,2024-11-28,2024-12-03,2024-12-03,0,Sea,CMA CGM,Delivered,104,9443.2,0,0.06,low,0.019
SHP-1069,SUP-009,PRD-027,WH-15,Berlin,Poland,Lagos,Nigeria,2022-10-24,2022-11-03,2022-11-04,1,Road,XPO Logistics,Delayed,87,4263.0,1,0.44,medium,0.283
SHP-1070,SUP-006,PRD-018,WH-05,Buenos Aires,Peru,Berlin,Germany,2022-10-03,2022-10-20,2022-10-29,9,Sea,MSC,Delayed,447,37279.8,1,0.86,high,0.775
SHP-1071,SUP-014,PRD-042,WH-10,Buenos Aires,Brazil,Bogotá,Colombia,2024-08-28,2024-09-13,2024-09-14,1,Air,FedEx,Delayed,75,29100.0,1,0.08,medium,0.171
SHP-1072,SUP-014,PRD-040,WH-10,Buenos Aires,Brazil,Bogotá,Colombia,2022-12-27,2023-01-12,2023-01-13,1,Road,J.B. Hunt,Delayed,291,32388.3,1,0.33,medium,0.246
SHP-1073,SUP-042,PRD-126,WH-03,Santiago,Peru,Toronto,Canada,2022-11-19,2022-12-02,2022-12-02,0,Road,J.B. Hunt,Delivered,310,7269.5,0,0.41,low,0.133
SHP-1074,SUP-034,PRD-101,WH-05,Accra,South Africa,Berlin,Germany,2024-06-30,2024-07-27,2024-07-28,1,Road,XPO Logistics,Delayed,120,20286.0,1,0.77,medium,0.388
SHP-1075,SUP-030,PRD-090,WH-15,Tokyo,Japan,Lagos,Nigeria,2022-08-25,2022-09-12,2022-09-13,1,Sea,Maersk,Delayed,306,25459.2,1,0.79,medium,0.395
SHP-1076,SUP-045,PRD-135,WH-07,Berlin,Poland,London,United Kingdom,2024-11-26,2024-12-08,2024-12-08,0,Road,XPO Logistics,Delivered,143,11661.65,0,0.32,low,0.1
SHP-1077,SUP-038,PRD-114,WH-06,Los Angeles,Canada,Paris,France,2023-05-10,2023-05-13,2023-05-14,1,Air,FedEx,Delayed,190,24320.0,1,0.21,medium,0.21
SHP-1078,SUP-016,PRD-046,WH-12,Cairo,Kenya,Singapore,Singapore,2022-12-21,2023-01-14,2023-01-15,1,Sea,CMA CGM,Delayed,299,7774.0,1,0.67,medium,0.358
SHP-1079,SUP-026,PRD-077,WH-05,Nairobi,South Africa,Berlin,Germany,2023-11-23,2023-12-14,2023-12-18,4,Road,J.B. Hunt,Delayed,373,50000.65,1,0.36,medium,0.394
SHP-1080,SUP-049,PRD-145,WH-02,New York,Canada,Los Angeles,United States,2022-12-04,2022-12-09,2022-12-09,0,Road,J.B. Hunt,Delivered,61,1366.4,0,0.07,low,0.024
SHP-1081,SUP-017,PRD-050,WH-15,Cairo,Egypt,Lagos,Nigeria,2024-12-20,2025-01-21,2025-01-22,1,Sea,MSC,Delayed,364,8881.6,1,0.08,medium,0.17
SHP-1082,SUP-038,PRD-114,WH-09,Atlanta,Canada,São Paulo,Brazil,2024-10-20,2024-10-23,2024-10-23,0,Sea,MSC,Delivered,271,6937.6,0,0.21,low,0.065
SHP-1083,SUP-007,PRD-019,WH-03,Atlanta,Canada,Toronto,Canada,2024-10-23,2024-10-27,2024-10-27,0,Air,FedEx,Delivered,260,114400.0,0,0.36,low,0.116
SHP-1084,SUP-033,PRD-098,WH-01,Chicago,Mexico,Chicago,United States,2023-10-13,2023-10-17,2023-10-17,0,Sea,MSC,Delivered,390,14976.0,0,0.5,low,0.158
SHP-1085,SUP-039,PRD-115,WH-11,Dallas,Mexico,Santiago,Chile,2022-11-17,2022-11-22,2022-11-23,1,Road,DB Schenker,Delayed,178,4984.0,1,0.6,medium,0.333
SHP-1086,SUP-041,PRD-122,WH-12,Shanghai,India,Singapore,Singapore,2022-10-14,2022-11-02,2022-11-02,0,Sea,MSC,Delivered,336,21436.8,0,0.16,low,0.051
SHP-1087,SUP-002,PRD-006,WH-05,Lagos,Ghana,Berlin,Germany,2022-10-28,2022-11-24,2022-11-29,5,Air,Emirates SkyCargo,Delayed,488,121024.0,1,0.51,medium,0.488
SHP-1088,SUP-001,PRD-002,WH-07,Lagos,Nigeria,London,United Kingdom,2024-08-28,2024-09-23,2024-09-23,0,Sea,MSC,Delivered,387,19969.2,0,0.58,low,0.184
SHP-1089,SUP-039,PRD-117,WH-02,Dallas,Mexico,Los Angeles,United States,2024-10-05,2024-10-10,2024-10-10,0,Road,DB Schenker,Delivered,391,68425.0,0,0.4,low,0.128
SHP-1090,SUP-041,PRD-123,WH-03,Sydney,India,Toronto,Canada,2022-11-25,2022-12-14,2022-12-14,0,Sea,CMA CGM,Delivered,452,29832.0,0,0.21,low,0.066
SHP-1091,SUP-019,PRD-055,WH-02,Bogotá,Peru,Los Angeles,United States,2022-06-18,2022-07-01,2022-07-02,1,Rail,BNSF Railway,Delayed,219,7774.5,1,0.4,medium,0.275
SHP-1092,SUP-050,PRD-149,WH-03,Shanghai,Japan,Toronto,Canada,2023-01-18,2023-02-05,2023-02-12,7,Sea,MSC,Delayed,118,1581.2,1,0.94,high,0.714
SHP-1093,SUP-049,PRD-145,WH-08,Los Angeles,Canada,Amsterdam,Netherlands,2024-08-20,2024-08-25,2024-08-25,0,Sea,MSC,Delivered,282,3609.6,0,0.22,low,0.069
SHP-1094,SUP-039,PRD-117,WH-01,Houston,Mexico,Chicago,United States,2022-08-12,2022-08-17,2022-08-17,0,Sea,Maersk,Delivered,445,44500.0,0,0.64,low,0.2
SHP-1095,SUP-027,PRD-081,WH-07,Milan,Germany,London,United Kingdom,2022-05-07,2022-05-17,2022-05-17,0,Sea,CMA CGM,Delivered,49,793.8,0,0.65,low,0.202
SHP-1096,SUP-024,PRD-070,WH-02,Mumbai,Indonesia,Los Angeles,United States,2023-03-04,2023-03-26,2023-03-26,0,Sea,CMA CGM,Delivered,181,14335.2,0,0.92,low,0.294
SHP-1097,SUP-011,PRD-032,WH-01,Buenos Aires,Brazil,Chicago,United States,2024-12-15,2024-12-26,2024-12-26,0,Road,XPO Logistics,In Transit,298,13454.7,0,0.36,low,0.118
SHP-1098,SUP-017,PRD-049,WH-15,Lagos,Egypt,Lagos,Nigeria,2024-10-05,2024-11-06,2024-11-07,1,Air,DHL,Delayed,40,9000.0,1,0.31,medium,0.239
SHP-1099,SUP-003,PRD-009,WH-06,Paris,Italy,Paris,France,2024-10-31,2024-11-05,2024-11-05,0,Rail,Union Pacific,Delivered,68,7803.0,0,0.19,low,0.06
SHP-1100,SUP-038,PRD-113,WH-06,Chicago,Canada,Paris,France,2022-01-22,2022-01-25,2022-01-25,0,Air,DHL,Delivered,320,146240.0,0,0.08,low,0.026
SHP-1101,SUP-032,PRD-094,WH-05,Accra,Kenya,Berlin,Germany,2024-12-08,2025-01-11,2025-01-11,0,Air,FedEx,In Transit,190,25460.0,0,0.49,low,0.157
SHP-1102,SUP-048,PRD-143,WH-02,Bogotá,Peru,Los Angeles,United States,2022-09-03,2022-09-17,2022-09-17,0,Rail,BNSF Railway,Delivered,368,44528.0,0,0.11,low,0.033
SHP-1103,SUP-029,PRD-087,WH-03,Buenos Aires,Colombia,Toronto,Canada,2024-10-26,2024-11-05,2024-11-07,2,Road,DB Schenker,Delayed,75,9161.25,1,0.51,medium,0.353
SHP-1104,SUP-020,PRD-058,WH-14,Singapore,Singapore,Johannesburg,South Africa,2023-12-04,2024-01-01,2024-01-01,0,Sea,MSC,Delivered,119,8972.6,0,0.1,low,0.034
SHP-1105,SUP-049,PRD-145,WH-04,Toronto,Canada,Houston,United States,2023-11-11,2023-11-16,2023-11-16,0,Air,DHL,Delivered,376,24064.0,0,0.27,low,0.084
SHP-1106,SUP-049,PRD-146,WH-03,Dallas,Canada,Toronto,Canada,2022-03-29,2022-04-03,2022-04-03,0,Road,DB Schenker,Delivered,141,5132.4,0,0.2,low,0.063
SHP-1107,SUP-031,PRD-092,WH-11,Chicago,United States,Santiago,Chile,2024-11-29,2024-12-03,2024-12-03,0,Air,DHL,Delivered,500,96000.0,0,0.66,low,0.213
SHP-1108,SUP-017,PRD-049,WH-06,Nairobi,Egypt,Paris,France,2024-03-10,2024-04-11,2024-04-11,0,Road,XPO Logistics,Delivered,217,17088.75,0,0.1,low,0.031
SHP-1109,SUP-035,PRD-103,WH-08,Lagos,Kenya,Amsterdam,Netherlands,2022-07-24,2022-08-19,2022-08-19,0,Air,FedEx,Delivered,202,66256.0,0,0.07,low,0.024
SHP-1110,SUP-033,PRD-099,WH-06,Toronto,Mexico,Paris,France,2024-06-12,2024-06-16,2024-06-16,0,Road,DB Schenker,Delivered,410,50655.5,0,0.52,low,0.164
SHP-1111,SUP-013,PRD-039,WH-02,Ho Chi Minh City,Singapore,Los Angeles,United States,2023-08-18,2023-09-07,2023-09-08,1,Rail,DB Cargo,Delayed,426,45262.5,1,0.21,medium,0.21
SHP-1112,SUP-034,PRD-100,WH-08,Nairobi,South Africa,Amsterdam,Netherlands,2023-05-02,2023-05-29,2023-06-03,5,Air,DHL,Delayed,128,52608.0,1,0.72,medium,0.553
SHP-1113,SUP-029,PRD-087,WH-10,São Paulo,Colombia,Bogotá,Colombia,2022-07-29,2022-08-08,2022-08-08,0,Road,J.B. Hunt,Delivered,440,53746.0,0,0.36,low,0.118
SHP-1114,SUP-029,PRD-087,WH-07,São Paulo,Colombia,London,United Kingdom,2023-08-16,2023-08-26,2023-08-27,1,Rail,Union Pacific,Delayed,318,27745.5,1,0.59,medium,0.332
SHP-1115,SUP-031,PRD-093,WH-07,Dallas,United States,London,United Kingdom,2024-02-09,2024-02-13,2024-02-13,0,Road,J.B. Hunt,Delivered,401,5052.6,0,0.87,low,0.276
SHP-1116,SUP-047,PRD-140,WH-02,Atlanta,United States,Los Angeles,United States,2022-10-25,2022-11-01,2022-11-01,0,Sea,MSC,Delivered,346,14186.0,0,0.34,low,0.103
SHP-1117,SUP-021,PRD-061,WH-04,Tokyo,Australia,Houston,United States,2024-11-19,2024-12-17,2024-12-17,0,Air,DHL,Delivered,475,163400.0,0,0.71,low,0.228
SHP-1118,SUP-016,PRD-046,WH-07,Lagos,Kenya,London,United Kingdom,2024-05-30,2024-06-23,2024-07-12,19,Sea,CMA CGM,Delayed,262,6812.0,1,0.7,high,0.772
SHP-1119,SUP-045,PRD-133,WH-04,Warsaw,Poland,Houston,United States,2022-03-04,2022-03-16,2022-03-16,0,Sea,CMA CGM,Delivered,390,4290.0,0,0.12,low,0.04
SHP-1120,SUP-043,PRD-127,WH-04,Jakarta,Australia,Houston,United States,2023-05-15,2023-06-03,2023-06-03,0,Sea,CMA CGM,Delivered,407,33781.0,0,0.06,low,0.021
SHP-1121,SUP-024,PRD-070,WH-04,Sydney,Indonesia,Houston,United States,2022-08-30,2022-09-21,2022-09-21,0,Sea,Maersk,Delivered,301,23839.2,0,0.89,low,0.285
SHP-1122,SUP-013,PRD-038,WH-04,Seoul,Singapore,Houston,United States,2024-06-08,2024-06-28,2024-06-29,1,Sea,MSC,Delayed,228,9804.0,1,0.24,medium,0.219
SHP-1123,SUP-019,PRD-055,WH-06,Santiago,Peru,Paris,France,2024-10-25,2024-11-07,2024-11-09,2,Road,XPO Logistics,Delayed,148,7355.6,1,0.6,medium,0.38
SHP-1124,SUP-023,PRD-068,WH-01,Mumbai,India,Chicago,United States,2023-09-29,2023-10-22,2023-10-28,6,Rail,DB Cargo,Delayed,264,15510.0,1,0.58,high,0.554
SHP-1125,SUP-001,PRD-001,WH-12,Accra,Nigeria,Singapore,Singapore,2024-03-11,2024-04-06,2024-04-21,15,Air,FedEx,Delayed,277,65649.0,1,0.41,high,0.683
SHP-1126,SUP-007,PRD-021,WH-04,New York,Canada,Houston,United States,2022-11-17,2022-11-21,2022-11-24,3,Air,Emirates SkyCargo,Delayed,330,132000.0,1,0.37,medium,0.354
SHP-1127,SUP-050,PRD-149,WH-12,Singapore,Japan,Singapore,Singapore,2024-04-15,2024-05-03,2024-05-03,0,Rail,Union Pacific,Delivered,348,5829.0,0,0.77,low,0.248
SHP-1128,SUP-013,PRD-037,WH-04,Mumbai,Singapore,Houston,United States,2023-07-28,2023-08-17,2023-08-17,0,Sea,CMA CGM,Delivered,164,9872.8,0,0.17,low,0.053
SHP-1129,SUP-005,PRD-015,WH-04,London,Italy,Houston,United States,2024-04-05,2024-04-11,2024-04-11,0,Air,DHL,Delivered,196,23128.0,0,0.06,low,0.022
SHP-1130,SUP-008,PRD-024,WH-05,Vancouver,Mexico,Berlin,Germany,2024-02-27,2024-03-03,2024-03-03,0,Road,J.B. Hunt,Delivered,54,8580.6,0,0.28,low,0.085
SHP-1131,SUP-022,PRD-064,WH-04,Lima,Chile,Houston,United States,2024-12-28,2025-01-15,2025-01-15,0,Rail,DB Cargo,In Transit,123,13960.5,0,0.19,low,0.06
SHP-1132,SUP-008,PRD-022,WH-10,New York,Mexico,Bogotá,Colombia,2022-12-17,2022-12-22,2022-12-22,0,Rail,Union Pacific,Delivered,75,281.25,0,0.19,low,0.058
SHP-1133,SUP-007,PRD-020,WH-01,Houston,Canada,Chicago,United States,2022-12-03,2022-12-07,2022-12-07,0,Air,DHL,Delivered,20,3000.0,0,0.46,low,0.146
SHP-1134,SUP-019,PRD-056,WH-01,Lima,Peru,Chicago,United States,2023-10-13,2023-10-26,2023-10-28,2,Road,DB Schenker,Delayed,212,11278.4,1,0.39,medium,0.317
SHP-1135,SUP-019,PRD-056,WH-10,Lima,Peru,Bogotá,Colombia,2023-08-31,2023-09-13,2023-09-13,0,Road,XPO Logistics,Delivered,462,24578.4,0,0.52,low,0.166
SHP-1136,SUP-005,PRD-013,WH-03,Madrid,Italy,Toronto,Canada,2024-11-11,2024-11-17,2024-11-18,1,Sea,MSC,Delayed,47,1222.0,1,0.12,medium,0.185
SHP-1137,SUP-018,PRD-054,WH-01,Paris,Poland,Chicago,United States,2024-03-26,2024-04-01,2024-04-02,1,Sea,MSC,Delayed,361,17544.6,1,0.5,medium,0.305
SHP-1138,SUP-016,PRD-046,WH-14,Lagos,Kenya,Johannesburg,South Africa,2022-07-08,2022-08-01,2022-08-01,0,Road,XPO Logistics,Delivered,341,15515.5,0,0.71,low,0.225
SHP-1139,SUP-038,PRD-113,WH-03,New York,Canada,Toronto,Canada,2024-10-03,2024-10-06,2024-10-06,0,Road,DB Schenker,Delivered,139,22233.05,0,0.28,low,0.086
SHP-1140,SUP-020,PRD-060,WH-02,Tokyo,Singapore,Los Angeles,United States,2024-11-21,2024-12-19,2024-12-19,0,Sea,MSC,Delivered,229,2656.4,0,0.06,low,0.022
SHP-1141,SUP-020,PRD-060,WH-15,Shanghai,Singapore,Lagos,Nigeria,2024-10-06,2024-11-03,2024-11-03,0,Sea,CMA CGM,Delivered,345,4002.0,0,0.18,low,0.058
SHP-1142,SUP-047,PRD-139,WH-05,Vancouver,United States,Berlin,Germany,2022-05-06,2022-05-13,2022-05-13,0,Sea,MSC,Delivered,285,4446.0,0,0.28,low,0.085
SHP-1143,SUP-013,PRD-037,WH-04,Shanghai,Singapore,Houston,United States,2024-02-10,2024-03-01,2024-03-02,1,Air,Emirates SkyCargo,Delayed,198,59598.0,1,0.15,medium,0.192
SHP-1144,SUP-014,PRD-040,WH-04,Bogotá,Brazil,Houston,United States,2022-01-31,2022-02-16,2022-02-16,0,Sea,Maersk,Delivered,371,23595.6,0,0.13,low,0.041
SHP-1145,SUP-041,PRD-121,WH-13,Seoul,India,Tokyo,Japan,2022-05-29,2022-06-17,2022-06-17,0,Sea,MSC,Delivered,406,36702.4,0,0.23,low,0.072
SHP-1146,SUP-004,PRD-012,WH-07,Atlanta,United States,London,United Kingdom,2023-04-27,2023-05-02,2023-05-02,0,Sea,CMA CGM,Delivered,464,42131.2,0,0.05,low,0.017
SHP-1147,SUP-014,PRD-040,WH-09,Bogotá,Brazil,São Paulo,Brazil,2022-03-11,2022-03-27,2022-03-27,0,Sea,CMA CGM,Delivered,241,15327.6,0,0.34,low,0.104
SHP-1148,SUP-043,PRD-129,WH-03,Ho Chi Minh City,Australia,Toronto,Canada,2022-09-24,2022-10-13,2022-10-13,0,Road,J.B. Hunt,Delivered,282,37209.9,0,0.22,low,0.069
SHP-1149,SUP-006,PRD-018,WH-10,Bogotá,Peru,Bogotá,Colombia,2023-12-12,2023-12-29,2024-01-03,5,Road,XPO Logistics,Delayed,375,54731.25,1,0.85,medium,0.592
SHP-1150,SUP-008,PRD-023,WH-03,Houston,Mexico,Toronto,Canada,2024-04-02,2024-04-07,2024-04-07,0,Sea,CMA CGM,Delivered,115,1909.0,0,0.06,low,0.019
SHP-1151,SUP-043,PRD-128,WH-03,Sydney,Australia,Toronto,Canada,2022-06-09,2022-06-28,2022-06-29,1,Rail,Union Pacific,Delayed,332,36105.0,1,0.21,medium,0.211
SHP-1152,SUP-030,PRD-090,WH-01,Sydney,Japan,Chicago,United States,2024-11-01,2024-11-19,2024-12-02,13,Air,Emirates SkyCargo,Delayed,315,131040.0,1,0.71,high,0.776
SHP-1153,SUP-050,PRD-148,WH-04,Shanghai,Japan,Houston,United States,2024-03-27,2024-04-14,2024-04-14,0,Sea,CMA CGM,Delivered,157,2072.4,0,0.91,low,0.29
SHP-1154,SUP-046,PRD-137,WH-14,Sydney,India,Johannesburg,South Africa,2023-11-11,2023-12-01,2023-12-01,0,Sea,Maersk,Delivered,364,8590.4,0,0.09,low,0.03
SHP-1155,SUP-023,PRD-069,WH-01,Jakarta,India,Chicago,United States,2024-02-07,2024-03-01,2024-03-03,2,Sea,MSC,Delayed,120,10320.0,1,0.39,medium,0.317
SHP-1156,SUP-043,PRD-128,WH-01,Mumbai,Australia,Chicago,United States,2022-09-30,2022-10-19,2022-10-19,0,Road,DB Schenker,Delivered,445,67751.25,0,0.31,low,0.096
SHP-1157,SUP-017,PRD-051,WH-15,Nairobi,Egypt,Lagos,Nigeria,2022-12-22,2023-01-23,2023-01-23,0,Air,FedEx,Delivered,389,67297.0,0,0.35,low,0.106
SHP-1158,SUP-036,PRD-106,WH-08,Cairo,Kenya,Amsterdam,Netherlands,2022-12-10,2022-12-30,2022-12-30,0,Rail,DB Cargo,Delivered,464,41760.0,0,0.86,low,0.279
SHP-1159,SUP-027,PRD-081,WH-15,Stockholm,Germany,Lagos,Nigeria,2024-10-18,2024-10-28,2024-10-28,0,Sea,Maersk,Delivered,350,5670.0,0,0.5,low,0.157
SHP-1160,SUP-022,PRD-065,WH-06,Bogotá,Chile,Paris,France,2022-02-02,2022-02-20,2022-02-20,0,Road,DB Schenker,Delivered,442,48111.7,0,0.13,low,0.042
SHP-1161,SUP-001,PRD-001,WH-07,Accra,Nigeria,London,United Kingdom,2022-09-03,2022-09-29,2022-09-29,0,Road,XPO Logistics,Delivered,494,40977.3,0,0.6,low,0.19
SHP-1162,SUP-036,PRD-108,WH-13,Lagos,Kenya,Tokyo,Japan,2024-11-19,2024-12-09,2024-12-20,11,Sea,MSC,Delayed,177,13239.6,1,0.68,high,0.775
SHP-1163,SUP-024,PRD-071,WH-13,Jakarta,Indonesia,Tokyo,Japan,2023-11-03,2023-11-25,2023-11-26,1,Sea,Maersk,Delayed,438,5080.8,1,0.78,medium,0.397
SHP-1164,SUP-049,PRD-147,WH-02,Houston,Canada,Los Angeles,United States,2024-05-22,2024-05-27,2024-05-27,0,Air,Emirates SkyCargo,Delivered,156,70200.0,0,0.34,low,0.105
SHP-1165,SUP-013,PRD-039,WH-13,Ho Chi Minh City,Singapore,Tokyo,Japan,2023-10-15,2023-11-04,2023-11-04,0,Sea,Maersk,Delivered,376,31960.0,0,0.23,low,0.071
SHP-1166,SUP-036,PRD-108,WH-14,Accra,Kenya,Johannesburg,South Africa,2022-09-27,2022-10-17,2022-10-20,3,Sea,CMA CGM,Delayed,458,34258.4,1,0.88,medium,0.52
SHP-1167,SUP-031,PRD-091,WH-03,New York,United States,Toronto,Canada,2024-05-26,2024-05-30,2024-05-30,0,Road,DB Schenker,Delivered,425,30940.0,0,0.88,low,0.279
SHP-1168,SUP-039,PRD-116,WH-09,Atlanta,Mexico,São Paulo,Brazil,2022-12-10,2022-12-15,2022-12-18,3,Sea,CMA CGM,Delayed,477,45887.4,1,0.55,medium,0.408
SHP-1169,SUP-040,PRD-120,WH-02,Warsaw,United Kingdom,Los Angeles,United States,2024-01-15,2024-01-25,2024-02-02,8,Air,DHL,Delayed,175,65275.0,1,0.94,high,0.753
SHP-1170,SUP-011,PRD-031,WH-04,Bogotá,Brazil,Houston,United States,2022-10-02,2022-10-13,2022-10-14,1,Road,J.B. Hunt,Delayed,351,29115.45,1,0.61,medium,0.338
SHP-1171,SUP-007,PRD-019,WH-03,Los Angeles,Canada,Toronto,Canada,2023-10-30,2023-11-03,2023-11-03,0,Air,DHL,Delivered,185,81400.0,0,0.45,low,0.143
SHP-1172,SUP-003,PRD-009,WH-08,Warsaw,Italy,Amsterdam,Netherlands,2023-01-09,2023-01-14,2023-01-14,0,Sea,CMA CGM,Delivered,288,26438.4,0,0.24,low,0.075
SHP-1173,SUP-030,PRD-090,WH-15,Seoul,Japan,Lagos,Nigeria,2024-10-20,2024-11-07,2024-11-07,0,Rail,Union Pacific,Delivered,249,25896.0,0,0.92,low,0.289
SHP-1174,SUP-034,PRD-102,WH-07,Cairo,South Africa,London,United Kingdom,2022-11-03,2022-11-30,2022-12-01,1,Rail,BNSF Railway,Delayed,105,6903.75,1,0.93,medium,0.436
SHP-1175,SUP-024,PRD-070,WH-13,Mumbai,Indonesia,Tokyo,Japan,2022-12-21,2023-01-12,2023-01-12,0,Air,DHL,Delivered,117,46332.0,0,0.9,low,0.288
SHP-1176,SUP-011,PRD-031,WH-07,Buenos Aires,Brazil,London,United Kingdom,2022-01-15,2022-01-26,2022-01-26,0,Air,Emirates SkyCargo,Delivered,24,5688.0,0,0.62,low,0.196
SHP-1177,SUP-039,PRD-115,WH-11,Atlanta,Mexico,Santiago,Chile,2024-12-15,2024-12-20,2024-12-20,0,Sea,MSC,In Transit,226,3616.0,0,0.51,low,0.161
SHP-1178,SUP-008,PRD-024,WH-05,Toronto,Mexico,Berlin,Germany,2023-01-06,2023-01-11,2023-01-11,0,Sea,CMA CGM,Delivered,205,18614.0,0,0.22,low,0.067
SHP-1179,SUP-023,PRD-068,WH-01,Sydney,India,Chicago,United States,2022-11-13,2022-12-06,2022-12-06,0,Rail,Union Pacific,Delivered,92,5405.0,0,0.54,low,0.172
SHP-1180,SUP-038,PRD-114,WH-05,Dallas,Canada,Berlin,Germany,2023-05-09,2023-05-12,2023-05-12,0,Sea,Maersk,Delivered,387,9907.2,0,0.18,low,0.056
SHP-1181,SUP-011,PRD-033,WH-05,Buenos Aires,Brazil,Berlin,Germany,2022-05-10,2022-05-21,2022-05-22,1,Road,XPO Logistics,Delayed,494,62071.1,1,0.52,medium,0.311
SHP-1182,SUP-042,PRD-124,WH-09,Bogotá,Peru,São Paulo,Brazil,2024-12-28,2025-01-10,2025-01-10,0,Road,XPO Logistics,In Transit,71,8051.4,0,0.57,low,0.181
SHP-1183,SUP-026,PRD-078,WH-15,Nairobi,South Africa,Lagos,Nigeria,2023-04-29,2023-05-20,2023-05-26,6,Air,FedEx,Delayed,379,33352.0,1,0.64,high,0.568
SHP-1184,SUP-041,PRD-123,WH-02,Jakarta,India,Los Angeles,United States,2023-09-23,2023-10-12,2023-10-12,0,Road,DB Schenker,Delivered,397,45853.5,0,0.27,low,0.084
SHP-1185,SUP-037,PRD-109,WH-07,Warsaw,Germany,London,United Kingdom,2022-12-11,2022-12-20,2022-12-22,2,Road,J.B. Hunt,Delayed,386,6890.1,1,0.87,medium,0.471
SHP-1186,SUP-016,PRD-047,WH-13,Johannesburg,Kenya,Tokyo,Japan,2023-01-18,2023-02-11,2023-02-12,1,Sea,CMA CGM,Delayed,259,310.8,1,0.88,medium,0.421
SHP-1187,SUP-037,PRD-111,WH-06,Amsterdam,Germany,Paris,France,2024-10-01,2024-10-10,2024-10-10,0,Air,Emirates SkyCargo,Delivered,488,60024.0,0,0.81,low,0.263
SHP-1188,SUP-012,PRD-034,WH-05,Paris,Spain,Berlin,Germany,2022-10-03,2022-10-10,2022-10-10,0,Sea,CMA CGM,Delivered,461,1290.8,0,0.37,low,0.117
SHP-1189,SUP-017,PRD-049,WH-14,Johannesburg,Egypt,Johannesburg,South Africa,2023-06-28,2023-07-30,2023-07-30,0,Road,J.B. Hunt,Delivered,473,37248.75,0,0.19,low,0.058
SHP-1190,SUP-038,PRD-114,WH-07,Vancouver,Canada,London,United Kingdom,2023-12-17,2023-12-20,2023-12-20,0,Road,J.B. Hunt,Delivered,380,17024.0,0,0.31,low,0.095
SHP-1191,SUP-046,PRD-138,WH-04,Seoul,India,Houston,United States,2023-04-30,2023-05-20,2023-05-20,0,Air,DHL,Delivered,123,58425.0,0,0.06,low,0.021
SHP-1192,SUP-025,PRD-073,WH-04,São Paulo,Brazil,Houston,United States,2023-10-19,2023-10-31,2023-11-01,1,Air,DHL,Delayed,466,191992.0,1,0.87,medium,0.417
SHP-1193,SUP-008,PRD-022,WH-03,Toronto,Mexico,Toronto,Canada,2023-12-15,2023-12-20,2023-12-20,0,Air,DHL,Delivered,264,3960.0,0,0.13,low,0.04
SHP-1194,SUP-050,PRD-150,WH-02,Shanghai,Japan,Los Angeles,United States,2023-02-07,2023-02-25,2023-03-27,30,Sea,MSC,Delayed,67,1782.2,1,0.83,high,0.816
SHP-1195,SUP-010,PRD-028,WH-11,Chicago,Mexico,Santiago,Chile,2022-11-06,2022-11-09,2022-11-09,0,Air,DHL,Delivered,80,880.0,0,0.31,low,0.094
SHP-1196,SUP-048,PRD-143,WH-04,Santiago,Peru,Houston,United States,2022-10-13,2022-10-27,2022-10-28,1,Road,XPO Logistics,Delayed,79,13382.6,1,0.08,medium,0.169
SHP-1197,SUP-031,PRD-091,WH-03,Toronto,United States,Toronto,Canada,2024-10-15,2024-10-19,2024-10-21,2,Sea,MSC,Delayed,497,20675.2,1,0.72,medium,0.421
SHP-1198,SUP-044,PRD-132,WH-06,Johannesburg,Nigeria,Paris,France,2023-08-25,2023-09-15,2023-09-15,0,Air,Emirates SkyCargo,Delivered,26,8736.0,0,0.25,low,0.079
SHP-1199,SUP-035,PRD-105,WH-07,Accra,Kenya,London,United Kingdom,2023-10-04,2023-10-30,2023-10-31,1,Sea,MSC,Delayed,340,28968.0,1,0.21,medium,0.211
SHP-1200,SUP-027,PRD-079,WH-15,Stockholm,Germany,Lagos,Nigeria,2022-10-03,2022-10-13,2022-10-14,1,Air,Emirates SkyCargo,Delayed,119,59262.0,1,0.56,medium,0.32
SHP-1201,SUP-029,PRD-086,WH-04,São Paulo,Colombia,Houston,United States,2022-01-03,2022-01-13,2022-01-16,3,Road,XPO Logistics,Delayed,418,15068.9,1,0.56,medium,0.413
SHP-1202,SUP-037,PRD-109,WH-06,Amsterdam,Germany,Paris,France,2023-10-14,2023-10-23,2023-10-23,0,Sea,MSC,Delivered,177,1805.4,0,0.88,low,0.284
SHP-1203,SUP-012,PRD-034,WH-05,Madrid,Spain,Berlin,Germany,2022-06-03,2022-06-10,2022-06-10,0,Air,FedEx,Delivered,496,6944.0,0,0.37,low,0.117
SHP-1204,SUP-011,PRD-032,WH-07,Buenos Aires,Brazil,London,United Kingdom,2023-11-02,2023-11-13,2023-11-15,2,Sea,CMA CGM,Delayed,63,1625.4,1,0.48,medium,0.344
SHP-1205,SUP-042,PRD-124,WH-04,Buenos Aires,Peru,Houston,United States,2023-12-21,2024-01-03,2024-01-03,0,Air,FedEx,Delivered,153,49572.0,0,0.64,low,0.202
SHP-1206,SUP-014,PRD-042,WH-08,São Paulo,Brazil,Amsterdam,Netherlands,2023-03-31,2023-04-16,2023-04-16,0,Air,DHL,Delivered,83,32204.0,0,0.06,low,0.02
SHP-1207,SUP-029,PRD-086,WH-05,Lima,Colombia,Berlin,Germany,2024-07-13,2024-07-23,2024-07-23,0,Sea,Maersk,Delivered,209,4305.4,0,0.48,low,0.154
SHP-1208,SUP-047,PRD-140,WH-10,Atlanta,United States,Bogotá,Colombia,2024-05-20,2024-05-27,2024-05-27,0,Sea,Maersk,Delivered,90,3690.0,0,0.3,low,0.091
SHP-1209,SUP-022,PRD-065,WH-04,São Paulo,Chile,Houston,United States,2022-10-26,2022-11-13,2022-11-13,0,Air,DHL,Delivered,33,10263.0,0,0.29,low,0.09
SHP-1210,SUP-050,PRD-149,WH-02,Tokyo,Japan,Los Angeles,United States,2024-07-09,2024-07-27,2024-07-27,0,Air,Emirates SkyCargo,Delivered,41,2747.0,0,0.81,low,0.26
SHP-1211,SUP-038,PRD-112,WH-08,New York,Canada,Amsterdam,Netherlands,2024-10-28,2024-10-31,2024-10-31,0,Rail,BNSF Railway,Delivered,51,1122.0,0,0.19,low,0.059
SHP-1212,SUP-017,PRD-051,WH-14,Cairo,Egypt,Johannesburg,South Africa,2022-11-23,2022-12-25,2022-12-26,1,Air,FedEx,Delayed,204,35292.0,1,0.34,medium,0.248
SHP-1213,SUP-023,PRD-068,WH-03,Mumbai,India,Toronto,Canada,2024-10-01,2024-10-24,2024-10-25,1,Air,Emirates SkyCargo,Delayed,366,86010.0,1,0.46,medium,0.293
SHP-1214,SUP-033,PRD-099,WH-11,Atlanta,Mexico,Santiago,Chile,2024-10-13,2024-10-17,2024-10-18,1,Air,DHL,Delayed,363,128139.0,1,0.59,medium,0.33
SHP-1215,SUP-018,PRD-054,WH-03,London,Poland,Toronto,Canada,2024-06-19,2024-06-25,2024-06-25,0,Road,DB Schenker,Delivered,441,37507.05,0,0.39,low,0.127
SHP-1216,SUP-028,PRD-084,WH-10,Lima,Colombia,Bogotá,Colombia,2023-05-08,2023-05-28,2023-05-28,0,Sea,Maersk,Delivered,49,19.6,0,0.64,low,0.199
SHP-1217,SUP-031,PRD-092,WH-11,Los Angeles,United States,Santiago,Chile,2023-09-29,2023-10-03,2023-10-03,0,Air,DHL,Cancelled,45,8640.0,0,0.78,low,0.249
SHP-1218,SUP-037,PRD-111,WH-04,Paris,Germany,Houston,United States,2024-12-09,2024-12-18,2024-12-23,5,Air,Emirates SkyCargo,Delayed,308,37884.0,1,0.88,medium,0.609
SHP-1219,SUP-048,PRD-144,WH-02,Lima,Peru,Los Angeles,United States,2022-01-07,2022-01-21,2022-01-21,0,Road,DB Schenker,Delivered,421,47152.0,0,0.1,low,0.03
SHP-1220,SUP-022,PRD-066,WH-07,Lima,Chile,London,United Kingdom,2022-03-19,2022-04-06,2022-04-06,0,Road,DB Schenker,Delivered,495,54227.25,0,0.32,low,0.099
SHP-1221,SUP-043,PRD-129,WH-15,Mumbai,Australia,Lagos,Nigeria,2024-11-22,2024-12-11,2024-12-11,0,Sea,CMA CGM,Delivered,304,22921.6,0,0.27,low,0.084
SHP-1222,SUP-009,PRD-026,WH-03,Paris,Poland,Toronto,Canada,2022-11-01,2022-11-11,2022-11-12,1,Air,FedEx,Delayed,312,51168.0,1,0.43,medium,0.28
SHP-1223,SUP-020,PRD-058,WH-04,Sydney,Singapore,Houston,United States,2024-12-22,2025-01-19,2025-01-19,0,Air,Emirates SkyCargo,In Transit,486,183222.0,0,0.08,low,0.028
SHP-1224,SUP-043,PRD-128,WH-12,Tokyo,Australia,Singapore,Singapore,2023-12-05,2023-12-24,2023-12-25,1,Sea,CMA CGM,Delayed,452,39324.0,1,0.1,medium,0.178
SHP-1225,SUP-008,PRD-023,WH-01,Toronto,Mexico,Chicago,United States,2022-02-26,2022-03-03,2022-03-03,0,Sea,CMA CGM,Delivered,429,7121.4,0,0.08,low,0.025
SHP-1226,SUP-029,PRD-087,WH-07,Lima,Colombia,London,United Kingdom,2024-11-16,2024-11-26,2024-11-26,0,Road,J.B. Hunt,Delivered,249,30415.35,0,0.62,low,0.196
SHP-1227,SUP-010,PRD-028,WH-05,Chicago,Mexico,Berlin,Germany,2024-10-28,2024-10-31,2024-10-31,0,Rail,BNSF Railway,Delivered,280,770.0,0,0.06,low,0.019
SHP-1228,SUP-007,PRD-021,WH-11,Atlanta,Canada,Santiago,Chile,2023-09-15,2023-09-19,2023-09-20,1,Rail,Union Pacific,Delayed,287,28700.0,1,0.5,medium,0.303
SHP-1229,SUP-020,PRD-060,WH-15,Jakarta,Singapore,Lagos,Nigeria,2024-06-15,2024-07-13,2024-07-13,0,Air,DHL,Delivered,152,8816.0,0,0.21,low,0.067
SHP-1230,SUP-032,PRD-095,WH-08,Cairo,Kenya,Amsterdam,Netherlands,2022-07-11,2022-08-14,2022-08-15,1,Sea,MSC,Delayed,324,18792.0,1,0.47,medium,0.296
SHP-1231,SUP-045,PRD-135,WH-06,London,Poland,Paris,France,2024-11-12,2024-11-24,2024-11-24,0,Road,J.B. Hunt,Delivered,158,12884.9,0,0.29,low,0.091
SHP-1232,SUP-043,PRD-129,WH-14,Seoul,Australia,Johannesburg,South Africa,2024-08-06,2024-08-25,2024-08-25,0,Rail,BNSF Railway,Delivered,496,46748.0,0,0.3,low,0.093
SHP-1233,SUP-046,PRD-138,WH-12,Ho Chi Minh City,India,Singapore,Singapore,2022-03-30,2022-04-19,2022-04-19,0,Air,DHL,Delivered,424,201400.0,0,0.22,low,0.069
SHP-1234,SUP-010,PRD-029,WH-11,Chicago,Mexico,Santiago,Chile,2024-10-09,2024-10-12,2024-10-12,0,Road,XPO Logistics,Delivered,269,30598.75,0,0.14,low,0.043
SHP-1235,SUP-047,PRD-141,WH-06,Houston,United States,Paris,France,2023-11-14,2023-11-21,2023-11-21,0,Sea,MSC,Delivered,317,14138.2,0,0.29,low,0.088
SHP-1236,SUP-046,PRD-138,WH-14,Seoul,India,Johannesburg,South Africa,2023-08-23,2023-09-12,2023-09-12,0,Rail,BNSF Railway,Delivered,347,41206.25,0,0.13,low,0.042
SHP-1237,SUP-043,PRD-128,WH-14,Mumbai,Australia,Johannesburg,South Africa,2023-06-27,2023-07-16,2023-07-16,0,Air,Emirates SkyCargo,Delivered,179,77865.0,0,0.1,low,0.033
SHP-1238,SUP-034,PRD-100,WH-05,Accra,South Africa,Berlin,Germany,2023-11-24,2023-12-21,2023-12-22,1,Sea,Maersk,Delayed,442,36332.4,1,0.84,medium,0.409
SHP-1239,SUP-023,PRD-069,WH-01,Shanghai,India,Chicago,United States,2024-10-26,2024-11-18,2024-11-18,0,Rail,DB Cargo,Delivered,156,16770.0,0,0.51,low,0.163
SHP-1240,SUP-039,PRD-117,WH-06,Houston,Mexico,Paris,France,2022-03-26,2022-03-31,2022-04-01,1,Sea,CMA CGM,Delayed,247,24700.0,1,0.53,medium,0.312
SHP-1241,SUP-006,PRD-017,WH-09,Lima,Peru,São Paulo,Brazil,2022-10-27,2022-11-13,2022-11-28,15,Sea,CMA CGM,Delayed,406,16889.6,1,0.95,high,0.847
SHP-1242,SUP-045,PRD-133,WH-08,Warsaw,Poland,Amsterdam,Netherlands,2023-12-14,2023-12-26,2023-12-26,0,Sea,Maersk,Delivered,42,462.0,0,0.33,low,0.103
SHP-1243,SUP-026,PRD-078,WH-15,Cairo,South Africa,Lagos,Nigeria,2023-11-12,2023-12-03,2023-12-03,0,Road,XPO Logistics,Delivered,204,6283.2,0,0.62,low,0.192
SHP-1244,SUP-023,PRD-068,WH-15,Seoul,India,Lagos,Nigeria,2022-11-11,2022-12-04,2022-12-04,0,Rail,BNSF Railway,Delivered,168,9870.0,0,0.43,low,0.139
SHP-1245,SUP-041,PRD-122,WH-14,Tokyo,India,Johannesburg,South Africa,2024-08-20,2024-09-08,2024-09-08,0,Rail,BNSF Railway,Delivered,53,4226.75,0,0.28,low,0.087
SHP-1246,SUP-011,PRD-033,WH-02,Lima,Brazil,Los Angeles,United States,2022-03-27,2022-04-07,2022-04-07,0,Road,DB Schenker,Delivered,256,32166.4,0,0.6,low,0.19
SHP-1247,SUP-013,PRD-037,WH-03,Tokyo,Singapore,Toronto,Canada,2024-06-25,2024-07-15,2024-07-15,0,Rail,DB Cargo,Delivered,449,33787.25,0,0.15,low,0.047
SHP-1248,SUP-016,PRD-047,WH-12,Nairobi,Kenya,Singapore,Singapore,2024-05-14,2024-06-07,2024-06-18,11,Rail,Union Pacific,Delayed,376,564.0,1,0.84,high,0.814
SHP-1249,SUP-034,PRD-101,WH-12,Accra,South Africa,Singapore,Singapore,2023-10-02,2023-10-29,2023-11-12,14,Sea,MSC,Delayed,431,41634.6,1,0.85,high,0.817
SHP-1250,SUP-010,PRD-028,WH-07,Toronto,Mexico,London,United Kingdom,2024-11-12,2024-11-15,2024-11-15,0,Rail,BNSF Railway,Delivered,42,115.5,0,0.16,low,0.049
SHP-1251,SUP-007,PRD-020,WH-02,Dallas,Canada,Los Angeles,United States,2024-12-25,2024-12-29,2024-12-29,0,Road,XPO Logistics,In Transit,235,12337.5,0,0.44,low,0.14
SHP-1252,SUP-032,PRD-096,WH-05,Johannesburg,Kenya,Berlin,Germany,2024-11-20,2024-12-24,2024-12-24,0,Air,Emirates SkyCargo,Delivered,48,11664.0,0,0.46,low,0.148
SHP-1253,SUP-001,PRD-001,WH-14,Accra,Nigeria,Johannesburg,South Africa,2023-09-09,2023-10-05,2023-10-15,10,Air,DHL,Delayed,170,40290.0,1,0.63,high,0.749
SHP-1254,SUP-030,PRD-090,WH-03,Sydney,Japan,Toronto,Canada,2024-06-02,2024-06-20,2024-06-30,10,Air,FedEx,Delayed,181,75296.0,1,0.78,high,0.797
SHP-1255,SUP-029,PRD-086,WH-05,Bogotá,Colombia,Berlin,Germany,2022-03-01,2022-03-11,2022-03-11,0,Sea,MSC,Delivered,133,2739.8,0,0.41,low,0.133
SHP-1256,SUP-038,PRD-114,WH-01,Dallas,Canada,Chicago,United States,2023-11-26,2023-11-29,2023-11-29,0,Sea,Maersk,Delivered,457,11699.2,0,0.24,low,0.074
SHP-1257,SUP-032,PRD-095,WH-07,Johannesburg,Kenya,London,United Kingdom,2022-08-11,2022-09-14,2022-09-16,2,Air,DHL,Delayed,24,6960.0,1,0.56,medium,0.368
SHP-1258,SUP-046,PRD-137,WH-01,Seoul,India,Chicago,United States,2023-10-25,2023-11-14,2023-11-14,0,Sea,MSC,Delivered,375,8850.0,0,0.25,low,0.078
SHP-1259,SUP-025,PRD-074,WH-11,Bogotá,Brazil,Santiago,Chile,2022-05-18,2022-05-30,2022-05-31,1,Air,FedEx,Delayed,486,170100.0,1,0.94,medium,0.438
SHP-1260,SUP-038,PRD-113,WH-06,Dallas,Canada,Paris,France,2024-10-04,2024-10-07,2024-10-07,0,Sea,MSC,Delivered,266,24312.4,0,0.26,low,0.08
SHP-1261,SUP-041,PRD-121,WH-02,Tokyo,India,Los Angeles,United States,2022-12-21,2023-01-09,2023-01-09,0,Rail,Union Pacific,Delivered,247,27911.0,0,0.33,low,0.102
SHP-1262,SUP-002,PRD-005,WH-13,Lagos,Ghana,Tokyo,Japan,2024-04-16,2024-05-13,2024-05-13,0,Sea,MSC,Delivered,58,2644.8,0,0.39,low,0.127
SHP-1263,SUP-010,PRD-028,WH-01,Houston,Mexico,Chicago,United States,2024-12-18,2024-12-21,2024-12-21,0,Road,DB Schenker,In Transit,195,750.75,0,0.12,low,0.037
SHP-1264,SUP-028,PRD-084,WH-07,Santiago,Colombia,London,United Kingdom,2024-12-26,2025-01-15,2025-01-17,2,Rail,BNSF Railway,Delayed,106,53.0,1,0.46,medium,0.335
SHP-1265,SUP-022,PRD-066,WH-11,Bogotá,Chile,Santiago,Chile,2024-12-25,2025-01-12,2025-01-13,1,Sea,MSC,Delayed,44,2754.4,1,0.06,medium,0.166
SHP-1266,SUP-033,PRD-098,WH-09,New York,Mexico,São Paulo,Brazil,2023-08-08,2023-08-12,2023-08-12,0,Air,DHL,Delivered,452,86784.0,0,0.61,low,0.191
SHP-1267,SUP-010,PRD-028,WH-04,Toronto,Mexico,Houston,United States,2024-07-05,2024-07-08,2024-07-08,0,Road,J.B. Hunt,Delivered,271,1043.35,0,0.25,low,0.076
SHP-1268,SUP-044,PRD-132,WH-15,Cairo,Nigeria,Lagos,Nigeria,2024-06-16,2024-07-07,2024-07-07,0,Air,Emirates SkyCargo,Delivered,170,57120.0,0,0.24,low,0.076
SHP-1269,SUP-047,PRD-141,WH-03,Vancouver,United States,Toronto,Canada,2022-12-14,2022-12-21,2022-12-23,2,Road,DB Schenker,Delayed,370,28878.5,1,0.1,medium,0.221
SHP-1270,SUP-007,PRD-020,WH-10,Chicago,Canada,Bogotá,Colombia,2022-05-05,2022-05-09,2022-05-13,4,Rail,DB Cargo,Delayed,150,5625.0,1,0.45,medium,0.423
SHP-1271,SUP-044,PRD-130,WH-14,Cairo,Nigeria,Johannesburg,South Africa,2023-04-16,2023-05-07,2023-05-07,0,Road,DB Schenker,Delivered,339,57426.6,0,0.32,low,0.1
SHP-1272,SUP-027,PRD-079,WH-01,Berlin,Germany,Chicago,United States,2022-03-15,2022-03-25,2022-03-25,0,Road,J.B. Hunt,Delivered,73,12723.9,0,0.5,low,0.157
SHP-1273,SUP-049,PRD-146,WH-05,Vancouver,Canada,Berlin,Germany,2024-10-31,2024-11-05,2024-11-05,0,Rail,Union Pacific,Delivered,196,5096.0,0,0.35,low,0.108
SHP-1274,SUP-023,PRD-068,WH-03,Jakarta,India,Toronto,Canada,2023-06-20,2023-07-13,2023-07-15,2,Road,DB Schenker,Delayed,372,30597.0,1,0.37,medium,0.311
SHP-1275,SUP-043,PRD-129,WH-02,Singapore,Australia,Los Angeles,United States,2024-12-25,2025-01-13,2025-01-13,0,Road,DB Schenker,In Transit,143,18868.85,0,0.24,low,0.075
SHP-1276,SUP-011,PRD-031,WH-06,Santiago,Brazil,Paris,France,2024-10-25,2024-11-05,2024-11-05,0,Sea,CMA CGM,Delivered,396,18770.4,0,0.47,low,0.151
SHP-1277,SUP-044,PRD-132,WH-12,Accra,Nigeria,Singapore,Singapore,2024-12-16,2025-01-06,2025-01-06,0,Air,Emirates SkyCargo,In Transit,326,109536.0,0,0.07,low,0.025
SHP-1278,SUP-026,PRD-077,WH-05,Cairo,South Africa,Berlin,Germany,2022-08-03,2022-08-24,2022-08-25,1,Sea,Maersk,Delayed,434,33244.4,1,0.38,medium,0.265
SHP-1279,SUP-049,PRD-147,WH-06,Dallas,Canada,Paris,France,2022-10-27,2022-11-01,2022-11-01,0,Sea,MSC,Delivered,103,9270.0,0,0.21,low,0.066
SHP-1280,SUP-021,PRD-063,WH-13,Seoul,Australia,Tokyo,Japan,2022-08-19,2022-09-16,2022-09-16,0,Sea,Maersk,Delivered,471,28071.6,0,0.82,low,0.261
SHP-1281,SUP-015,PRD-045,WH-14,Berlin,Germany,Johannesburg,South Africa,2022-10-27,2022-11-02,2022-11-03,1,Air,DHL,Delayed,374,92752.0,1,0.81,medium,0.41
SHP-1282,SUP-035,PRD-104,WH-12,Johannesburg,Kenya,Singapore,Singapore,2022-04-03,2022-04-29,2022-04-29,0,Sea,CMA CGM,Delivered,464,15776.0,0,0.22,low,0.069
SHP-1283,SUP-047,PRD-140,WH-11,Los Angeles,United States,Santiago,Chile,2022-01-23,2022-01-30,2022-01-30,0,Air,FedEx,Delivered,427,87535.0,0,0.08,low,0.025
SHP-1284,SUP-006,PRD-018,WH-01,Lima,Peru,Chicago,United States,2023-08-16,2023-09-02,2023-09-09,7,Sea,Maersk,Delayed,422,35194.8,1,0.79,high,0.664
SHP-1285,SUP-032,PRD-096,WH-05,Lagos,Kenya,Berlin,Germany,2023-10-07,2023-11-10,2023-11-16,6,Sea,CMA CGM,Delayed,424,20606.4,1,0.38,high,0.494
SHP-1286,SUP-001,PRD-001,WH-14,Cairo,Nigeria,Johannesburg,South Africa,2024-04-07,2024-05-03,2024-05-08,5,Air,FedEx,Delayed,400,94800.0,1,0.53,medium,0.494
SHP-1287,SUP-034,PRD-100,WH-08,Johannesburg,South Africa,Amsterdam,Netherlands,2022-04-05,2022-05-02,2022-05-02,0,Sea,Maersk,Delivered,57,4685.4,0,0.65,low,0.207
SHP-1288,SUP-045,PRD-134,WH-02,Madrid,Poland,Los Angeles,United States,2022-06-27,2022-07-09,2022-07-09,0,Road,XPO Logistics,Delivered,164,16129.4,0,0.05,low,0.019
SHP-1289,SUP-034,PRD-102,WH-08,Johannesburg,South Africa,Amsterdam,Netherlands,2024-03-27,2024-04-23,2024-04-23,0,Road,DB Schenker,Delivered,41,3774.05,0,0.81,low,0.255
SHP-1290,SUP-002,PRD-005,WH-06,Cairo,Ghana,Paris,France,2024-05-09,2024-06-05,2024-06-06,1,Sea,CMA CGM,Delayed,309,14090.4,1,0.54,medium,0.317
SHP-1291,SUP-014,PRD-041,WH-07,Santiago,Brazil,London,United Kingdom,2022-02-01,2022-02-17,2022-02-17,0,Road,J.B. Hunt,Delivered,479,61527.55,0,0.24,low,0.074
SHP-1292,SUP-011,PRD-032,WH-06,Santiago,Brazil,Paris,France,2022-05-29,2022-06-09,2022-06-11,2,Air,FedEx,Delayed,452,58308.0,1,0.37,medium,0.311
SHP-1293,SUP-035,PRD-104,WH-14,Accra,Kenya,Johannesburg,South Africa,2022-10-14,2022-11-09,2022-11-09,0,Road,DB Schenker,Delivered,252,14994.0,0,0.3,low,0.093
SHP-1294,SUP-044,PRD-132,WH-05,Cairo,Nigeria,Berlin,Germany,2022-01-31,2022-02-21,2022-02-22,1,Road,J.B. Hunt,Delayed,208,24460.8,1,0.33,medium,0.248
SHP-1295,SUP-007,PRD-020,WH-10,New York,Canada,Bogotá,Colombia,2024-11-11,2024-11-15,2024-11-15,0,Rail,Union Pacific,Delivered,269,10087.5,0,0.49,low,0.155
SHP-1296,SUP-048,PRD-142,WH-08,Buenos Aires,Peru,Amsterdam,Netherlands,2024-09-26,2024-10-10,2024-10-10,0,Road,XPO Logistics,Delivered,297,28378.35,0,0.25,low,0.075
SHP-1297,SUP-045,PRD-135,WH-07,Madrid,Poland,London,United Kingdom,2022-07-08,2022-07-20,2022-07-20,0,Rail,Union Pacific,Delivered,156,9087.0,0,0.1,low,0.034
SHP-1298,SUP-013,PRD-039,WH-15,Jakarta,Singapore,Lagos,Nigeria,2024-11-15,2024-12-05,2024-12-05,0,Sea,CMA CGM,Delivered,471,40035.0,0,0.35,low,0.107
SHP-1299,SUP-022,PRD-066,WH-03,Bogotá,Chile,Toronto,Canada,2024-11-22,2024-12-10,2024-12-10,0,Sea,Maersk,Delivered,183,11455.8,0,0.18,low,0.057
SHP-1300,SUP-038,PRD-112,WH-01,Toronto,Canada,Chicago,United States,2022-09-16,2022-09-19,2022-09-19,0,Road,J.B. Hunt,Delivered,314,9671.2,0,0.06,low,0.02
SHP-1301,SUP-049,PRD-145,WH-02,Dallas,Canada,Los Angeles,United States,2023-03-26,2023-03-31,2023-03-31,0,Sea,Maersk,Delivered,255,3264.0,0,0.1,low,0.033
SHP-1302,SUP-012,PRD-035,WH-04,London,Spain,Houston,United States,2024-10-27,2024-11-03,2024-11-05,2,Sea,CMA CGM,Delayed,473,18825.4,1,0.59,medium,0.373
SHP-1303,SUP-001,PRD-001,WH-15,Cairo,Nigeria,Lagos,Nigeria,2024-12-01,2024-12-27,2024-12-27,0,Rail,BNSF Railway,In Transit,113,6695.25,0,0.4,low,0.13
SHP-1304,SUP-022,PRD-066,WH-05,Buenos Aires,Chile,Berlin,Germany,2023-10-13,2023-10-31,2023-10-31,0,Sea,MSC,Delivered,23,1439.8,0,0.19,low,0.06
SHP-1305,SUP-006,PRD-017,WH-06,São Paulo,Peru,Paris,France,2023-10-20,2023-11-06,2023-11-10,4,Rail,BNSF Railway,Delayed,64,3328.0,1,0.74,medium,0.514
SHP-1306,SUP-033,PRD-097,WH-01,New York,Mexico,Chicago,United States,2023-04-11,2023-04-15,2023-04-15,0,Sea,CMA CGM,Delivered,89,8294.8,0,0.41,low,0.131
SHP-1307,SUP-003,PRD-008,WH-06,Warsaw,Italy,Paris,France,2023-10-05,2023-10-10,2023-10-10,0,Air,FedEx,Delivered,151,60702.0,0,0.32,low,0.099
SHP-1308,SUP-045,PRD-133,WH-14,Madrid,Poland,Johannesburg,South Africa,2023-11-02,2023-11-14,2023-11-14,0,Sea,CMA CGM,Delivered,92,1012.0,0,0.29,low,0.091
SHP-1309,SUP-039,PRD-116,WH-11,Houston,Mexico,Santiago,Chile,2024-04-24,2024-04-29,2024-04-29,0,Sea,MSC,Delivered,412,39634.4,0,0.38,low,0.122
SHP-1310,SUP-049,PRD-145,WH-07,Toronto,Canada,London,United Kingdom,2023-12-03,2023-12-08,2023-12-08,0,Road,XPO Logistics,Delivered,38,851.2,0,0.13,low,0.042
SHP-1311,SUP-004,PRD-010,WH-10,Dallas,United States,Bogotá,Colombia,2023-03-31,2023-04-05,2023-04-07,2,Sea,CMA CGM,Delayed,204,10852.8,1,0.18,medium,0.246
SHP-1312,SUP-039,PRD-115,WH-10,Toronto,Mexico,Bogotá,Colombia,2024-05-11,2024-05-16,2024-05-16,0,Sea,CMA CGM,Delivered,242,3872.0,0,0.36,low,0.116
SHP-1313,SUP-033,PRD-098,WH-04,Houston,Mexico,Houston,United States,2023-05-30,2023-06-03,2023-06-03,0,Sea,CMA CGM,Delivered,175,6720.0,0,0.64,low,0.2
SHP-1314,SUP-026,PRD-076,WH-12,Nairobi,South Africa,Singapore,Singapore,2024-04-11,2024-05-02,2024-05-02,0,Air,DHL,Delivered,248,11656.0,0,0.59,low,0.183
SHP-1315,SUP-023,PRD-069,WH-12,Sydney,India,Singapore,Singapore,2024-01-08,2024-01-31,2024-01-31,0,Air,FedEx,Delivered,101,43430.0,0,0.41,low,0.133
SHP-1316,SUP-016,PRD-048,WH-14,Accra,Kenya,Johannesburg,South Africa,2022-03-11,2022-04-04,2022-04-14,10,Sea,CMA CGM,Delayed,178,9896.8,1,0.87,high,0.823
SHP-1317,SUP-046,PRD-138,WH-13,Mumbai,India,Tokyo,Japan,2022-07-24,2022-08-13,2022-08-13,0,Sea,CMA CGM,Delivered,218,20710.0,0,0.08,low,0.027
SHP-1318,SUP-047,PRD-139,WH-03,New York,United States,Toronto,Canada,2023-08-28,2023-09-04,2023-09-04,0,Sea,CMA CGM,Delivered,379,5912.4,0,0.1,low,0.031
SHP-1319,SUP-044,PRD-130,WH-12,Accra,Nigeria,Singapore,Singapore,2024-01-30,2024-02-20,2024-02-20,0,Rail,Union Pacific,Delivered,377,45617.0,0,0.33,low,0.103
SHP-1320,SUP-047,PRD-139,WH-01,Los Angeles,United States,Chicago,United States,2022-10-04,2022-10-11,2022-10-11,0,Rail,BNSF Railway,Delivered,202,3939.0,0,0.31,low,0.094
SHP-1321,SUP-006,PRD-016,WH-11,Santiago,Peru,Santiago,Chile,2022-11-07,2022-11-24,2022-11-24,0,Rail,Union Pacific,Delivered,428,8132.0,0,0.85,low,0.267
SHP-1322,SUP-047,PRD-141,WH-09,Vancouver,United States,São Paulo,Brazil,2023-11-27,2023-12-04,2023-12-05,1,Rail,Union Pacific,Delayed,71,3958.25,1,0.28,medium,0.23
SHP-1323,SUP-048,PRD-142,WH-11,Santiago,Peru,Santiago,Chile,2022-04-12,2022-04-26,2022-04-26,0,Road,DB Schenker,Delivered,349,33346.95,0,0.06,low,0.018
SHP-1324,SUP-020,PRD-060,WH-13,Shanghai,Singapore,Tokyo,Japan,2022-01-20,2022-02-17,2022-02-17,0,Sea,Maersk,Delivered,175,2030.0,0,0.28,low,0.088
SHP-1325,SUP-002,PRD-004,WH-15,Johannesburg,Ghana,Lagos,Nigeria,2023-07-23,2023-08-19,2023-08-19,0,Rail,Union Pacific,Delivered,43,139.75,0,0.5,low,0.16
SHP-1326,SUP-048,PRD-143,WH-10,São Paulo,Peru,Bogotá,Colombia,2023-09-07,2023-09-21,2023-09-21,0,Rail,BNSF Railway,Delivered,192,23232.0,0,0.31,low,0.093
SHP-1327,SUP-043,PRD-127,WH-04,Jakarta,Australia,Houston,United States,2023-05-14,2023-06-02,2023-06-02,0,Air,DHL,Delivered,205,85075.0,0,0.17,low,0.054
SHP-1328,SUP-003,PRD-007,WH-03,Milan,Italy,Toronto,Canada,2022-01-27,2022-02-01,2022-02-01,0,Sea,CMA CGM,Delivered,50,3760.0,0,0.07,low,0.024
SHP-1329,SUP-030,PRD-090,WH-15,Singapore,Japan,Lagos,Nigeria,2024-10-16,2024-11-03,2024-11-11,8,Rail,DB Cargo,Delayed,359,37336.0,1,0.71,high,0.686
SHP-1330,SUP-024,PRD-071,WH-04,Mumbai,Indonesia,Houston,United States,2023-11-13,2023-12-05,2023-12-05,0,Air,DHL,Delivered,131,7598.0,0,0.7,low,0.228
SHP-1331,SUP-028,PRD-082,WH-10,Santiago,Colombia,Bogotá,Colombia,2023-03-12,2023-04-01,2023-04-02,1,Sea,MSC,Delayed,74,2974.8,1,0.49,medium,0.299
SHP-1332,SUP-022,PRD-064,WH-07,São Paulo,Chile,London,United Kingdom,2023-01-18,2023-02-05,2023-02-05,0,Road,XPO Logistics,Delivered,424,67373.6,0,0.12,low,0.039
SHP-1333,SUP-027,PRD-079,WH-06,Berlin,Germany,Paris,France,2022-03-07,2022-03-17,2022-03-17,0,Road,J.B. Hunt,Delivered,43,7494.9,0,0.46,low,0.145
SHP-1334,SUP-001,PRD-003,WH-12,Accra,Nigeria,Singapore,Singapore,2022-10-03,2022-10-29,2022-10-30,1,Road,J.B. Hunt,Delayed,494,65010.4,1,0.35,medium,0.26
SHP-1335,SUP-047,PRD-140,WH-05,New York,United States,Berlin,Germany,2024-07-12,2024-07-19,2024-07-19,0,Air,DHL,Delivered,323,66215.0,0,0.27,low,0.082
SHP-1336,SUP-033,PRD-098,WH-03,Dallas,Mexico,Toronto,Canada,2022-11-22,2022-11-26,2022-11-26,0,Air,DHL,Delivered,472,90624.0,0,0.56,low,0.176
SHP-1337,SUP-035,PRD-104,WH-08,Accra,Kenya,Amsterdam,Netherlands,2023-11-28,2023-12-24,2023-12-25,1,Air,FedEx,Delayed,78,13260.0,1,0.08,medium,0.172
SHP-1338,SUP-028,PRD-082,WH-01,Lima,Colombia,Chicago,United States,2023-12-06,2023-12-26,2023-12-30,4,Road,XPO Logistics,Delayed,54,3798.9,1,0.46,medium,0.425
SHP-1339,SUP-039,PRD-115,WH-06,Vancouver,Mexico,Paris,France,2022-01-09,2022-01-14,2022-01-14,0,Sea,Maersk,Delivered,277,4432.0,0,0.48,low,0.152
SHP-1340,SUP-039,PRD-116,WH-10,Los Angeles,Mexico,Bogotá,Colombia,2023-10-03,2023-10-08,2023-10-08,0,Sea,MSC,Delivered,105,10101.0,0,0.56,low,0.176
SHP-1341,SUP-009,PRD-026,WH-14,Berlin,Poland,Johannesburg,South Africa,2022-04-14,2022-04-24,2022-04-24,0,Rail,Union Pacific,Delivered,293,12013.0,0,0.58,low,0.18
SHP-1342,SUP-048,PRD-144,WH-01,São Paulo,Peru,Chicago,United States,2024-02-08,2024-02-22,2024-02-24,2,Sea,Maersk,Delayed,431,27584.0,1,0.2,medium,0.25
SHP-1343,SUP-027,PRD-080,WH-05,Paris,Germany,Berlin,Germany,2024-11-18,2024-11-28,2024-12-01,3,Sea,Maersk,Delayed,47,2218.4,1,0.4,medium,0.362
SHP-1344,SUP-019,PRD-057,WH-02,Lima,Peru,Los Angeles,United States,2022-09-19,2022-10-02,2022-10-02,0,Sea,CMA CGM,Delivered,99,554.4,0,0.37,low,0.121
SHP-1345,SUP-008,PRD-023,WH-09,Vancouver,Mexico,São Paulo,Brazil,2023-07-25,2023-07-30,2023-07-30,0,Rail,BNSF Railway,Delivered,402,8341.5,0,0.08,low,0.025
SHP-1346,SUP-032,PRD-095,WH-06,Johannesburg,Kenya,Paris,France,2022-09-17,2022-10-21,2022-10-21,0,Air,Emirates SkyCargo,Delivered,126,36540.0,0,0.64,low,0.202
SHP-1347,SUP-023,PRD-069,WH-01,Mumbai,India,Chicago,United States,2023-11-12,2023-12-05,2023-12-05,0,Air,DHL,Delivered,144,61920.0,0,0.46,low,0.148
SHP-1348,SUP-017,PRD-049,WH-05,Accra,Egypt,Berlin,Germany,2022-07-11,2022-08-12,2022-08-12,0,Sea,MSC,Delivered,120,5400.0,0,0.05,low,0.016
SHP-1349,SUP-005,PRD-014,WH-15,Amsterdam,Italy,Lagos,Nigeria,2024-06-20,2024-06-26,2024-06-26,0,Rail,DB Cargo,Delivered,332,20169.0,0,0.21,low,0.067
SHP-1350,SUP-012,PRD-034,WH-05,London,Spain,Berlin,Germany,2022-07-03,2022-07-10,2022-07-10,0,Road,J.B. Hunt,Delivered,57,279.3,0,0.49,low,0.153
SHP-1351,SUP-030,PRD-090,WH-12,Seoul,Japan,Singapore,Singapore,2024-12-23,2025-01-10,2025-01-10,0,Air,Emirates SkyCargo,Cancelled,297,123552.0,0,0.9,low,0.283
SHP-1352,SUP-006,PRD-018,WH-04,Santiago,Peru,Houston,United States,2022-11-29,2022-12-16,2022-12-17,1,Rail,Union Pacific,Delayed,269,28043.25,1,0.65,medium,0.352
SHP-1353,SUP-005,PRD-014,WH-03,Stockholm,Italy,Toronto,Canada,2024-05-05,2024-05-11,2024-05-11,0,Sea,Maersk,Delivered,216,10497.6,0,0.12,low,0.04
SHP-1354,SUP-031,PRD-091,WH-02,Dallas,United States,Los Angeles,United States,2024-01-12,2024-01-16,2024-01-18,2,Sea,CMA CGM,Delayed,38,1580.8,1,0.78,medium,0.439
SHP-1355,SUP-033,PRD-098,WH-04,Atlanta,Mexico,Houston,United States,2023-01-22,2023-01-26,2023-01-26,0,Sea,MSC,Delivered,351,13478.4,0,0.53,low,0.167
SHP-1356,SUP-015,PRD-044,WH-08,London,Germany,Amsterdam,Netherlands,2022-12-12,2022-12-18,2022-12-21,3,Air,DHL,Delayed,150,56250.0,1,0.71,medium,0.47
SHP-1357,SUP-032,PRD-096,WH-05,Nairobi,Kenya,Berlin,Germany,2023-10-19,2023-11-22,2023-11-23,1,Sea,CMA CGM,Delayed,345,16767.0,1,0.62,medium,0.341
SHP-1358,SUP-004,PRD-012,WH-05,Los Angeles,United States,Berlin,Germany,2022-12-10,2022-12-15,2022-12-15,0,Road,J.B. Hunt,Delivered,327,51960.3,0,0.22,low,0.068
SHP-1359,SUP-030,PRD-089,WH-02,Mumbai,Japan,Los Angeles,United States,2023-11-25,2023-12-13,2023-12-13,0,Road,DB Schenker,Delivered,255,4284.0,0,0.94,low,0.295
SHP-1360,SUP-016,PRD-047,WH-14,Nairobi,Kenya,Johannesburg,South Africa,2024-12-24,2025-01-17,2025-01-18,1,Rail,DB Cargo,Delayed,434,651.0,1,0.86,medium,0.415
SHP-1361,SUP-007,PRD-019,WH-10,Vancouver,Canada,Bogotá,Colombia,2024-11-12,2024-11-16,2024-11-16,0,Road,DB Schenker,Delivered,489,75306.0,0,0.56,low,0.176
SHP-1362,SUP-046,PRD-137,WH-15,Jakarta,India,Lagos,Nigeria,2024-07-17,2024-08-06,2024-08-06,0,Road,DB Schenker,Delivered,389,16065.7,0,0.28,low,0.087
SHP-1363,SUP-044,PRD-131,WH-06,Nairobi,Nigeria,Paris,France,2023-05-07,2023-05-28,2023-05-28,0,Rail,Union Pacific,Delivered,221,442.0,0,0.17,low,0.055
SHP-1364,SUP-049,PRD-147,WH-06,Dallas,Canada,Paris,France,2022-05-11,2022-05-16,2022-05-16,0,Air,DHL,Delivered,195,87750.0,0,0.14,low,0.045
SHP-1365,SUP-002,PRD-006,WH-14,Accra,Ghana,Johannesburg,South Africa,2023-11-12,2023-12-09,2023-12-09,0,Rail,Union Pacific,Delivered,280,17360.0,0,0.38,low,0.124
SHP-1366,SUP-027,PRD-079,WH-03,London,Germany,Toronto,Canada,2023-10-24,2023-11-03,2023-11-03,0,Sea,MSC,Delivered,223,22210.8,0,0.44,low,0.139
SHP-1367,SUP-034,PRD-100,WH-15,Lagos,South Africa,Lagos,Nigeria,2022-01-28,2022-02-24,2022-02-24,0,Sea,CMA CGM,Delivered,321,26386.2,0,0.95,low,0.297
SHP-1368,SUP-023,PRD-067,WH-14,Tokyo,India,Johannesburg,South Africa,2024-11-21,2024-12-14,2024-12-14,0,Air,DHL,Delivered,232,64032.0,0,0.59,low,0.187
SHP-1369,SUP-025,PRD-074,WH-02,Buenos Aires,Brazil,Los Angeles,United States,2022-04-25,2022-05-07,2022-05-14,7,Air,Emirates SkyCargo,Delayed,482,168700.0,1,0.66,high,0.624
SHP-1370,SUP-039,PRD-117,WH-08,Los Angeles,Mexico,Amsterdam,Netherlands,2024-10-12,2024-10-17,2024-10-17,0,Road,XPO Logistics,Delivered,92,16100.0,0,0.63,low,0.197
SHP-1371,SUP-007,PRD-020,WH-06,Vancouver,Canada,Paris,France,2022-07-09,2022-07-13,2022-07-13,0,Sea,Maersk,Delivered,205,6150.0,0,0.59,low,0.185
SHP-1372,SUP-046,PRD-137,WH-01,Sydney,India,Chicago,United States,2024-11-01,2024-11-21,2024-11-21,0,Air,Emirates SkyCargo,Delivered,353,41654.0,0,0.32,low,0.099
SHP-1373,SUP-037,PRD-109,WH-06,Milan,Germany,Paris,France,2023-02-02,2023-02-11,2023-02-18,7,Air,Emirates SkyCargo,Delayed,230,11730.0,1,0.89,high,0.702
SHP-1374,SUP-050,PRD-148,WH-02,Singapore,Japan,Los Angeles,United States,2024-08-05,2024-08-23,2024-08-26,3,Air,FedEx,Delayed,21,1386.0,1,0.68,medium,0.456
SHP-1375,SUP-006,PRD-018,WH-09,Bogotá,Peru,São Paulo,Brazil,2022-11-09,2022-11-26,2022-11-26,0,Air,FedEx,Delivered,186,77562.0,0,0.84,low,0.264
SHP-1376,SUP-046,PRD-136,WH-12,Shanghai,India,Singapore,Singapore,2022-11-08,2022-11-28,2022-11-28,0,Sea,CMA CGM,Delivered,85,408.0,0,0.07,low,0.024
SHP-1377,SUP-016,PRD-047,WH-13,Lagos,Kenya,Tokyo,Japan,2022-09-03,2022-09-27,2022-09-28,1,Road,XPO Logistics,Delayed,410,861.0,1,0.77,medium,0.388
SHP-1378,SUP-044,PRD-132,WH-15,Cairo,Nigeria,Lagos,Nigeria,2022-12-03,2022-12-24,2022-12-24,0,Air,DHL,Delivered,213,71568.0,0,0.24,low,0.076
SHP-1379,SUP-028,PRD-084,WH-11,Lima,Colombia,Santiago,Chile,2024-10-20,2024-11-09,2024-11-09,0,Road,J.B. Hunt,Delivered,458,320.6,0,0.5,low,0.157
SHP-1380,SUP-021,PRD-062,WH-01,Jakarta,Australia,Chicago,United States,2023-12-23,2024-01-20,2024-01-20,0,Sea,Maersk,Delivered,95,836.0,0,0.7,low,0.225
SHP-1381,SUP-045,PRD-135,WH-04,Amsterdam,Poland,Houston,United States,2023-01-25,2023-02-06,2023-02-06,0,Air,FedEx,Delivered,206,47998.0,0,0.31,low,0.097
SHP-1382,SUP-047,PRD-141,WH-04,New York,United States,Houston,United States,2023-11-03,2023-11-10,2023-11-10,0,Rail,Union Pacific,Delivered,223,12432.25,0,0.08,low,0.025
SHP-1383,SUP-005,PRD-015,WH-04,Berlin,Italy,Houston,United States,2024-11-13,2024-11-19,2024-11-19,0,Road,XPO Logistics,Delivered,411,16974.3,0,0.2,low,0.064
SHP-1384,SUP-014,PRD-040,WH-04,São Paulo,Brazil,Houston,United States,2022-10-13,2022-10-29,2022-10-30,1,Rail,BNSF Railway,Delayed,133,10573.5,1,0.32,medium,0.243
SHP-1385,SUP-040,PRD-120,WH-14,London,United Kingdom,Johannesburg,South Africa,2022-07-03,2022-07-13,2022-07-24,11,Rail,Union Pacific,Delayed,293,27322.25,1,0.91,high,0.834
SHP-1386,SUP-031,PRD-092,WH-04,New York,United States,Houston,United States,2024-06-25,2024-06-29,2024-06-30,1,Sea,CMA CGM,Delayed,98,3763.2,1,0.69,medium,0.367
SHP-1387,SUP-014,PRD-042,WH-06,São Paulo,Brazil,Paris,France,2022-08-06,2022-08-22,2022-08-22,0,Rail,Union Pacific,Delivered,306,29682.0,0,0.35,low,0.107
SHP-1388,SUP-050,PRD-150,WH-01,Seoul,Japan,Chicago,United States,2023-01-01,2023-01-19,2023-01-20,1,Rail,Union Pacific,Delayed,128,4256.0,1,0.76,medium,0.39
SHP-1389,SUP-005,PRD-014,WH-08,Milan,Italy,Amsterdam,Netherlands,2024-10-18,2024-10-24,2024-10-25,1,Road,DB Schenker,Delayed,73,6208.65,1,0.3,medium,0.239
SHP-1390,SUP-001,PRD-002,WH-08,Lagos,Nigeria,Amsterdam,Netherlands,2023-09-17,2023-10-13,2023-10-13,0,Air,DHL,Delivered,474,122292.0,0,0.55,low,0.175
SHP-1391,SUP-019,PRD-056,WH-11,Santiago,Peru,Santiago,Chile,2022-04-28,2022-05-11,2022-05-12,1,Road,J.B. Hunt,Delayed,262,13938.4,1,0.55,medium,0.32
SHP-1392,SUP-030,PRD-088,WH-04,Ho Chi Minh City,Japan,Houston,United States,2023-11-19,2023-12-07,2023-12-08,1,Air,DHL,Delayed,239,28680.0,1,0.94,medium,0.44
SHP-1393,SUP-023,PRD-067,WH-13,Jakarta,India,Tokyo,Japan,2023-11-07,2023-11-30,2023-11-30,0,Air,Emirates SkyCargo,Delivered,66,18216.0,0,0.52,low,0.166
SHP-1394,SUP-030,PRD-090,WH-02,Jakarta,Japan,Los Angeles,United States,2024-07-12,2024-07-30,2024-07-31,1,Air,DHL,Delayed,29,12064.0,1,0.73,medium,0.377
SHP-1395,SUP-033,PRD-097,WH-08,Chicago,Mexico,Amsterdam,Netherlands,2022-05-26,2022-05-30,2022-05-30,0,Air,Emirates SkyCargo,Delivered,358,166828.0,0,0.38,low,0.122
SHP-1396,SUP-025,PRD-073,WH-01,Lima,Brazil,Chicago,United States,2023-05-14,2023-05-26,2023-06-15,20,Sea,CMA CGM,Delayed,252,20764.8,1,0.77,high,0.792
SHP-1397,SUP-041,PRD-123,WH-15,Mumbai,India,Lagos,Nigeria,2023-11-08,2023-11-27,2023-11-28,1,Road,XPO Logistics,Delayed,244,28182.0,1,0.25,medium,0.223
SHP-1398,SUP-046,PRD-136,WH-15,Jakarta,India,Lagos,Nigeria,2024-12-22,2025-01-11,2025-01-11,0,Sea,CMA CGM,In Transit,235,1128.0,0,0.16,low,0.051
SHP-1399,SUP-045,PRD-133,WH-15,Madrid,Poland,Lagos,Nigeria,2022-12-25,2023-01-06,2023-01-06,0,Sea,Maersk,Delivered,282,3102.0,0,0.25,low,0.079
SHP-1400,SUP-042,PRD-126,WH-03,Buenos Aires,Peru,Toronto,Canada,2022-10-04,2022-10-17,2022-10-17,0,Sea,Maersk,Delivered,416,5574.4,0,0.45,low,0.145
SHP-1401,SUP-030,PRD-089,WH-03,Singapore,Japan,Toronto,Canada,2023-08-05,2023-08-23,2023-08-23,0,Sea,CMA CGM,Cancelled,257,2467.2,0,0.77,low,0.244
SHP-1402,SUP-025,PRD-075,WH-08,Santiago,Brazil,Amsterdam,Netherlands,2024-10-13,2024-10-25,2024-10-30,5,Rail,DB Cargo,Delayed,234,17491.5,1,0.89,medium,0.603
SHP-1403,SUP-030,PRD-089,WH-14,Shanghai,Japan,Johannesburg,South Africa,2023-06-11,2023-06-29,2023-07-02,3,Sea,MSC,Delayed,121,1161.6,1,0.66,medium,0.446
SHP-1404,SUP-050,PRD-149,WH-03,Sydney,Japan,Toronto,Canada,2023-01-17,2023-02-04,2023-02-05,1,Sea,Maersk,Delayed,311,4167.4,1,0.86,medium,0.42
SHP-1405,SUP-020,PRD-059,WH-02,Shanghai,Singapore,Los Angeles,United States,2024-01-30,2024-02-27,2024-02-27,0,Air,FedEx,Delivered,76,16796.0,0,0.1,low,0.034
SHP-1406,SUP-014,PRD-041,WH-04,Buenos Aires,Brazil,Houston,United States,2024-05-23,2024-06-08,2024-06-08,0,Road,J.B. Hunt,Delivered,168,21579.6,0,0.32,low,0.098
SHP-1407,SUP-044,PRD-132,WH-08,Accra,Nigeria,Amsterdam,Netherlands,2024-03-16,2024-04-06,2024-04-06,0,Sea,Maersk,Delivered,172,11558.4,0,0.34,low,0.106
SHP-1408,SUP-050,PRD-149,WH-03,Mumbai,Japan,Toronto,Canada,2023-09-22,2023-10-10,2023-10-10,0,Air,DHL,Delivered,222,14874.0,0,0.82,low,0.263
SHP-1409,SUP-043,PRD-129,WH-02,Mumbai,Australia,Los Angeles,United States,2023-06-14,2023-07-03,2023-07-03,0,Air,FedEx,Delivered,469,176813.0,0,0.17,low,0.054
SHP-1410,SUP-002,PRD-006,WH-05,Lagos,Ghana,Berlin,Germany,2023-12-14,2024-01-10,2024-01-13,3,Road,XPO Logistics,Delayed,314,27255.2,1,0.55,medium,0.41
SHP-1411,SUP-039,PRD-117,WH-06,Atlanta,Mexico,Paris,France,2022-10-28,2022-11-02,2022-11-02,0,Sea,Maersk,Delivered,373,37300.0,0,0.4,low,0.128
SHP-1412,SUP-036,PRD-106,WH-13,Nairobi,Kenya,Tokyo,Japan,2023-09-10,2023-09-30,2023-10-01,1,Road,DB Schenker,Delayed,192,24192.0,1,0.79,medium,0.403
SHP-1413,SUP-042,PRD-124,WH-11,São Paulo,Peru,Santiago,Chile,2023-11-19,2023-12-02,2023-12-03,1,Rail,DB Cargo,Delayed,390,31590.0,1,0.53,medium,0.314
SHP-1414,SUP-041,PRD-121,WH-12,Seoul,India,Singapore,Singapore,2023-12-30,2024-01-18,2024-01-18,0,Road,XPO Logistics,Delivered,395,62489.0,0,0.31,low,0.096
SHP-1415,SUP-027,PRD-080,WH-02,Warsaw,Germany,Los Angeles,United States,2023-01-25,2023-02-04,2023-02-04,0,Road,DB Schenker,Delivered,21,1734.6,0,0.52,low,0.163
SHP-1416,SUP-033,PRD-097,WH-07,Houston,Mexico,London,United Kingdom,2022-05-21,2022-05-25,2022-05-25,0,Sea,MSC,Delivered,376,35043.2,0,0.45,low,0.143
SHP-1417,SUP-030,PRD-088,WH-13,Tokyo,Japan,Tokyo,Japan,2023-04-02,2023-04-20,2023-04-21,1,Rail,DB Cargo,Delayed,444,13320.0,1,0.77,medium,0.389
SHP-1418,SUP-046,PRD-138,WH-01,Shanghai,India,Chicago,United States,2023-11-06,2023-11-26,2023-11-26,0,Air,DHL,Delivered,29,13775.0,0,0.14,low,0.045
SHP-1419,SUP-046,PRD-137,WH-14,Sydney,India,Johannesburg,South Africa,2024-11-23,2024-12-13,2024-12-13,0,Air,FedEx,Delivered,215,25370.0,0,0.28,low,0.087
SHP-1420,SUP-005,PRD-013,WH-06,Milan,Italy,Paris,France,2024-06-16,2024-06-22,2024-06-23,1,Rail,Union Pacific,Delayed,126,4095.0,1,0.3,medium,0.239
SHP-1421,SUP-005,PRD-013,WH-08,Stockholm,Italy,Amsterdam,Netherlands,2024-12-09,2024-12-15,2024-12-15,0,Sea,MSC,In Transit,404,10504.0,0,0.15,low,0.049
SHP-1422,SUP-050,PRD-148,WH-02,Mumbai,Japan,Los Angeles,United States,2022-10-01,2022-10-19,2022-10-20,1,Air,DHL,Delayed,88,5808.0,1,0.75,medium,0.387
SHP-1423,SUP-041,PRD-121,WH-02,Mumbai,India,Los Angeles,United States,2022-10-09,2022-10-28,2022-10-28,0,Sea,CMA CGM,Delivered,374,33809.6,0,0.09,low,0.03
SHP-1424,SUP-033,PRD-098,WH-10,Chicago,Mexico,Bogotá,Colombia,2024-06-15,2024-06-19,2024-06-20,1,Road,DB Schenker,Delayed,147,9878.4,1,0.62,medium,0.339
SHP-1425,SUP-005,PRD-013,WH-01,Stockholm,Italy,Chicago,United States,2022-10-24,2022-10-30,2022-10-30,0,Road,DB Schenker,Delivered,107,4868.5,0,0.12,low,0.04
SHP-1426,SUP-019,PRD-056,WH-11,São Paulo,Peru,Santiago,Chile,2022-09-18,2022-10-01,2022-10-01,0,Rail,BNSF Railway,Delivered,434,16492.0,0,0.57,low,0.181
SHP-1427,SUP-002,PRD-004,WH-13,Lagos,Ghana,Tokyo,Japan,2022-12-01,2022-12-28,2022-12-28,0,Air,DHL,Delivered,471,6123.0,0,0.46,low,0.148
SHP-1428,SUP-034,PRD-102,WH-12,Nairobi,South Africa,Singapore,Singapore,2024-08-05,2024-09-01,2024-09-01,0,Sea,CMA CGM,Delivered,373,19619.8,0,0.8,low,0.252
SHP-1429,SUP-022,PRD-065,WH-10,Lima,Chile,Bogotá,Colombia,2023-01-10,2023-01-28,2023-01-29,1,Sea,CMA CGM,Delayed,466,28985.2,1,0.33,medium,0.247
SHP-1430,SUP-014,PRD-042,WH-05,Buenos Aires,Brazil,Berlin,Germany,2023-11-27,2023-12-13,2023-12-13,0,Rail,DB Cargo,Delivered,99,9603.0,0,0.14,low,0.044
SHP-1431,SUP-004,PRD-012,WH-10,Dallas,United States,Bogotá,Colombia,2024-03-18,2024-03-23,2024-03-23,0,Sea,CMA CGM,Delivered,391,35502.8,0,0.27,low,0.083
SHP-1432,SUP-021,PRD-062,WH-02,Mumbai,Australia,Los Angeles,United States,2024-07-13,2024-08-10,2024-08-10,0,Air,DHL,Delivered,64,2816.0,0,0.94,low,0.297
SHP-1433,SUP-011,PRD-033,WH-05,Lima,Brazil,Berlin,Germany,2023-12-18,2023-12-29,2024-01-05,7,Road,J.B. Hunt,Delayed,489,61442.85,1,0.62,high,0.611
SHP-1434,SUP-007,PRD-020,WH-01,Vancouver,Canada,Chicago,United States,2023-08-20,2023-08-24,2023-08-24,0,Rail,BNSF Railway,Delivered,97,3637.5,0,0.46,low,0.146
SHP-1435,SUP-042,PRD-126,WH-07,Bogotá,Peru,London,United Kingdom,2023-12-28,2024-01-10,2024-01-11,1,Road,XPO Logistics,Delayed,272,6378.4,1,0.38,medium,0.269
SHP-1436,SUP-015,PRD-043,WH-04,Warsaw,Germany,Houston,United States,2024-11-06,2024-11-12,2024-11-15,3,Air,FedEx,Delayed,110,17820.0,1,0.76,medium,0.485
SHP-1437,SUP-026,PRD-078,WH-07,Accra,South Africa,London,United Kingdom,2024-02-23,2024-03-15,2024-03-16,1,Road,J.B. Hunt,Delayed,296,9116.8,1,0.59,medium,0.328
SHP-1438,SUP-018,PRD-053,WH-01,Madrid,Poland,Chicago,United States,2024-06-25,2024-07-01,2024-07-01,0,Sea,CMA CGM,Delivered,275,3355.0,0,0.5,low,0.16
SHP-1439,SUP-042,PRD-125,WH-09,Bogotá,Peru,São Paulo,Brazil,2022-10-28,2022-11-10,2022-11-13,3,Road,J.B. Hunt,Delayed,198,4643.1,1,0.37,medium,0.356
SHP-1440,SUP-026,PRD-076,WH-13,Cairo,South Africa,Tokyo,Japan,2023-06-12,2023-07-03,2023-07-03,0,Sea,CMA CGM,Delivered,356,3346.4,0,0.41,low,0.129
SHP-1441,SUP-043,PRD-129,WH-04,Sydney,Australia,Houston,United States,2023-04-23,2023-05-12,2023-05-12,0,Sea,MSC,Delivered,426,32120.4,0,0.1,low,0.033
SHP-1442,SUP-028,PRD-084,WH-11,São Paulo,Colombia,Santiago,Chile,2023-11-18,2023-12-08,2023-12-12,4,Air,Emirates SkyCargo,Delayed,208,416.0,1,0.52,medium,0.443
SHP-1443,SUP-014,PRD-040,WH-07,Bogotá,Brazil,London,United Kingdom,2023-10-02,2023-10-18,2023-10-19,1,Road,J.B. Hunt,Delayed,317,35282.1,1,0.17,medium,0.198
SHP-1444,SUP-033,PRD-097,WH-05,Toronto,Mexico,Berlin,Germany,2024-12-10,2024-12-14,2024-12-14,0,Rail,DB Cargo,In Transit,240,27960.0,0,0.46,low,0.146
SHP-1445,SUP-027,PRD-081,WH-01,Berlin,Germany,Chicago,United States,2023-11-27,2023-12-07,2023-12-08,1,Air,Emirates SkyCargo,Delayed,295,23895.0,1,0.58,medium,0.326
SHP-1446,SUP-004,PRD-010,WH-09,Houston,United States,São Paulo,Brazil,2022-11-18,2022-11-23,2022-11-24,1,Air,DHL,Delayed,68,18088.0,1,0.33,medium,0.246
SHP-1447,SUP-015,PRD-043,WH-02,Madrid,Germany,Los Angeles,United States,2024-11-13,2024-11-19,2024-11-19,0,Road,J.B. Hunt,Delivered,98,5556.6,0,0.91,low,0.295
SHP-1448,SUP-040,PRD-119,WH-14,Milan,United Kingdom,Johannesburg,South Africa,2024-04-02,2024-04-12,2024-04-22,10,Sea,CMA CGM,Delayed,295,19411.0,1,0.67,high,0.762
SHP-1449,SUP-025,PRD-074,WH-11,São Paulo,Brazil,Santiago,Chile,2022-03-29,2022-04-10,2022-04-28,18,Sea,CMA CGM,Delayed,288,20160.0,1,0.79,high,0.798
SHP-1450,SUP-026,PRD-078,WH-08,Cairo,South Africa,Amsterdam,Netherlands,2024-04-02,2024-04-23,2024-04-23,0,Road,J.B. Hunt,Delivered,80,2464.0,0,0.53,low,0.165
SHP-1451,SUP-049,PRD-145,WH-04,Atlanta,Canada,Houston,United States,2022-12-28,2023-01-02,2023-01-02,0,Air,DHL,Delivered,118,7552.0,0,0.1,low,0.033
SHP-1452,SUP-025,PRD-075,WH-10,São Paulo,Brazil,Bogotá,Colombia,2023-12-07,2023-12-19,2023-12-19,0,Road,J.B. Hunt,Delivered,489,51173.85,0,0.91,low,0.284
SHP-1453,SUP-048,PRD-142,WH-10,Santiago,Peru,Bogotá,Colombia,2023-12-20,2024-01-03,2024-01-03,0,Road,J.B. Hunt,Delivered,373,35640.15,0,0.21,low,0.063
SHP-1454,SUP-045,PRD-133,WH-14,Amsterdam,Poland,Johannesburg,South Africa,2022-08-16,2022-08-28,2022-08-29,1,Sea,MSC,Delayed,30,330.0,1,0.27,medium,0.23
SHP-1455,SUP-050,PRD-148,WH-12,Shanghai,Japan,Singapore,Singapore,2022-01-12,2022-01-30,2022-01-31,1,Sea,Maersk,Delayed,466,6151.2,1,0.68,medium,0.366
SHP-1456,SUP-026,PRD-078,WH-14,Nairobi,South Africa,Johannesburg,South Africa,2023-01-03,2023-01-24,2023-01-24,0,Rail,BNSF Railway,Delivered,383,8426.0,0,0.35,low,0.111
SHP-1457,SUP-028,PRD-084,WH-11,Santiago,Colombia,Santiago,Chile,2022-12-17,2023-01-06,2023-01-06,0,Road,J.B. Hunt,Delivered,51,35.7,0,0.37,low,0.118
SHP-1458,SUP-031,PRD-093,WH-11,Toronto,United States,Santiago,Chile,2024-07-25,2024-07-29,2024-07-29,0,Air,Emirates SkyCargo,Delivered,475,17100.0,0,0.71,low,0.228
SHP-1459,SUP-038,PRD-114,WH-11,Houston,Canada,Santiago,Chile,2023-03-16,2023-03-19,2023-03-19,0,Road,J.B. Hunt,Delivered,192,8601.6,0,0.24,low,0.074
SHP-1460,SUP-044,PRD-132,WH-12,Lagos,Nigeria,Singapore,Singapore,2024-03-25,2024-04-15,2024-04-16,1,Rail,DB Cargo,Delayed,20,1680.0,1,0.34,medium,0.251
SHP-1461,SUP-017,PRD-049,WH-05,Lagos,Egypt,Berlin,Germany,2023-04-08,2023-05-10,2023-05-11,1,Road,J.B. Hunt,Delayed,134,10552.5,1,0.15,medium,0.191
SHP-1462,SUP-016,PRD-047,WH-15,Accra,Kenya,Lagos,Nigeria,2024-09-03,2024-09-27,2024-09-27,0,Road,DB Schenker,Delivered,478,1003.8,0,0.79,low,0.249
SHP-1463,SUP-030,PRD-088,WH-12,Sydney,Japan,Singapore,Singapore,2024-01-29,2024-02-16,2024-02-23,7,Sea,CMA CGM,Delayed,436,10464.0,1,0.73,high,0.647
SHP-1464,SUP-007,PRD-021,WH-03,Vancouver,Canada,Toronto,Canada,2024-06-29,2024-07-03,2024-07-10,7,Road,DB Schenker,Delayed,323,45220.0,1,0.48,high,0.567
SHP-1465,SUP-039,PRD-117,WH-04,Atlanta,Mexico,Houston,United States,2023-12-18,2023-12-23,2023-12-23,0,Air,Emirates SkyCargo,Delivered,28,14000.0,0,0.65,low,0.203
SHP-1466,SUP-049,PRD-145,WH-11,Dallas,Canada,Santiago,Chile,2024-01-25,2024-01-30,2024-01-30,0,Sea,Maersk,Delivered,333,4262.4,0,0.31,low,0.096
SHP-1467,SUP-041,PRD-121,WH-01,Jakarta,India,Chicago,United States,2024-12-19,2025-01-07,2025-01-07,0,Rail,Union Pacific,In Transit,186,21018.0,0,0.12,low,0.039
SHP-1468,SUP-023,PRD-069,WH-14,Shanghai,India,Johannesburg,South Africa,2024-06-29,2024-07-22,2024-07-22,0,Sea,CMA CGM,Delivered,31,2666.0,0,0.48,low,0.154
SHP-1469,SUP-044,PRD-131,WH-05,Accra,Nigeria,Berlin,Germany,2024-04-23,2024-05-14,2024-05-14,0,Air,FedEx,Delivered,313,2504.0,0,0.24,low,0.076
SHP-1470,SUP-037,PRD-109,WH-14,Berlin,Germany,Johannesburg,South Africa,2024-07-25,2024-08-03,2024-08-03,0,Sea,CMA CGM,Delivered,455,4641.0,0,0.82,low,0.266
SHP-1471,SUP-031,PRD-092,WH-02,Houston,United States,Los Angeles,United States,2024-10-29,2024-11-02,2024-11-02,0,Sea,MSC,Delivered,449,17241.6,0,0.79,low,0.252
SHP-1472,SUP-044,PRD-131,WH-06,Cairo,Nigeria,Paris,France,2024-12-28,2025-01-18,2025-01-19,1,Road,J.B. Hunt,Delayed,34,95.2,1,0.13,medium,0.188
SHP-1473,SUP-026,PRD-076,WH-05,Accra,South Africa,Berlin,Germany,2024-03-18,2024-04-08,2024-04-09,1,Road,XPO Logistics,Delayed,103,1694.35,1,0.47,medium,0.292
SHP-1474,SUP-035,PRD-103,WH-12,Cairo,Kenya,Singapore,Singapore,2023-08-17,2023-09-12,2023-09-12,0,Air,Emirates SkyCargo,Delivered,111,36408.0,0,0.13,low,0.042
SHP-1475,SUP-022,PRD-065,WH-06,São Paulo,Chile,Paris,France,2024-12-18,2025-01-05,2025-01-06,1,Air,FedEx,Delayed,176,54736.0,1,0.25,medium,0.223
SHP-1476,SUP-040,PRD-120,WH-08,Milan,United Kingdom,Amsterdam,Netherlands,2023-06-21,2023-07-01,2023-07-01,0,Sea,Maersk,Delivered,27,2014.2,0,0.69,low,0.218
SHP-1477,SUP-034,PRD-101,WH-14,Johannesburg,South Africa,Johannesburg,South Africa,2024-11-24,2024-12-21,2024-12-28,7,Rail,BNSF Railway,Delayed,202,24391.5,1,0.84,high,0.679
SHP-1478,SUP-002,PRD-005,WH-12,Nairobi,Ghana,Singapore,Singapore,2022-07-18,2022-08-14,2022-08-14,0,Air,FedEx,Delivered,297,67716.0,0,0.55,low,0.175
SHP-1479,SUP-024,PRD-071,WH-15,Shanghai,Indonesia,Lagos,Nigeria,2024-10-26,2024-11-17,2024-11-17,0,Rail,BNSF Railway,Delivered,80,1160.0,0,0.81,low,0.261
SHP-1480,SUP-014,PRD-041,WH-08,São Paulo,Brazil,Amsterdam,Netherlands,2022-11-12,2022-11-28,2022-11-28,0,Air,DHL,Delivered,158,57986.0,0,0.33,low,0.101
SHP-1481,SUP-025,PRD-074,WH-11,Lima,Brazil,Santiago,Chile,2022-03-30,2022-04-11,2022-04-13,2,Rail,Union Pacific,Delayed,439,38412.5,1,0.92,medium,0.477
SHP-1482,SUP-015,PRD-044,WH-05,Warsaw,Germany,Berlin,Germany,2022-10-18,2022-10-24,2022-10-24,0,Sea,MSC,Delivered,332,24900.0,0,0.83,low,0.271
SHP-1483,SUP-036,PRD-106,WH-08,Cairo,Kenya,Amsterdam,Netherlands,2022-10-20,2022-11-09,2022-11-10,1,Sea,MSC,Delayed,245,17640.0,1,0.89,medium,0.433
SHP-1484,SUP-022,PRD-065,WH-02,Santiago,Chile,Los Angeles,United States,2024-03-07,2024-03-25,2024-03-25,0,Road,DB Schenker,Delivered,325,35376.25,0,0.12,low,0.039
SHP-1485,SUP-033,PRD-098,WH-03,Los Angeles,Mexico,Toronto,Canada,2023-04-20,2023-04-24,2023-04-24,0,Sea,Maersk,Delivered,90,3456.0,0,0.44,low,0.14
SHP-1486,SUP-049,PRD-146,WH-04,Los Angeles,Canada,Houston,United States,2022-12-07,2022-12-12,2022-12-12,0,Road,J.B. Hunt,Delivered,48,1747.2,0,0.05,low,0.018
SHP-1487,SUP-021,PRD-062,WH-01,Seoul,Australia,Chicago,United States,2022-07-07,2022-08-04,2022-08-12,8,Rail,BNSF Railway,Delayed,93,1023.0,1,0.84,high,0.727
SHP-1488,SUP-035,PRD-104,WH-05,Cairo,Kenya,Berlin,Germany,2023-07-09,2023-08-04,2023-08-04,0,Air,FedEx,Delivered,304,51680.0,0,0.15,low,0.048
SHP-1489,SUP-046,PRD-137,WH-04,Seoul,India,Houston,United States,2023-01-06,2023-01-26,2023-01-26,0,Sea,MSC,Delivered,91,2147.6,0,0.26,low,0.081
SHP-1490,SUP-026,PRD-076,WH-12,Johannesburg,South Africa,Singapore,Singapore,2024-10-25,2024-11-15,2024-11-16,1,Air,DHL,Delayed,48,2256.0,1,0.45,medium,0.286
SHP-1491,SUP-005,PRD-015,WH-05,Stockholm,Italy,Berlin,Germany,2023-09-24,2023-09-30,2023-09-30,0,Sea,MSC,Delivered,261,6159.6,0,0.12,low,0.04
SHP-1492,SUP-029,PRD-087,WH-01,Bogotá,Colombia,Chicago,United States,2022-10-17,2022-10-27,2022-11-02,6,Road,J.B. Hunt,Delayed,171,20887.65,1,0.38,high,0.494
SHP-1493,SUP-035,PRD-103,WH-08,Accra,Kenya,Amsterdam,Netherlands,2023-09-07,2023-10-03,2023-10-03,0,Sea,MSC,Delivered,168,11020.8,0,0.3,low,0.093
SHP-1494,SUP-043,PRD-127,WH-12,Jakarta,Australia,Singapore,Singapore,2023-04-19,2023-05-08,2023-05-08,0,Air,DHL,Delivered,291,120765.0,0,0.12,low,0.039
SHP-1495,SUP-008,PRD-022,WH-04,Houston,Mexico,Houston,United States,2024-12-03,2024-12-08,2024-12-08,0,Rail,Union Pacific,In Transit,499,1871.25,0,0.06,low,0.019
SHP-1496,SUP-036,PRD-108,WH-05,Accra,Kenya,Berlin,Germany,2022-05-20,2022-06-09,2022-06-14,5,Air,Emirates SkyCargo,Delayed,242,90508.0,1,0.71,medium,0.559
SHP-1497,SUP-047,PRD-139,WH-10,Toronto,United States,Bogotá,Colombia,2022-09-08,2022-09-15,2022-09-15,0,Sea,CMA CGM,Delivered,128,1996.8,0,0.33,low,0.1
SHP-1498,SUP-049,PRD-145,WH-05,Chicago,Canada,Berlin,Germany,2022-07-27,2022-08-01,2022-08-01,0,Sea,CMA CGM,Delivered,264,3379.2,0,0.11,low,0.036
SHP-1499,SUP-023,PRD-068,WH-15,Tokyo,India,Lagos,Nigeria,2024-09-08,2024-10-01,2024-10-01,0,Air,FedEx,Delivered,321,75435.0,0,0.63,low,0.199
SHP-1500,SUP-025,PRD-073,WH-01,Santiago,Brazil,Chicago,United States,2022-10-07,2022-10-19,2022-10-24,5,Road,DB Schenker,Delayed,154,22206.8,1,0.94,medium,0.618
SHP-1501,SUP-027,PRD-079,WH-15,Berlin,Germany,Lagos,Nigeria,2024-12-18,2024-12-28,2024-12-28,0,Sea,Maersk,In Transit,292,29083.2,0,0.62,low,0.193
SHP-1502,SUP-047,PRD-141,WH-10,Toronto,United States,Bogotá,Colombia,2022-07-14,2022-07-21,2022-07-21,0,Sea,CMA CGM,Delivered,168,7492.8,0,0.32,low,0.097
SHP-1503,SUP-015,PRD-045,WH-01,Warsaw,Germany,Chicago,United States,2023-07-22,2023-07-28,2023-08-02,5,Rail,BNSF Railway,Delayed,334,20708.0,1,0.87,medium,0.608
SHP-1504,SUP-042,PRD-125,WH-05,Buenos Aires,Peru,Berlin,Germany,2024-01-30,2024-02-12,2024-02-12,0,Sea,CMA CGM,Delivered,312,4180.8,0,0.45,low,0.145
SHP-1505,SUP-039,PRD-115,WH-06,Los Angeles,Mexico,Paris,France,2022-11-24,2022-11-29,2022-11-29,0,Road,J.B. Hunt,Delivered,358,10024.0,0,0.62,low,0.194
SHP-1506,SUP-044,PRD-130,WH-05,Nairobi,Nigeria,Berlin,Germany,2024-12-19,2025-01-09,2025-01-09,0,Sea,MSC,In Transit,480,46464.0,0,0.07,low,0.025
SHP-1507,SUP-002,PRD-005,WH-07,Nairobi,Ghana,London,United Kingdom,2023-11-05,2023-12-02,2023-12-02,0,Road,XPO Logistics,Delivered,237,18912.6,0,0.5,low,0.16
SHP-1508,SUP-014,PRD-042,WH-04,Lima,Brazil,Houston,United States,2024-10-21,2024-11-06,2024-11-07,1,Sea,MSC,Delayed,454,35230.4,1,0.21,medium,0.21
SHP-1509,SUP-007,PRD-021,WH-04,Vancouver,Canada,Houston,United States,2022-06-13,2022-06-17,2022-06-17,0,Road,XPO Logistics,Delivered,397,55580.0,0,0.59,low,0.185
SHP-1510,SUP-046,PRD-138,WH-01,Tokyo,India,Chicago,United States,2024-06-30,2024-07-20,2024-07-21,1,Sea,MSC,Delayed,493,46835.0,1,0.18,medium,0.202
SHP-1511,SUP-018,PRD-052,WH-02,Paris,Poland,Los Angeles,United States,2023-10-04,2023-10-10,2023-10-10,0,Sea,Maersk,Delivered,406,11043.2,0,0.57,low,0.181
SHP-1512,SUP-050,PRD-148,WH-04,Mumbai,Japan,Houston,United States,2022-09-17,2022-10-05,2022-10-14,9,Air,Emirates SkyCargo,Delayed,60,3960.0,1,0.65,high,0.717
SHP-1513,SUP-039,PRD-115,WH-07,Vancouver,Mexico,London,United Kingdom,2023-11-04,2023-11-09,2023-11-10,1,Road,J.B. Hunt,Delayed,291,8148.0,1,0.45,medium,0.288
SHP-1514,SUP-039,PRD-115,WH-06,Los Angeles,Mexico,Paris,France,2022-03-29,2022-04-03,2022-04-04,1,Sea,MSC,Delayed,125,2000.0,1,0.47,medium,0.294
SHP-1515,SUP-027,PRD-081,WH-14,Milan,Germany,Johannesburg,South Africa,2023-02-26,2023-03-08,2023-03-08,0,Rail,DB Cargo,Delivered,131,2652.75,0,0.56,low,0.175
SHP-1516,SUP-038,PRD-114,WH-07,Dallas,Canada,London,United Kingdom,2022-12-02,2022-12-05,2022-12-05,0,Road,J.B. Hunt,Delivered,184,8243.2,0,0.34,low,0.104
SHP-1517,SUP-050,PRD-149,WH-13,Jakarta,Japan,Tokyo,Japan,2023-08-21,2023-09-08,2023-09-15,7,Road,XPO Logistics,Delayed,319,7480.55,1,0.8,high,0.672
SHP-1518,SUP-016,PRD-047,WH-08,Johannesburg,Kenya,Amsterdam,Netherlands,2022-07-27,2022-08-20,2022-09-10,21,Sea,CMA CGM,Delayed,486,583.2,1,0.72,high,0.778
SHP-1519,SUP-037,PRD-109,WH-04,Berlin,Germany,Houston,United States,2022-11-21,2022-11-30,2022-12-03,3,Sea,Maersk,Delayed,195,1989.0,1,0.92,medium,0.531
SHP-1520,SUP-024,PRD-070,WH-13,Sydney,Indonesia,Tokyo,Japan,2024-12-14,2025-01-05,2025-01-20,15,Sea,MSC,Delayed,344,27244.8,1,0.92,high,0.844
SHP-1521,SUP-027,PRD-081,WH-01,Warsaw,Germany,Chicago,United States,2023-10-02,2023-10-12,2023-10-14,2,Air,FedEx,Delayed,129,10449.0,1,0.35,medium,0.302
SHP-1522,SUP-013,PRD-038,WH-14,Mumbai,Singapore,Johannesburg,South Africa,2024-10-09,2024-10-29,2024-10-29,0,Sea,MSC,Delivered,79,3397.0,0,0.21,low,0.065
SHP-1523,SUP-042,PRD-124,WH-07,Bogotá,Peru,London,United Kingdom,2023-03-09,2023-03-22,2023-03-22,0,Road,XPO Logistics,Delivered,234,26535.6,0,0.5,low,0.16
SHP-1524,SUP-022,PRD-066,WH-08,Lima,Chile,Amsterdam,Netherlands,2022-01-08,2022-01-26,2022-01-27,1,Road,J.B. Hunt,Delayed,280,30674.0,1,0.19,medium,0.205
SHP-1525,SUP-023,PRD-068,WH-04,Tokyo,India,Houston,United States,2023-05-01,2023-05-24,2023-05-24,0,Sea,MSC,Delivered,89,4183.0,0,0.6,low,0.19
SHP-1526,SUP-011,PRD-032,WH-02,Buenos Aires,Brazil,Los Angeles,United States,2022-02-13,2022-02-24,2022-02-26,2,Road,XPO Logistics,Delayed,423,19098.45,1,0.38,medium,0.314
SHP-1527,SUP-030,PRD-089,WH-12,Mumbai,Japan,Singapore,Singapore,2023-09-17,2023-10-05,2023-10-14,9,Sea,Maersk,Delayed,300,2880.0,1,0.79,high,0.755
SHP-1528,SUP-045,PRD-135,WH-02,Amsterdam,Poland,Los Angeles,United States,2023-11-15,2023-11-27,2023-11-28,1,Sea,Maersk,Delayed,329,15331.4,1,0.05,medium,0.164
SHP-1529,SUP-010,PRD-029,WH-04,Dallas,Mexico,Houston,United States,2022-11-05,2022-11-08,2022-11-08,0,Road,XPO Logistics,Delivered,493,56078.75,0,0.13,low,0.04
SHP-1530,SUP-045,PRD-133,WH-08,Paris,Poland,Amsterdam,Netherlands,2022-03-13,2022-03-25,2022-03-25,0,Sea,Maersk,Delivered,157,1727.0,0,0.28,low,0.088
SHP-1531,SUP-006,PRD-016,WH-09,Santiago,Peru,São Paulo,Brazil,2022-10-09,2022-10-26,2022-11-05,10,Road,XPO Logistics,Delayed,338,8990.8,1,0.79,high,0.799
SHP-1532,SUP-043,PRD-128,WH-13,Seoul,Australia,Tokyo,Japan,2022-10-23,2022-11-11,2022-11-11,0,Sea,MSC,Delivered,34,2958.0,0,0.23,low,0.072
SHP-1533,SUP-050,PRD-150,WH-15,Seoul,Japan,Lagos,Nigeria,2024-03-09,2024-03-27,2024-03-27,0,Air,DHL,Delivered,211,28063.0,0,0.67,low,0.218
SHP-1534,SUP-037,PRD-110,WH-07,London,Germany,London,United Kingdom,2024-12-22,2024-12-31,2025-01-03,3,Road,XPO Logistics,Delayed,38,2167.9,1,0.71,medium,0.468
SHP-1535,SUP-030,PRD-090,WH-14,Tokyo,Japan,Johannesburg,South Africa,2023-10-05,2023-10-23,2023-10-27,4,Air,DHL,Delayed,418,173888.0,1,0.66,medium,0.491
SHP-1536,SUP-042,PRD-125,WH-01,Santiago,Peru,Chicago,United States,2024-04-28,2024-05-11,2024-05-12,1,Sea,CMA CGM,Delayed,318,4261.2,1,0.36,medium,0.263
SHP-1537,SUP-027,PRD-080,WH-04,Stockholm,Germany,Houston,United States,2023-10-05,2023-10-15,2023-10-15,0,Road,XPO Logistics,Delivered,33,2725.8,0,0.59,low,0.184
SHP-1538,SUP-019,PRD-057,WH-05,São Paulo,Peru,Berlin,Germany,2023-01-24,2023-02-06,2023-02-07,1,Air,DHL,Delayed,124,3472.0,1,0.51,medium,0.308
SHP-1539,SUP-030,PRD-090,WH-12,Singapore,Japan,Singapore,Singapore,2022-06-04,2022-06-22,2022-06-22,0,Road,DB Schenker,Cancelled,465,67704.0,0,0.93,low,0.292
SHP-1540,SUP-023,PRD-069,WH-14,Tokyo,India,Johannesburg,South Africa,2024-10-12,2024-11-04,2024-11-05,1,Road,XPO Logistics,Delayed,262,39431.0,1,0.6,medium,0.335
SHP-1541,SUP-035,PRD-104,WH-07,Lagos,Kenya,London,United Kingdom,2022-10-25,2022-11-20,2022-11-20,0,Rail,DB Cargo,Delivered,114,4845.0,0,0.16,low,0.051
SHP-1542,SUP-008,PRD-024,WH-11,Chicago,Mexico,Santiago,Chile,2022-10-23,2022-10-28,2022-10-28,0,Sea,CMA CGM,Delivered,158,14346.4,0,0.28,low,0.085
SHP-1543,SUP-013,PRD-039,WH-12,Ho Chi Minh City,Singapore,Singapore,Singapore,2023-09-17,2023-10-07,2023-10-07,0,Road,XPO Logistics,Delivered,212,31535.0,0,0.24,low,0.074
SHP-1544,SUP-018,PRD-054,WH-07,Warsaw,Poland,London,United Kingdom,2023-12-25,2023-12-31,2023-12-31,0,Sea,Maersk,Delivered,260,12636.0,0,0.47,low,0.151
SHP-1545,SUP-045,PRD-134,WH-15,Madrid,Poland,Lagos,Nigeria,2022-02-19,2022-03-03,2022-03-03,0,Sea,MSC,Delivered,443,24896.6,0,0.26,low,0.082
SHP-1546,SUP-042,PRD-126,WH-03,São Paulo,Peru,Toronto,Canada,2022-10-19,2022-11-01,2022-11-01,0,Sea,CMA CGM,Delivered,317,4247.8,0,0.63,low,0.199
SHP-1547,SUP-008,PRD-022,WH-11,Dallas,Mexico,Santiago,Chile,2023-08-08,2023-08-13,2023-08-13,0,Road,DB Schenker,Delivered,265,1391.25,0,0.22,low,0.067
SHP-1548,SUP-038,PRD-114,WH-11,Toronto,Canada,Santiago,Chile,2023-03-15,2023-03-18,2023-03-18,0,Rail,BNSF Railway,Delivered,289,9248.0,0,0.13,low,0.041
SHP-1549,SUP-035,PRD-104,WH-14,Accra,Kenya,Johannesburg,South Africa,2023-04-18,2023-05-14,2023-05-14,0,Rail,BNSF Railway,Delivered,76,3230.0,0,0.22,low,0.069
SHP-1550,SUP-037,PRD-110,WH-15,London,Germany,Lagos,Nigeria,2022-06-25,2022-07-04,2022-07-07,3,Road,XPO Logistics,Delayed,221,12608.05,1,0.83,medium,0.504
SHP-1551,SUP-049,PRD-147,WH-03,Houston,Canada,Toronto,Canada,2023-10-30,2023-11-04,2023-11-04,0,Sea,MSC,Delivered,281,25290.0,0,0.18,low,0.057
SHP-1552,SUP-034,PRD-100,WH-05,Johannesburg,South Africa,Berlin,Germany,2023-04-04,2023-05-01,2023-05-03,2,Air,DHL,Delayed,106,43566.0,1,0.67,medium,0.403
SHP-1553,SUP-015,PRD-043,WH-04,London,Germany,Houston,United States,2022-01-30,2022-02-05,2022-02-19,14,Air,DHL,Delayed,29,4698.0,1,0.81,high,0.815
SHP-1554,SUP-030,PRD-088,WH-03,Sydney,Japan,Toronto,Canada,2022-12-01,2022-12-19,2022-12-24,5,Sea,Maersk,Delayed,82,1968.0,1,0.73,medium,0.557
SHP-1555,SUP-031,PRD-091,WH-01,Los Angeles,United States,Chicago,United States,2024-02-27,2024-03-02,2024-03-02,0,Sea,CMA CGM,Delivered,273,11356.8,0,0.71,low,0.228
SHP-1556,SUP-035,PRD-105,WH-13,Accra,Kenya,Tokyo,Japan,2022-04-02,2022-04-28,2022-04-28,0,Road,DB Schenker,Delivered,298,44431.8,0,0.35,low,0.108
SHP-1557,SUP-008,PRD-024,WH-11,Vancouver,Mexico,Santiago,Chile,2023-06-13,2023-06-18,2023-06-19,1,Road,J.B. Hunt,Delayed,283,44968.7,1,0.13,medium,0.185
SHP-1558,SUP-019,PRD-055,WH-04,São Paulo,Peru,Houston,United States,2022-07-18,2022-07-31,2022-08-01,1,Rail,BNSF Railway,Delayed,471,16720.5,1,0.38,medium,0.269
SHP-1559,SUP-008,PRD-024,WH-07,New York,Mexico,London,United Kingdom,2023-06-15,2023-06-20,2023-06-20,0,Road,DB Schenker,Delivered,96,15254.4,0,0.34,low,0.103
SHP-1560,SUP-017,PRD-051,WH-07,Johannesburg,Egypt,London,United Kingdom,2022-05-21,2022-06-22,2022-06-22,0,Air,FedEx,Delivered,230,39790.0,0,0.06,low,0.019
SHP-1561,SUP-026,PRD-077,WH-07,Nairobi,South Africa,London,United Kingdom,2023-07-14,2023-08-04,2023-08-05,1,Air,DHL,Delayed,301,115283.0,1,0.39,medium,0.268
SHP-1562,SUP-045,PRD-135,WH-05,London,Poland,Berlin,Germany,2022-07-07,2022-07-19,2022-07-19,0,Air,DHL,Delivered,282,65706.0,0,0.18,low,0.058
SHP-1563,SUP-024,PRD-070,WH-01,Sydney,Indonesia,Chicago,United States,2022-10-16,2022-11-07,2022-11-09,2,Sea,CMA CGM,Delayed,186,14731.2,1,0.92,medium,0.484
SHP-1564,SUP-035,PRD-103,WH-08,Lagos,Kenya,Amsterdam,Netherlands,2024-04-22,2024-05-18,2024-05-18,0,Air,FedEx,Delivered,28,9184.0,0,0.05,low,0.018
SHP-1565,SUP-008,PRD-022,WH-07,Los Angeles,Mexico,London,United Kingdom,2022-10-13,2022-10-18,2022-10-18,0,Sea,CMA CGM,Delivered,79,237.0,0,0.26,low,0.079
SHP-1566,SUP-006,PRD-018,WH-11,Bogotá,Peru,Santiago,Chile,2023-12-10,2023-12-27,2023-12-29,2,Sea,Maersk,Delayed,51,4253.4,1,0.79,medium,0.439
SHP-1567,SUP-015,PRD-043,WH-05,Madrid,Germany,Berlin,Germany,2024-05-23,2024-05-29,2024-05-30,1,Air,DHL,Delayed,35,5670.0,1,0.68,medium,0.371
SHP-1568,SUP-050,PRD-148,WH-02,Seoul,Japan,Los Angeles,United States,2022-10-01,2022-10-19,2022-10-19,0,Sea,MSC,Delivered,25,330.0,0,0.8,low,0.257
SHP-1569,SUP-033,PRD-098,WH-10,Houston,Mexico,Bogotá,Colombia,2023-06-14,2023-06-18,2023-06-18,0,Rail,Union Pacific,Delivered,355,17040.0,0,0.4,low,0.128
SHP-1570,SUP-013,PRD-038,WH-14,Mumbai,Singapore,Johannesburg,South Africa,2023-09-07,2023-09-27,2023-09-27,0,Air,DHL,Delivered,190,40850.0,0,0.12,low,0.038
SHP-1571,SUP-029,PRD-086,WH-08,Buenos Aires,Colombia,Amsterdam,Netherlands,2023-09-26,2023-10-06,2023-10-07,1,Road,DB Schenker,Delayed,62,2235.1,1,0.5,medium,0.305
SHP-1572,SUP-032,PRD-096,WH-05,Lagos,Kenya,Berlin,Germany,2023-10-13,2023-11-16,2023-11-16,0,Road,XPO Logistics,Delivered,442,37592.1,0,0.49,low,0.157
SHP-1573,SUP-016,PRD-047,WH-13,Johannesburg,Kenya,Tokyo,Japan,2024-11-09,2024-12-03,2024-12-06,3,Rail,BNSF Railway,Delayed,420,630.0,1,0.77,medium,0.478
SHP-1574,SUP-014,PRD-040,WH-02,São Paulo,Brazil,Los Angeles,United States,2024-06-24,2024-07-10,2024-07-10,0,Sea,CMA CGM,Delivered,458,29128.8,0,0.3,low,0.092
SHP-1575,SUP-044,PRD-131,WH-13,Cairo,Nigeria,Tokyo,Japan,2022-06-14,2022-07-05,2022-07-05,0,Sea,MSC,Delivered,27,43.2,0,0.06,low,0.022
SHP-1576,SUP-010,PRD-030,WH-09,Vancouver,Mexico,São Paulo,Brazil,2023-09-10,2023-09-13,2023-09-13,0,Sea,MSC,Delivered,435,10788.0,0,0.11,low,0.034
SHP-1577,SUP-005,PRD-014,WH-03,Warsaw,Italy,Toronto,Canada,2022-11-09,2022-11-15,2022-11-15,0,Air,FedEx,Delivered,424,103032.0,0,0.24,low,0.076
SHP-1578,SUP-022,PRD-066,WH-03,Buenos Aires,Chile,Toronto,Canada,2022-10-13,2022-10-31,2022-10-31,0,Sea,MSC,Delivered,349,21847.4,0,0.3,low,0.093
SHP-1579,SUP-011,PRD-031,WH-08,Lima,Brazil,Amsterdam,Netherlands,2024-10-06,2024-10-17,2024-10-17,0,Sea,Maersk,Delivered,291,13793.4,0,0.39,low,0.127
SHP-1580,SUP-021,PRD-061,WH-14,Mumbai,Australia,Johannesburg,South Africa,2024-12-26,2025-01-23,2025-02-06,14,Air,DHL,Delayed,290,99760.0,1,0.81,high,0.808
SHP-1581,SUP-042,PRD-125,WH-06,São Paulo,Peru,Paris,France,2024-04-09,2024-04-22,2024-04-22,0,Air,DHL,Delivered,438,29346.0,0,0.38,low,0.124
SHP-1582,SUP-004,PRD-010,WH-02,Toronto,United States,Los Angeles,United States,2024-01-30,2024-02-04,2024-02-04,0,Sea,CMA CGM,Delivered,115,6118.0,0,0.12,low,0.038
SHP-1583,SUP-003,PRD-007,WH-03,Berlin,Italy,Toronto,Canada,2023-09-29,2023-10-04,2023-10-04,0,Sea,Maersk,Delivered,274,20604.8,0,0.09,low,0.03
SHP-1584,SUP-048,PRD-144,WH-08,Lima,Peru,Amsterdam,Netherlands,2022-10-06,2022-10-20,2022-10-21,1,Air,FedEx,Delayed,301,96320.0,1,0.3,medium,0.235
SHP-1585,SUP-044,PRD-132,WH-14,Johannesburg,Nigeria,Johannesburg,South Africa,2022-07-03,2022-07-24,2022-07-25,1,Air,FedEx,Delayed,436,146496.0,1,0.09,medium,0.176
SHP-1586,SUP-010,PRD-030,WH-05,Los Angeles,Mexico,Berlin,Germany,2024-08-13,2024-08-16,2024-08-16,0,Air,Emirates SkyCargo,Delivered,73,9052.0,0,0.32,low,0.097
SHP-1587,SUP-030,PRD-088,WH-04,Shanghai,Japan,Houston,United States,2024-11-05,2024-11-23,2024-11-29,6,Rail,Union Pacific,Delayed,440,13200.0,1,0.81,high,0.626
SHP-1588,SUP-029,PRD-085,WH-08,São Paulo,Colombia,Amsterdam,Netherlands,2023-11-08,2023-11-18,2023-11-19,1,Air,FedEx,Delayed,492,127920.0,1,0.4,medium,0.275
SHP-1589,SUP-039,PRD-117,WH-05,Chicago,Mexico,Berlin,Germany,2023-12-25,2023-12-30,2023-12-31,1,Air,FedEx,Delayed,74,37000.0,1,0.48,medium,0.297
SHP-1590,SUP-040,PRD-120,WH-14,Paris,United Kingdom,Johannesburg,South Africa,2024-08-20,2024-08-30,2024-09-14,15,Road,J.B. Hunt,Delayed,344,44909.2,1,0.95,high,0.846
SHP-1591,SUP-022,PRD-065,WH-05,São Paulo,Chile,Berlin,Germany,2023-02-10,2023-02-28,2023-02-28,0,Air,FedEx,Delivered,306,95166.0,0,0.31,low,0.096
SHP-1592,SUP-001,PRD-001,WH-07,Accra,Nigeria,London,United Kingdom,2022-01-31,2022-02-26,2022-02-26,0,Sea,MSC,Delivered,258,12229.2,0,0.61,low,0.193
SHP-1593,SUP-038,PRD-112,WH-01,Toronto,Canada,Chicago,United States,2023-06-11,2023-06-14,2023-06-14,0,Road,XPO Logistics,Delivered,129,3973.2,0,0.31,low,0.095
SHP-1594,SUP-016,PRD-046,WH-15,Cairo,Kenya,Lagos,Nigeria,2022-03-19,2022-04-12,2022-04-19,7,Sea,MSC,Delayed,152,3952.0,1,0.77,high,0.658
SHP-1595,SUP-036,PRD-106,WH-12,Cairo,Kenya,Singapore,Singapore,2024-12-04,2024-12-24,2025-01-06,13,Sea,CMA CGM,Delayed,469,33768.0,1,0.93,high,0.85
SHP-1596,SUP-008,PRD-023,WH-01,Los Angeles,Mexico,Chicago,United States,2024-04-12,2024-04-17,2024-04-17,0,Sea,Maersk,Delivered,265,4399.0,0,0.33,low,0.1
SHP-1597,SUP-019,PRD-055,WH-03,São Paulo,Peru,Toronto,Canada,2024-12-06,2024-12-19,2024-12-19,0,Road,XPO Logistics,In Transit,164,8150.8,0,0.6,low,0.19
SHP-1598,SUP-048,PRD-144,WH-10,Lima,Peru,Bogotá,Colombia,2023-03-31,2023-04-14,2023-04-14,0,Road,J.B. Hunt,Delivered,53,5936.0,0,0.12,low,0.036
SHP-1599,SUP-001,PRD-002,WH-15,Cairo,Nigeria,Lagos,Nigeria,2022-06-02,2022-06-28,2022-06-29,1,Air,FedEx,Delayed,486,125388.0,1,0.37,medium,0.266
SHP-1600,SUP-036,PRD-108,WH-08,Accra,Kenya,Amsterdam,Netherlands,2024-03-05,2024-03-25,2024-04-05,11,Rail,BNSF Railway,Delayed,461,43103.5,1,0.75,high,0.796
SHP-1601,SUP-025,PRD-075,WH-10,São Paulo,Brazil,Bogotá,Colombia,2022-01-07,2022-01-19,2022-01-19,0,Sea,MSC,Delivered,235,14053.0,0,0.73,low,0.23
SHP-1602,SUP-014,PRD-041,WH-06,Lima,Brazil,Paris,France,2024-05-19,2024-06-04,2024-06-05,1,Road,DB Schenker,Delayed,401,51508.45,1,0.28,medium,0.231
SHP-1603,SUP-010,PRD-028,WH-06,Los Angeles,Mexico,Paris,France,2024-07-08,2024-07-11,2024-07-11,0,Air,DHL,Delivered,323,3553.0,0,0.16,low,0.049
SHP-1604,SUP-041,PRD-122,WH-13,Jakarta,India,Tokyo,Japan,2023-12-02,2023-12-21,2023-12-21,0,Road,DB Schenker,Delivered,102,11388.3,0,0.12,low,0.039
SHP-1605,SUP-030,PRD-088,WH-01,Ho Chi Minh City,Japan,Chicago,United States,2023-08-23,2023-09-10,2023-09-10,0,Road,DB Schenker,Delivered,415,17430.0,0,0.79,low,0.25
SHP-1606,SUP-013,PRD-037,WH-04,Tokyo,Singapore,Houston,United States,2023-10-02,2023-10-22,2023-10-22,0,Sea,MSC,Delivered,216,13003.2,0,0.29,low,0.089
SHP-1607,SUP-045,PRD-134,WH-14,Amsterdam,Poland,Johannesburg,South Africa,2024-09-12,2024-09-24,2024-09-25,1,Sea,Maersk,Delayed,291,16354.2,1,0.05,medium,0.164
SHP-1608,SUP-016,PRD-047,WH-07,Johannesburg,Kenya,London,United Kingdom,2023-09-10,2023-10-04,2023-10-08,4,Air,Emirates SkyCargo,Delayed,108,648.0,1,0.75,medium,0.517
SHP-1609,SUP-050,PRD-149,WH-14,Seoul,Japan,Johannesburg,South Africa,2024-11-02,2024-11-20,2024-11-23,3,Sea,MSC,Delayed,369,4944.6,1,0.71,medium,0.465
SHP-1610,SUP-036,PRD-106,WH-06,Nairobi,Kenya,Paris,France,2023-03-03,2023-03-23,2023-03-23,0,Sea,Maersk,Delivered,203,14616.0,0,0.83,low,0.27
SHP-1611,SUP-019,PRD-057,WH-04,Lima,Peru,Houston,United States,2024-08-31,2024-09-13,2024-09-16,3,Air,FedEx,Delayed,284,7952.0,1,0.63,medium,0.434
SHP-1612,SUP-039,PRD-116,WH-07,Houston,Mexico,London,United Kingdom,2022-12-28,2023-01-02,2023-01-03,1,Sea,Maersk,Delayed,152,14622.4,1,0.35,medium,0.258
SHP-1613,SUP-003,PRD-009,WH-14,London,Italy,Johannesburg,South Africa,2023-12-03,2023-12-08,2023-12-08,0,Sea,MSC,Delivered,239,21940.2,0,0.34,low,0.105
SHP-1614,SUP-001,PRD-002,WH-06,Nairobi,Nigeria,Paris,France,2024-04-22,2024-05-18,2024-05-18,0,Sea,MSC,Delivered,275,14190.0,0,0.56,low,0.178
SHP-1615,SUP-028,PRD-083,WH-11,Santiago,Colombia,Santiago,Chile,2022-06-07,2022-06-27,2022-06-27,0,Sea,CMA CGM,Delivered,152,3860.8,0,0.39,low,0.124
SHP-1616,SUP-016,PRD-047,WH-06,Cairo,Kenya,Paris,France,2022-09-24,2022-10-18,2022-10-19,1,Rail,DB Cargo,Delayed,266,399.0,1,0.68,medium,0.361
SHP-1617,SUP-007,PRD-020,WH-10,Vancouver,Canada,Bogotá,Colombia,2024-05-22,2024-05-26,2024-05-26,0,Air,DHL,Delivered,49,7350.0,0,0.58,low,0.182
SHP-1618,SUP-014,PRD-042,WH-06,Bogotá,Brazil,Paris,France,2022-08-22,2022-09-07,2022-09-07,0,Sea,CMA CGM,Delivered,139,10786.4,0,0.06,low,0.02
SHP-1619,SUP-015,PRD-043,WH-03,Berlin,Germany,Toronto,Canada,2023-03-01,2023-03-07,2023-03-07,0,Road,J.B. Hunt,Delivered,231,13097.7,0,0.95,low,0.307
SHP-1620,SUP-041,PRD-123,WH-12,Tokyo,India,Singapore,Singapore,2023-11-16,2023-12-05,2023-12-05,0,Air,Emirates SkyCargo,Delivered,32,10560.0,0,0.31,low,0.096
SHP-1621,SUP-034,PRD-101,WH-14,Lagos,South Africa,Johannesburg,South Africa,2022-06-14,2022-07-11,2022-07-26,15,Air,DHL,Delayed,36,17388.0,1,0.74,high,0.784
SHP-1622,SUP-017,PRD-049,WH-05,Cairo,Egypt,Berlin,Germany,2023-11-19,2023-12-21,2023-12-22,1,Road,XPO Logistics,Delayed,308,24255.0,1,0.13,medium,0.185
SHP-1623,SUP-034,PRD-101,WH-06,Accra,South Africa,Paris,France,2022-01-11,2022-02-07,2022-02-07,0,Sea,MSC,Delivered,153,14779.8,0,0.67,low,0.213
SHP-1624,SUP-028,PRD-084,WH-07,Lima,Colombia,London,United Kingdom,2023-10-28,2023-11-17,2023-11-19,2,Road,XPO Logistics,Delayed,85,59.5,1,0.49,medium,0.344
SHP-1625,SUP-014,PRD-041,WH-11,Lima,Brazil,Santiago,Chile,2024-10-27,2024-11-12,2024-11-12,0,Sea,Maersk,Delivered,172,12624.8,0,0.34,low,0.104
SHP-1626,SUP-041,PRD-122,WH-12,Seoul,India,Singapore,Singapore,2024-05-31,2024-06-19,2024-06-19,0,Sea,Maersk,Delivered,252,16077.6,0,0.31,low,0.096
SHP-1627,SUP-040,PRD-120,WH-01,Stockholm,United Kingdom,Chicago,United States,2023-02-25,2023-03-07,2023-03-16,9,Air,Emirates SkyCargo,Delayed,20,7460.0,1,0.8,high,0.756
SHP-1628,SUP-040,PRD-119,WH-01,Berlin,United Kingdom,Chicago,United States,2024-05-07,2024-05-17,2024-05-17,0,Road,XPO Logistics,Delivered,106,12205.9,0,0.66,low,0.209
SHP-1629,SUP-001,PRD-003,WH-15,Accra,Nigeria,Lagos,Nigeria,2022-12-18,2023-01-13,2023-01-13,0,Air,DHL,Delivered,482,181232.0,0,0.46,low,0.148
SHP-1630,SUP-025,PRD-073,WH-07,São Paulo,Brazil,London,United Kingdom,2024-10-19,2024-10-31,2024-11-16,16,Air,DHL,Delayed,108,44496.0,1,0.65,high,0.756
SHP-1631,SUP-015,PRD-043,WH-02,Paris,Germany,Los Angeles,United States,2023-12-26,2024-01-01,2024-01-14,13,Road,J.B. Hunt,Delayed,135,7654.5,1,0.95,high,0.857
SHP-1632,SUP-024,PRD-071,WH-12,Mumbai,Indonesia,Singapore,Singapore,2024-04-09,2024-05-01,2024-05-01,0,Air,DHL,Delivered,339,19662.0,0,0.71,low,0.231
SHP-1633,SUP-021,PRD-061,WH-01,Ho Chi Minh City,Australia,Chicago,United States,2023-05-20,2023-06-17,2023-06-17,0,Sea,MSC,Cancelled,308,21190.4,0,0.87,low,0.276
SHP-1634,SUP-039,PRD-117,WH-04,Los Angeles,Mexico,Houston,United States,2022-09-16,2022-09-21,2022-09-21,0,Road,XPO Logistics,Delivered,102,17850.0,0,0.61,low,0.191
SHP-1635,SUP-005,PRD-014,WH-02,Warsaw,Italy,Los Angeles,United States,2023-10-04,2023-10-10,2023-10-10,0,Road,J.B. Hunt,Delivered,88,7484.4,0,0.34,low,0.106
SHP-1636,SUP-011,PRD-031,WH-01,Santiago,Brazil,Chicago,United States,2023-11-10,2023-11-21,2023-11-21,0,Sea,Maersk,Delivered,484,22941.6,0,0.35,low,0.115
SHP-1637,SUP-016,PRD-048,WH-07,Johannesburg,Kenya,London,United Kingdom,2023-02-21,2023-03-17,2023-04-15,29,Air,FedEx,Delayed,248,68944.0,1,0.67,high,0.763
SHP-1638,SUP-020,PRD-058,WH-15,Jakarta,Singapore,Lagos,Nigeria,2023-04-21,2023-05-19,2023-05-19,0,Sea,MSC,Delivered,262,19754.8,0,0.15,low,0.049
SHP-1639,SUP-046,PRD-138,WH-14,Ho Chi Minh City,India,Johannesburg,South Africa,2022-12-01,2022-12-21,2022-12-21,0,Sea,MSC,Delivered,434,41230.0,0,0.28,low,0.087
SHP-1640,SUP-003,PRD-007,WH-15,London,Italy,Lagos,Nigeria,2024-12-27,2025-01-01,2025-01-01,0,Sea,Maersk,In Transit,158,11881.6,0,0.07,low,0.024
SHP-1641,SUP-015,PRD-045,WH-06,Paris,Germany,Paris,France,2023-12-26,2024-01-01,2024-01-01,0,Sea,MSC,Delivered,68,3372.8,0,0.73,low,0.241
SHP-1642,SUP-049,PRD-145,WH-02,Los Angeles,Canada,Los Angeles,United States,2022-12-28,2023-01-02,2023-01-02,0,Rail,Union Pacific,Delivered,346,5536.0,0,0.09,low,0.03
SHP-1643,SUP-035,PRD-105,WH-05,Nairobi,Kenya,Berlin,Germany,2023-05-30,2023-06-25,2023-06-26,1,Sea,CMA CGM,Delayed,439,37402.8,1,0.13,medium,0.187
SHP-1644,SUP-046,PRD-137,WH-13,Seoul,India,Tokyo,Japan,2022-01-16,2022-02-05,2022-02-05,0,Sea,MSC,Delivered,272,6419.2,0,0.24,low,0.075
SHP-1645,SUP-041,PRD-121,WH-02,Mumbai,India,Los Angeles,United States,2022-12-15,2023-01-03,2023-01-03,0,Rail,Union Pacific,Delivered,201,22713.0,0,0.08,low,0.027
SHP-1646,SUP-044,PRD-130,WH-05,Nairobi,Nigeria,Berlin,Germany,2024-08-14,2024-09-04,2024-09-04,0,Rail,Union Pacific,Delivered,49,5929.0,0,0.32,low,0.1
SHP-1647,SUP-027,PRD-081,WH-14,Stockholm,Germany,Johannesburg,South Africa,2024-12-15,2024-12-25,2024-12-25,0,Road,J.B. Hunt,In Transit,107,3033.45,0,0.64,low,0.199
SHP-1648,SUP-026,PRD-078,WH-12,Cairo,South Africa,Singapore,Singapore,2022-10-04,2022-10-25,2022-10-26,1,Road,DB Schenker,Delayed,223,6868.4,1,0.49,medium,0.298
SHP-1649,SUP-046,PRD-138,WH-01,Jakarta,India,Chicago,United States,2023-09-17,2023-10-07,2023-10-07,0,Sea,MSC,Delivered,397,37715.0,0,0.16,low,0.051
SHP-1650,SUP-042,PRD-125,WH-11,Lima,Peru,Santiago,Chile,2022-11-22,2022-12-05,2022-12-11,6,Air,DHL,Delayed,293,19631.0,1,0.41,high,0.503
SHP-1651,SUP-049,PRD-147,WH-08,Dallas,Canada,Amsterdam,Netherlands,2022-12-11,2022-12-16,2022-12-16,0,Rail,Union Pacific,Delivered,108,12150.0,0,0.22,low,0.069
SHP-1652,SUP-017,PRD-051,WH-07,Lagos,Egypt,London,United Kingdom,2022-10-08,2022-11-09,2022-11-09,0,Air,Emirates SkyCargo,Delivered,313,54149.0,0,0.1,low,0.031
SHP-1653,SUP-001,PRD-001,WH-12,Cairo,Nigeria,Singapore,Singapore,2022-12-15,2023-01-10,2023-01-10,0,Sea,Maersk,Delivered,229,10854.6,0,0.47,low,0.151
SHP-1654,SUP-022,PRD-065,WH-09,Lima,Chile,São Paulo,Brazil,2024-01-10,2024-01-28,2024-01-29,1,Sea,Maersk,Delayed,29,1803.8,1,0.27,medium,0.229
SHP-1655,SUP-043,PRD-127,WH-12,Tokyo,Australia,Singapore,Singapore,2022-12-20,2023-01-08,2023-01-08,0,Air,FedEx,Delivered,67,27805.0,0,0.08,low,0.027
SHP-1656,SUP-042,PRD-124,WH-04,São Paulo,Peru,Houston,United States,2022-04-06,2022-04-19,2022-04-21,2,Sea,CMA CGM,Delayed,39,2527.2,1,0.45,medium,0.335
SHP-1657,SUP-023,PRD-068,WH-13,Sydney,India,Tokyo,Japan,2022-04-23,2022-05-16,2022-05-16,0,Air,FedEx,Delivered,131,30785.0,0,0.56,low,0.178
SHP-1658,SUP-048,PRD-143,WH-09,São Paulo,Peru,São Paulo,Brazil,2023-10-29,2023-11-12,2023-11-13,1,Sea,Maersk,Delayed,247,23909.6,1,0.3,medium,0.235
SHP-1659,SUP-046,PRD-136,WH-02,Tokyo,India,Los Angeles,United States,2023-02-26,2023-03-18,2023-03-18,0,Road,XPO Logistics,Delivered,26,218.4,0,0.24,low,0.075
SHP-1660,SUP-044,PRD-131,WH-07,Johannesburg,Nigeria,London,United Kingdom,2024-06-10,2024-07-01,2024-07-01,0,Road,DB Schenker,Delivered,198,554.4,0,0.13,low,0.043
SHP-1661,SUP-024,PRD-070,WH-02,Singapore,Indonesia,Los Angeles,United States,2023-01-01,2023-01-23,2023-01-23,0,Sea,MSC,Delivered,477,37778.4,0,0.93,low,0.297
SHP-1662,SUP-003,PRD-008,WH-08,Madrid,Italy,Amsterdam,Netherlands,2022-11-28,2022-12-03,2022-12-03,0,Air,FedEx,Delivered,459,184518.0,0,0.15,low,0.048
SHP-1663,SUP-038,PRD-114,WH-05,Chicago,Canada,Berlin,Germany,2022-06-27,2022-06-30,2022-06-30,0,Road,XPO Logistics,Delivered,108,4838.4,0,0.14,low,0.044
SHP-1664,SUP-016,PRD-046,WH-05,Nairobi,Kenya,Berlin,Germany,2023-03-25,2023-04-18,2023-04-20,2,Air,FedEx,Delayed,196,25480.0,1,0.78,medium,0.436
SHP-1665,SUP-027,PRD-079,WH-14,Warsaw,Germany,Johannesburg,South Africa,2023-06-08,2023-06-18,2023-06-18,0,Air,FedEx,Delivered,467,232566.0,0,0.44,low,0.139
SHP-1666,SUP-039,PRD-116,WH-04,Dallas,Mexico,Houston,United States,2022-10-08,2022-10-13,2022-10-13,0,Road,DB Schenker,Delivered,372,62626.2,0,0.49,low,0.155
SHP-1667,SUP-017,PRD-051,WH-12,Nairobi,Egypt,Singapore,Singapore,2022-05-10,2022-06-11,2022-06-11,0,Air,FedEx,Delivered,136,23528.0,0,0.2,low,0.061
SHP-1668,SUP-027,PRD-081,WH-02,Milan,Germany,Los Angeles,United States,2023-12-09,2023-12-19,2023-12-23,4,Road,XPO Logistics,Delayed,317,8986.95,1,0.58,medium,0.461
SHP-1669,SUP-036,PRD-108,WH-15,Nairobi,Kenya,Lagos,Nigeria,2023-12-21,2024-01-10,2024-01-11,1,Sea,CMA CGM,Delayed,154,11519.2,1,0.73,medium,0.385
SHP-1670,SUP-035,PRD-103,WH-12,Cairo,Kenya,Singapore,Singapore,2022-06-18,2022-07-14,2022-07-14,0,Sea,MSC,Delivered,469,30766.4,0,0.17,low,0.054
SHP-1671,SUP-032,PRD-095,WH-05,Cairo,Kenya,Berlin,Germany,2023-04-24,2023-05-28,2023-05-28,0,Rail,DB Cargo,Delivered,208,15080.0,0,0.55,low,0.175
SHP-1672,SUP-047,PRD-139,WH-06,New York,United States,Paris,France,2024-11-25,2024-12-02,2024-12-02,0,Road,XPO Logistics,Delivered,96,2620.8,0,0.19,low,0.058
SHP-1673,SUP-048,PRD-142,WH-07,São Paulo,Peru,London,United Kingdom,2022-01-23,2022-02-06,2022-02-06,0,Air,FedEx,Delivered,352,96096.0,0,0.3,low,0.09
SHP-1674,SUP-041,PRD-122,WH-12,Ho Chi Minh City,India,Singapore,Singapore,2023-04-29,2023-05-18,2023-05-18,0,Sea,MSC,Delivered,480,30624.0,0,0.06,low,0.021
SHP-1675,SUP-048,PRD-142,WH-05,Bogotá,Peru,Berlin,Germany,2024-05-20,2024-06-03,2024-06-04,1,Sea,MSC,Delayed,360,19656.0,1,0.11,medium,0.178
SHP-1676,SUP-031,PRD-092,WH-02,Toronto,United States,Los Angeles,United States,2023-01-10,2023-01-14,2023-01-29,15,Road,DB Schenker,Delayed,417,28022.4,1,0.67,high,0.766
SHP-1677,SUP-002,PRD-006,WH-13,Accra,Ghana,Tokyo,Japan,2024-11-04,2024-12-01,2024-12-02,1,Road,J.B. Hunt,Delayed,326,28296.8,1,0.59,medium,0.332
SHP-1678,SUP-004,PRD-011,WH-05,Houston,United States,Berlin,Germany,2024-10-23,2024-10-28,2024-10-28,0,Road,J.B. Hunt,Delivered,407,31623.9,0,0.19,low,0.059
SHP-1679,SUP-031,PRD-091,WH-10,New York,United States,Bogotá,Colombia,2022-02-14,2022-02-18,2022-02-18,0,Air,DHL,Delivered,375,78000.0,0,0.79,low,0.252
SHP-1680,SUP-022,PRD-066,WH-06,Santiago,Chile,Paris,France,2022-06-09,2022-06-27,2022-06-27,0,Road,XPO Logistics,Delivered,228,24977.4,0,0.17,low,0.054
SHP-1681,SUP-016,PRD-046,WH-15,Cairo,Kenya,Lagos,Nigeria,2022-11-30,2022-12-24,2023-01-15,22,Air,DHL,Delayed,434,56420.0,1,0.82,high,0.808
SHP-1682,SUP-016,PRD-048,WH-15,Accra,Kenya,Lagos,Nigeria,2022-11-24,2022-12-18,2022-12-23,5,Air,DHL,Delayed,415,115370.0,1,0.89,medium,0.604
SHP-1683,SUP-035,PRD-103,WH-13,Johannesburg,Kenya,Tokyo,Japan,2024-12-29,2025-01-24,2025-01-24,0,Road,J.B. Hunt,In Transit,154,17679.2,0,0.1,low,0.033
SHP-1684,SUP-042,PRD-125,WH-11,São Paulo,Peru,Santiago,Chile,2023-02-27,2023-03-12,2023-03-12,0,Road,J.B. Hunt,Delivered,140,3283.0,0,0.64,low,0.202
SHP-1685,SUP-008,PRD-024,WH-04,New York,Mexico,Houston,United States,2023-09-12,2023-09-17,2023-09-17,0,Road,XPO Logistics,Delivered,164,26059.6,0,0.16,low,0.049
SHP-1686,SUP-041,PRD-123,WH-14,Singapore,India,Johannesburg,South Africa,2022-02-24,2022-03-15,2022-03-15,0,Air,FedEx,Delivered,439,144870.0,0,0.21,low,0.066
SHP-1687,SUP-017,PRD-049,WH-08,Nairobi,Egypt,Amsterdam,Netherlands,2024-12-22,2025-01-23,2025-01-30,7,Air,Emirates SkyCargo,Delayed,400,90000.0,1,0.28,high,0.5
SHP-1688,SUP-046,PRD-136,WH-12,Seoul,India,Singapore,Singapore,2022-06-04,2022-06-24,2022-06-24,0,Sea,CMA CGM,Delivered,460,2208.0,0,0.33,low,0.102
SHP-1689,SUP-030,PRD-090,WH-14,Ho Chi Minh City,Japan,Johannesburg,South Africa,2023-03-31,2023-04-18,2023-04-25,7,Road,XPO Logistics,Delayed,72,10483.2,1,0.76,high,0.656
SHP-1690,SUP-022,PRD-066,WH-08,Buenos Aires,Chile,Amsterdam,Netherlands,2024-11-12,2024-11-30,2024-12-01,1,Rail,DB Cargo,Delayed,78,6103.5,1,0.19,medium,0.205
SHP-1691,SUP-043,PRD-127,WH-14,Ho Chi Minh City,Australia,Johannesburg,South Africa,2022-03-29,2022-04-17,2022-04-18,1,Sea,Maersk,Delayed,285,23655.0,1,0.24,medium,0.22
SHP-1692,SUP-006,PRD-017,WH-11,Santiago,Peru,Santiago,Chile,2022-11-04,2022-11-21,2022-11-27,6,Air,FedEx,Delayed,446,92768.0,1,0.74,high,0.604
SHP-1693,SUP-039,PRD-116,WH-01,Chicago,Mexico,Chicago,United States,2024-12-19,2024-12-24,2024-12-24,0,Rail,DB Cargo,In Transit,348,41847.0,0,0.54,low,0.17
SHP-1694,SUP-044,PRD-131,WH-15,Johannesburg,Nigeria,Lagos,Nigeria,2024-05-08,2024-05-29,2024-05-29,0,Sea,Maersk,Delivered,388,620.8,0,0.23,low,0.073
SHP-1695,SUP-030,PRD-088,WH-01,Singapore,Japan,Chicago,United States,2024-04-11,2024-04-29,2024-04-30,1,Air,Emirates SkyCargo,Delayed,81,9720.0,1,0.79,medium,0.395
SHP-1696,SUP-044,PRD-130,WH-12,Lagos,Nigeria,Singapore,Singapore,2023-06-26,2023-07-17,2023-07-18,1,Sea,CMA CGM,Delayed,114,11035.2,1,0.24,medium,0.221
SHP-1697,SUP-027,PRD-081,WH-04,Berlin,Germany,Houston,United States,2024-12-10,2024-12-20,2024-12-20,0,Rail,DB Cargo,In Transit,172,3483.0,0,0.4,low,0.127
SHP-1698,SUP-029,PRD-085,WH-04,Lima,Colombia,Houston,United States,2022-02-08,2022-02-18,2022-02-18,0,Air,DHL,Delivered,254,66040.0,0,0.46,low,0.148
SHP-1699,SUP-001,PRD-001,WH-07,Accra,Nigeria,London,United Kingdom,2024-07-13,2024-08-08,2024-08-08,0,Road,XPO Logistics,Delivered,332,27539.4,0,0.46,low,0.148
SHP-1700,SUP-034,PRD-100,WH-05,Nairobi,South Africa,Berlin,Germany,2023-05-12,2023-06-08,2023-06-18,10,Air,FedEx,Delayed,133,54663.0,1,0.86,high,0.82
SHP-1701,SUP-033,PRD-098,WH-06,Los Angeles,Mexico,Paris,France,2024-12-27,2024-12-31,2024-12-31,0,Road,DB Schenker,In Transit,367,24662.4,0,0.35,low,0.113
SHP-1702,SUP-021,PRD-062,WH-03,Seoul,Australia,Toronto,Canada,2022-09-01,2022-09-29,2022-09-29,0,Sea,CMA CGM,Delivered,209,1839.2,0,0.73,low,0.234
SHP-1703,SUP-048,PRD-143,WH-04,Buenos Aires,Peru,Houston,United States,2023-02-09,2023-02-23,2023-02-24,1,Sea,MSC,Delayed,329,31847.2,1,0.28,medium,0.229
SHP-1704,SUP-039,PRD-116,WH-09,Los Angeles,Mexico,São Paulo,Brazil,2022-09-22,2022-09-27,2022-09-27,0,Road,J.B. Hunt,Delivered,483,81313.05,0,0.4,low,0.128
SHP-1705,SUP-050,PRD-148,WH-03,Seoul,Japan,Toronto,Canada,2024-12-10,2024-12-28,2024-12-29,1,Sea,Maersk,Delayed,216,2851.2,1,0.78,medium,0.396
SHP-1706,SUP-007,PRD-020,WH-07,Dallas,Canada,London,United Kingdom,2022-12-29,2023-01-02,2023-01-03,1,Road,J.B. Hunt,Delayed,485,25462.5,1,0.62,medium,0.339
SHP-1707,SUP-043,PRD-129,WH-01,Mumbai,Australia,Chicago,United States,2023-03-18,2023-04-06,2023-04-06,0,Sea,MSC,Delivered,304,22921.6,0,0.2,low,0.063
SHP-1708,SUP-048,PRD-143,WH-05,Lima,Peru,Berlin,Germany,2023-01-19,2023-02-02,2023-02-02,0,Air,DHL,Delivered,146,70664.0,0,0.13,low,0.039
SHP-1709,SUP-015,PRD-043,WH-14,Madrid,Germany,Johannesburg,South Africa,2022-12-17,2022-12-23,2022-12-23,0,Road,XPO Logistics,Delivered,84,4762.8,0,0.77,low,0.253
SHP-1710,SUP-003,PRD-007,WH-06,Madrid,Italy,Paris,France,2024-12-15,2024-12-20,2024-12-20,0,Air,Emirates SkyCargo,In Transit,390,146640.0,0,0.27,low,0.084
SHP-1711,SUP-006,PRD-017,WH-08,Buenos Aires,Peru,Amsterdam,Netherlands,2022-03-11,2022-03-28,2022-04-02,5,Air,DHL,Delayed,284,59072.0,1,0.89,medium,0.604
SHP-1712,SUP-037,PRD-110,WH-07,Milan,Germany,London,United Kingdom,2024-12-14,2024-12-23,2024-12-23,0,Sea,Maersk,In Transit,400,13040.0,0,0.89,low,0.287
SHP-1713,SUP-048,PRD-142,WH-02,São Paulo,Peru,Los Angeles,United States,2023-11-06,2023-11-20,2023-11-20,0,Road,XPO Logistics,Delivered,48,4586.4,0,0.21,low,0.063
SHP-1714,SUP-020,PRD-059,WH-02,Shanghai,Singapore,Los Angeles,United States,2024-09-19,2024-10-17,2024-10-17,0,Rail,DB Cargo,Delivered,338,18674.5,0,0.33,low,0.103
SHP-1715,SUP-041,PRD-123,WH-14,Seoul,India,Johannesburg,South Africa,2022-03-11,2022-03-30,2022-03-30,0,Sea,Maersk,Delivered,470,31020.0,0,0.05,low,0.018
SHP-1716,SUP-036,PRD-108,WH-08,Lagos,Kenya,Amsterdam,Netherlands,2022-01-06,2022-01-26,2022-01-27,1,Sea,MSC,Delayed,98,7330.4,1,0.88,medium,0.43
SHP-1717,SUP-045,PRD-135,WH-01,Berlin,Poland,Chicago,United States,2023-11-09,2023-11-21,2023-11-21,0,Air,DHL,Delivered,57,13281.0,0,0.25,low,0.079
SHP-1718,SUP-036,PRD-108,WH-08,Cairo,Kenya,Amsterdam,Netherlands,2023-11-16,2023-12-06,2023-12-07,1,Rail,DB Cargo,Delayed,135,12622.5,1,0.78,medium,0.4
SHP-1719,SUP-041,PRD-123,WH-01,Shanghai,India,Chicago,United States,2022-10-28,2022-11-16,2022-11-16,0,Road,J.B. Hunt,Delivered,447,51628.5,0,0.23,low,0.072
SHP-1720,SUP-049,PRD-145,WH-07,Houston,Canada,London,United Kingdom,2024-11-22,2024-11-27,2024-11-27,0,Sea,Maersk,Delivered,117,1497.6,0,0.14,low,0.045
SHP-1721,SUP-016,PRD-047,WH-07,Nairobi,Kenya,London,United Kingdom,2024-07-07,2024-07-31,2024-08-10,10,Air,Emirates SkyCargo,Delayed,293,1758.0,1,0.77,high,0.793
SHP-1722,SUP-011,PRD-031,WH-03,São Paulo,Brazil,Toronto,Canada,2022-01-11,2022-01-22,2022-01-22,0,Sea,CMA CGM,Delivered,56,2654.4,0,0.59,low,0.187
SHP-1723,SUP-044,PRD-130,WH-08,Johannesburg,Nigeria,Amsterdam,Netherlands,2024-09-16,2024-10-07,2024-10-07,0,Air,Emirates SkyCargo,Delivered,323,156332.0,0,0.15,low,0.049
SHP-1724,SUP-023,PRD-068,WH-14,Mumbai,India,Johannesburg,South Africa,2022-12-26,2023-01-18,2023-01-18,0,Air,FedEx,Delivered,298,70030.0,0,0.57,low,0.181
SHP-1725,SUP-049,PRD-147,WH-02,New York,Canada,Los Angeles,United States,2024-07-14,2024-07-19,2024-07-19,0,Road,J.B. Hunt,Delivered,207,32602.5,0,0.12,low,0.039
SHP-1726,SUP-046,PRD-136,WH-14,Shanghai,India,Johannesburg,South Africa,2024-10-04,2024-10-24,2024-10-24,0,Air,FedEx,Delivered,25,600.0,0,0.23,low,0.072
SHP-1727,SUP-002,PRD-006,WH-07,Nairobi,Ghana,London,United Kingdom,2023-10-01,2023-10-28,2023-10-29,1,Air,DHL,Delayed,329,81592.0,1,0.63,medium,0.344
SHP-1728,SUP-048,PRD-144,WH-11,Buenos Aires,Peru,Santiago,Chile,2022-06-16,2022-06-30,2022-07-01,1,Sea,Maersk,Delayed,412,26368.0,1,0.33,medium,0.244
SHP-1729,SUP-049,PRD-145,WH-04,New York,Canada,Houston,United States,2024-03-28,2024-04-02,2024-04-02,0,Rail,BNSF Railway,Delivered,30,480.0,0,0.25,low,0.078
SHP-1730,SUP-039,PRD-117,WH-01,Toronto,Mexico,Chicago,United States,2024-03-13,2024-03-18,2024-03-18,0,Sea,MSC,Delivered,164,16400.0,0,0.56,low,0.176
SHP-1731,SUP-048,PRD-144,WH-01,Buenos Aires,Peru,Chicago,United States,2023-04-30,2023-05-14,2023-05-14,0,Sea,Maersk,Delivered,329,21056.0,0,0.35,low,0.105
SHP-1732,SUP-025,PRD-074,WH-09,Lima,Brazil,São Paulo,Brazil,2024-11-04,2024-11-16,2024-11-16,0,Road,DB Schenker,Delivered,41,5022.5,0,0.8,low,0.251
SHP-1733,SUP-043,PRD-129,WH-15,Shanghai,Australia,Lagos,Nigeria,2022-12-11,2022-12-30,2022-12-31,1,Air,Emirates SkyCargo,Delayed,334,125918.0,1,0.08,medium,0.172
SHP-1734,SUP-049,PRD-147,WH-08,Atlanta,Canada,Amsterdam,Netherlands,2022-12-28,2023-01-02,2023-01-02,0,Road,DB Schenker,Delivered,71,11182.5,0,0.08,low,0.027
SHP-1735,SUP-039,PRD-116,WH-06,New York,Mexico,Paris,France,2022-04-07,2022-04-12,2022-04-12,0,Sea,CMA CGM,Delivered,81,7792.2,0,0.38,low,0.122
SHP-1736,SUP-045,PRD-134,WH-05,Madrid,Poland,Berlin,Germany,2024-07-20,2024-08-01,2024-08-01,0,Air,DHL,Delivered,180,50580.0,0,0.12,low,0.04
SHP-1737,SUP-036,PRD-108,WH-14,Cairo,Kenya,Johannesburg,South Africa,2024-09-04,2024-09-24,2024-09-26,2,Sea,Maersk,Delayed,462,34557.6,1,0.81,medium,0.454
SHP-1738,SUP-047,PRD-139,WH-08,Houston,United States,Amsterdam,Netherlands,2022-06-13,2022-06-20,2022-06-21,1,Air,Emirates SkyCargo,Delayed,313,24414.0,1,0.15,medium,0.191
SHP-1739,SUP-021,PRD-063,WH-03,Sydney,Australia,Toronto,Canada,2024-09-22,2024-10-20,2024-10-20,0,Sea,Maersk,Delivered,187,11145.2,0,0.86,low,0.273
SHP-1740,SUP-041,PRD-122,WH-12,Jakarta,India,Singapore,Singapore,2023-04-21,2023-05-10,2023-05-10,0,Sea,CMA CGM,Delivered,293,18693.4,0,0.14,low,0.045
SHP-1741,SUP-012,PRD-035,WH-04,Milan,Spain,Houston,United States,2023-12-13,2023-12-20,2023-12-27,7,Air,DHL,Delayed,41,8159.0,1,0.47,high,0.562
SHP-1742,SUP-021,PRD-062,WH-12,Jakarta,Australia,Singapore,Singapore,2024-12-03,2024-12-31,2024-12-31,0,Road,J.B. Hunt,In Transit,299,4604.6,0,0.83,low,0.264
SHP-1743,SUP-001,PRD-001,WH-14,Accra,Nigeria,Johannesburg,South Africa,2022-08-31,2022-09-26,2022-09-30,4,Sea,Maersk,Delayed,206,9764.4,1,0.39,medium,0.407
SHP-1744,SUP-043,PRD-128,WH-04,Seoul,Australia,Houston,United States,2023-02-14,2023-03-05,2023-03-05,0,Sea,MSC,Delivered,376,32712.0,0,0.23,low,0.072
SHP-1745,SUP-020,PRD-058,WH-01,Sydney,Singapore,Chicago,United States,2024-12-14,2025-01-11,2025-01-12,1,Sea,MSC,Delayed,498,37549.2,1,0.14,medium,0.191
SHP-1746,SUP-026,PRD-077,WH-07,Accra,South Africa,London,United Kingdom,2022-10-08,2022-10-29,2022-10-30,1,Sea,CMA CGM,Delayed,164,12562.4,1,0.56,medium,0.319
SHP-1747,SUP-027,PRD-079,WH-14,Paris,Germany,Johannesburg,South Africa,2022-09-12,2022-09-22,2022-09-22,0,Air,Emirates SkyCargo,Delivered,324,161352.0,0,0.47,low,0.148
SHP-1748,SUP-044,PRD-131,WH-06,Nairobi,Nigeria,Paris,France,2023-08-03,2023-08-24,2023-08-24,0,Sea,Maersk,Delivered,325,520.0,0,0.29,low,0.091
SHP-1749,SUP-029,PRD-085,WH-10,Santiago,Colombia,Bogotá,Colombia,2024-10-10,2024-10-20,2024-10-23,3,Sea,Maersk,Delayed,435,22620.0,1,0.47,medium,0.386
SHP-1750,SUP-032,PRD-094,WH-07,Accra,Kenya,London,United Kingdom,2022-11-15,2022-12-19,2022-12-19,0,Air,FedEx,Delivered,481,64454.0,0,0.63,low,0.199
SHP-1751,SUP-002,PRD-004,WH-06,Nairobi,Ghana,Paris,France,2022-05-09,2022-06-05,2022-06-06,1,Rail,BNSF Railway,Delayed,22,71.5,1,0.37,medium,0.266
SHP-1752,SUP-020,PRD-060,WH-13,Sydney,Singapore,Tokyo,Japan,2024-10-14,2024-11-11,2024-11-11,0,Air,DHL,Delivered,197,11426.0,0,0.21,low,0.067
SHP-1753,SUP-041,PRD-121,WH-04,Seoul,India,Houston,United States,2022-10-08,2022-10-27,2022-10-27,0,Air,Emirates SkyCargo,Delivered,155,70060.0,0,0.07,low,0.024
SHP-1754,SUP-030,PRD-089,WH-04,Mumbai,Japan,Houston,United States,2022-07-18,2022-08-05,2022-08-24,19,Sea,MSC,Delayed,390,3744.0,1,0.79,high,0.8
SHP-1755,SUP-041,PRD-123,WH-13,Sydney,India,Tokyo,Japan,2024-06-09,2024-06-28,2024-06-28,0,Road,DB Schenker,Delivered,317,36613.5,0,0.11,low,0.036
SHP-1756,SUP-027,PRD-080,WH-06,Amsterdam,Germany,Paris,France,2023-02-03,2023-02-13,2023-02-13,0,Sea,CMA CGM,Delivered,363,17133.6,0,0.52,low,0.163
SHP-1757,SUP-031,PRD-093,WH-01,New York,United States,Chicago,United States,2022-10-24,2022-10-28,2022-10-28,0,Road,XPO Logistics,Delivered,297,3742.2,0,0.73,low,0.234
SHP-1758,SUP-001,PRD-003,WH-15,Accra,Nigeria,Lagos,Nigeria,2024-11-14,2024-12-10,2024-12-10,0,Air,DHL,Delivered,373,140248.0,0,0.56,low,0.178
SHP-1759,SUP-048,PRD-143,WH-01,Buenos Aires,Peru,Chicago,United States,2023-03-07,2023-03-21,2023-03-21,0,Sea,Maersk,Delivered,115,11132.0,0,0.31,low,0.093
SHP-1760,SUP-012,PRD-035,WH-08,London,Spain,Amsterdam,Netherlands,2024-03-19,2024-03-26,2024-03-26,0,Sea,CMA CGM,Delivered,460,18308.0,0,0.53,low,0.165
SHP-1761,SUP-016,PRD-047,WH-05,Cairo,Kenya,Berlin,Germany,2024-08-27,2024-09-20,2024-09-28,8,Sea,MSC,Delayed,353,423.6,1,0.69,high,0.679
SHP-1762,SUP-012,PRD-034,WH-07,Berlin,Spain,London,United Kingdom,2022-10-14,2022-10-21,2022-10-21,0,Sea,Maersk,Delivered,284,795.2,0,0.43,low,0.135
SHP-1763,SUP-012,PRD-034,WH-01,Milan,Spain,Chicago,United States,2022-05-25,2022-06-01,2022-06-01,0,Road,XPO Logistics,Delivered,429,2102.1,0,0.55,low,0.171
SHP-1764,SUP-027,PRD-080,WH-06,Stockholm,Germany,Paris,France,2023-07-05,2023-07-15,2023-07-16,1,Rail,Union Pacific,Delayed,185,10915.0,1,0.48,medium,0.296
SHP-1765,SUP-047,PRD-141,WH-07,Los Angeles,United States,London,United Kingdom,2023-02-18,2023-02-25,2023-02-25,0,Air,Emirates SkyCargo,Delivered,446,99458.0,0,0.17,low,0.052
SHP-1766,SUP-024,PRD-070,WH-02,Seoul,Indonesia,Los Angeles,United States,2023-01-13,2023-02-04,2023-02-10,6,Rail,Union Pacific,Delayed,250,24750.0,1,0.79,high,0.625
SHP-1767,SUP-019,PRD-055,WH-10,Santiago,Peru,Bogotá,Colombia,2024-11-02,2024-11-15,2024-11-15,0,Air,FedEx,Delivered,225,31950.0,0,0.63,low,0.199
SHP-1768,SUP-049,PRD-146,WH-01,Vancouver,Canada,Chicago,United States,2023-10-08,2023-10-13,2023-10-13,0,Air,Emirates SkyCargo,Delivered,180,18720.0,0,0.1,low,0.033
SHP-1769,SUP-038,PRD-113,WH-03,Atlanta,Canada,Toronto,Canada,2022-06-23,2022-06-26,2022-06-27,1,Road,J.B. Hunt,Delayed,47,7517.65,1,0.09,medium,0.174
SHP-1770,SUP-037,PRD-110,WH-05,Warsaw,Germany,Berlin,Germany,2024-08-27,2024-09-05,2024-09-06,1,Air,Emirates SkyCargo,Delayed,494,80522.0,1,0.65,medium,0.36
SHP-1771,SUP-033,PRD-097,WH-01,Chicago,Mexico,Chicago,United States,2023-05-17,2023-05-21,2023-05-23,2,Rail,BNSF Railway,Delayed,453,52774.5,1,0.59,medium,0.375
SHP-1772,SUP-031,PRD-092,WH-11,Los Angeles,United States,Santiago,Chile,2023-08-03,2023-08-07,2023-08-13,6,Sea,CMA CGM,Delayed,493,18931.2,1,0.72,high,0.601
SHP-1773,SUP-042,PRD-126,WH-07,Santiago,Peru,London,United Kingdom,2023-07-23,2023-08-05,2023-08-05,0,Air,Emirates SkyCargo,Delivered,487,32629.0,0,0.56,low,0.178
SHP-1774,SUP-033,PRD-097,WH-07,New York,Mexico,London,United Kingdom,2023-10-05,2023-10-09,2023-10-10,1,Road,J.B. Hunt,Delayed,126,20550.6,1,0.39,medium,0.27
SHP-1775,SUP-032,PRD-095,WH-07,Lagos,Kenya,London,United Kingdom,2022-12-09,2023-01-12,2023-01-12,0,Air,DHL,Delivered,100,29000.0,0,0.57,low,0.181
SHP-1776,SUP-042,PRD-126,WH-06,São Paulo,Peru,Paris,France,2022-08-02,2022-08-15,2022-08-23,8,Sea,Maersk,Delayed,22,294.8,1,0.56,high,0.638
SHP-1777,SUP-016,PRD-048,WH-13,Cairo,Kenya,Tokyo,Japan,2022-12-01,2022-12-25,2022-12-26,1,Sea,MSC,Delayed,500,27800.0,1,0.8,medium,0.397
SHP-1778,SUP-015,PRD-045,WH-07,Stockholm,Germany,London,United Kingdom,2024-03-25,2024-03-31,2024-03-31,0,Air,Emirates SkyCargo,Delivered,416,103168.0,0,0.8,low,0.262
SHP-1779,SUP-013,PRD-037,WH-02,Singapore,Singapore,Los Angeles,United States,2024-12-12,2025-01-01,2025-01-01,0,Sea,Maersk,In Transit,188,11317.6,0,0.25,low,0.077
SHP-1780,SUP-024,PRD-070,WH-14,Shanghai,Indonesia,Johannesburg,South Africa,2024-02-27,2024-03-20,2024-03-20,0,Road,J.B. Hunt,Delivered,348,48232.8,0,0.76,low,0.246
SHP-1781,SUP-025,PRD-074,WH-07,Lima,Brazil,London,United Kingdom,2023-07-10,2023-07-22,2023-07-22,0,Sea,MSC,Delivered,339,23730.0,0,0.73,low,0.23
SHP-1782,SUP-030,PRD-088,WH-02,Shanghai,Japan,Los Angeles,United States,2023-10-02,2023-10-20,2023-10-20,0,Rail,Union Pacific,Delivered,62,1860.0,0,0.77,low,0.244
SHP-1783,SUP-012,PRD-034,WH-06,Warsaw,Spain,Paris,France,2023-10-23,2023-10-30,2023-10-30,0,Sea,MSC,Delivered,370,1036.0,0,0.5,low,0.156
SHP-1784,SUP-023,PRD-068,WH-15,Sydney,India,Lagos,Nigeria,2023-10-23,2023-11-15,2023-11-15,0,Road,DB Schenker,Delivered,200,16450.0,0,0.38,low,0.124
SHP-1785,SUP-015,PRD-044,WH-04,Warsaw,Germany,Houston,United States,2022-11-17,2022-11-23,2022-11-28,5,Road,XPO Logistics,Delayed,169,22181.25,1,0.85,medium,0.602
SHP-1786,SUP-028,PRD-082,WH-04,Santiago,Colombia,Houston,United States,2023-12-24,2024-01-13,2024-01-14,1,Air,FedEx,Delayed,461,92661.0,1,0.44,medium,0.284
SHP-1787,SUP-006,PRD-018,WH-07,Lima,Peru,London,United Kingdom,2024-08-25,2024-09-11,2024-09-22,11,Sea,MSC,Delayed,487,40615.8,1,0.81,high,0.805
SHP-1788,SUP-033,PRD-097,WH-06,Houston,Mexico,Paris,France,2023-10-14,2023-10-18,2023-10-18,0,Road,J.B. Hunt,Delivered,52,8481.2,0,0.49,low,0.155
SHP-1789,SUP-021,PRD-062,WH-02,Shanghai,Australia,Los Angeles,United States,2023-09-03,2023-10-01,2023-10-18,17,Sea,Maersk,Delayed,43,378.4,1,0.89,high,0.832
SHP-1790,SUP-027,PRD-081,WH-05,Amsterdam,Germany,Berlin,Germany,2022-03-04,2022-03-14,2022-03-14,0,Sea,Maersk,Delivered,128,2073.6,0,0.43,low,0.136
SHP-1791,SUP-042,PRD-124,WH-07,Santiago,Peru,London,United Kingdom,2022-05-16,2022-05-29,2022-05-29,0,Sea,CMA CGM,Delivered,469,30391.2,0,0.5,low,0.16
SHP-1792,SUP-023,PRD-068,WH-01,Ho Chi Minh City,India,Chicago,United States,2023-12-09,2024-01-01,2024-01-01,0,Air,DHL,Delivered,257,60395.0,0,0.41,low,0.133
SHP-1793,SUP-050,PRD-149,WH-15,Ho Chi Minh City,Japan,Lagos,Nigeria,2024-11-09,2024-11-27,2024-11-27,0,Air,Emirates SkyCargo,Cancelled,347,23249.0,0,0.94,low,0.299
SHP-1794,SUP-041,PRD-122,WH-12,Jakarta,India,Singapore,Singapore,2023-10-06,2023-10-25,2023-10-25,0,Air,DHL,Delivered,353,112607.0,0,0.31,low,0.096
SHP-1795,SUP-004,PRD-010,WH-02,New York,United States,Los Angeles,United States,2024-12-22,2024-12-27,2024-12-27,0,Road,DB Schenker,In Transit,286,26626.6,0,0.13,low,0.041
SHP-1796,SUP-002,PRD-005,WH-06,Nairobi,Ghana,Paris,France,2022-11-11,2022-12-08,2022-12-09,1,Road,J.B. Hunt,Delayed,255,20349.0,1,0.49,medium,0.302
SHP-1797,SUP-039,PRD-116,WH-05,New York,Mexico,Berlin,Germany,2024-01-19,2024-01-24,2024-01-25,1,Sea,MSC,Delayed,397,38191.4,1,0.43,medium,0.282
SHP-1798,SUP-047,PRD-141,WH-03,Houston,United States,Toronto,Canada,2022-01-08,2022-01-15,2022-01-15,0,Air,Emirates SkyCargo,Delivered,183,40809.0,0,0.29,low,0.088
SHP-1799,SUP-039,PRD-116,WH-06,Atlanta,Mexico,Paris,France,2022-08-06,2022-08-11,2022-08-14,3,Sea,MSC,Delayed,35,3367.0,1,0.57,medium,0.414
SHP-1800,SUP-029,PRD-087,WH-06,Santiago,Colombia,Paris,France,2023-11-10,2023-11-20,2023-11-20,0,Sea,MSC,Delivered,118,8236.4,0,0.56,low,0.178
SHP-1801,SUP-030,PRD-089,WH-01,Mumbai,Japan,Chicago,United States,2022-06-27,2022-07-15,2022-07-15,0,Rail,DB Cargo,Delivered,259,3108.0,0,0.81,low,0.256
SHP-1802,SUP-013,PRD-038,WH-01,Sydney,Singapore,Chicago,United States,2024-01-11,2024-01-31,2024-01-31,0,Sea,CMA CGM,Delivered,323,13889.0,0,0.3,low,0.092
SHP-1803,SUP-032,PRD-094,WH-06,Lagos,Kenya,Paris,France,2024-07-31,2024-09-03,2024-09-04,1,Sea,CMA CGM,Delayed,316,8468.8,1,0.36,medium,0.263
SHP-1804,SUP-013,PRD-037,WH-02,Singapore,Singapore,Los Angeles,United States,2023-11-27,2023-12-17,2023-12-17,0,Road,J.B. Hunt,Delivered,341,35924.35,0,0.24,low,0.074
SHP-1805,SUP-005,PRD-015,WH-14,Madrid,Italy,Johannesburg,South Africa,2024-08-12,2024-08-18,2024-08-18,0,Road,XPO Logistics,Delivered,341,14083.3,0,0.29,low,0.091
SHP-1806,SUP-032,PRD-095,WH-08,Nairobi,Kenya,Amsterdam,Netherlands,2023-02-19,2023-03-25,2023-03-30,5,Rail,BNSF Railway,Delayed,339,24577.5,1,0.56,medium,0.503
SHP-1807,SUP-034,PRD-102,WH-06,Cairo,South Africa,Paris,France,2024-11-19,2024-12-16,2024-12-22,6,Sea,CMA CGM,Delayed,317,16674.2,1,0.74,high,0.604
SHP-1808,SUP-038,PRD-114,WH-08,Dallas,Canada,Amsterdam,Netherlands,2022-12-10,2022-12-13,2022-12-13,0,Sea,CMA CGM,Delivered,154,3942.4,0,0.22,low,0.068
SHP-1809,SUP-034,PRD-101,WH-06,Accra,South Africa,Paris,France,2022-02-16,2022-03-15,2022-03-15,0,Sea,Maersk,Delivered,141,13620.6,0,0.83,low,0.261
SHP-1810,SUP-047,PRD-139,WH-03,Los Angeles,United States,Toronto,Canada,2022-02-27,2022-03-06,2022-03-06,0,Air,Emirates SkyCargo,Delivered,71,5538.0,0,0.1,low,0.031
SHP-1811,SUP-041,PRD-123,WH-14,Tokyo,India,Johannesburg,South Africa,2024-11-12,2024-12-01,2024-12-01,0,Road,XPO Logistics,Delivered,352,40656.0,0,0.3,low,0.093
SHP-1812,SUP-001,PRD-002,WH-12,Accra,Nigeria,Singapore,Singapore,2022-03-17,2022-04-12,2022-04-14,2,Air,DHL,Delayed,321,82818.0,1,0.52,medium,0.356
SHP-1813,SUP-030,PRD-090,WH-02,Mumbai,Japan,Los Angeles,United States,2023-07-17,2023-08-04,2023-08-22,18,Air,FedEx,Delayed,491,204256.0,1,0.66,high,0.761
SHP-1814,SUP-048,PRD-143,WH-09,Santiago,Peru,São Paulo,Brazil,2024-10-02,2024-10-16,2024-10-16,0,Sea,MSC,Delivered,461,44624.8,0,0.21,low,0.063
SHP-1815,SUP-049,PRD-145,WH-04,New York,Canada,Houston,United States,2023-12-27,2024-01-01,2024-01-01,0,Air,FedEx,Delivered,246,15744.0,0,0.12,low,0.039
SHP-1816,SUP-009,PRD-025,WH-08,Paris,Poland,Amsterdam,Netherlands,2023-10-24,2023-11-03,2023-11-03,0,Road,J.B. Hunt,Delivered,452,34013.0,0,0.58,low,0.18
SHP-1817,SUP-034,PRD-102,WH-14,Nairobi,South Africa,Johannesburg,South Africa,2022-09-18,2022-10-15,2022-10-21,6,Road,J.B. Hunt,Delayed,160,14728.0,1,0.86,high,0.64
SHP-1818,SUP-023,PRD-068,WH-12,Ho Chi Minh City,India,Singapore,Singapore,2024-01-23,2024-02-15,2024-02-15,0,Air,DHL,Delivered,179,42065.0,0,0.37,low,0.121
SHP-1819,SUP-036,PRD-106,WH-15,Lagos,Kenya,Lagos,Nigeria,2023-04-10,2023-04-30,2023-04-30,0,Air,Emirates SkyCargo,Delivered,247,88920.0,0,0.68,low,0.225
SHP-1820,SUP-044,PRD-131,WH-15,Johannesburg,Nigeria,Lagos,Nigeria,2024-06-15,2024-07-06,2024-07-06,0,Sea,Maersk,Delivered,467,747.2,0,0.31,low,0.097
SHP-1821,SUP-020,PRD-060,WH-03,Ho Chi Minh City,Singapore,Toronto,Canada,2024-01-02,2024-01-30,2024-01-30,0,Sea,MSC,Delivered,314,3642.4,0,0.29,low,0.091
SHP-1822,SUP-003,PRD-007,WH-03,Warsaw,Italy,Toronto,Canada,2023-09-03,2023-09-08,2023-09-09,1,Air,FedEx,Delayed,265,99640.0,1,0.12,medium,0.184
SHP-1823,SUP-037,PRD-111,WH-08,Paris,Germany,Amsterdam,Netherlands,2023-12-29,2024-01-07,2024-01-11,4,Rail,BNSF Railway,Delayed,485,14913.75,1,0.86,medium,0.558
SHP-1824,SUP-013,PRD-039,WH-15,Mumbai,Singapore,Lagos,Nigeria,2022-08-02,2022-08-22,2022-08-22,0,Road,XPO Logistics,Delivered,383,56971.25,0,0.06,low,0.02
SHP-1825,SUP-041,PRD-121,WH-04,Jakarta,India,Houston,United States,2023-09-16,2023-10-05,2023-10-05,0,Air,DHL,Delivered,173,78196.0,0,0.08,low,0.027
SHP-1826,SUP-050,PRD-149,WH-13,Jakarta,Japan,Tokyo,Japan,2023-06-05,2023-06-23,2023-06-23,0,Sea,Maersk,Cancelled,173,2318.2,0,0.74,low,0.239
SHP-1827,SUP-030,PRD-089,WH-03,Sydney,Japan,Toronto,Canada,2022-12-28,2023-01-15,2023-01-15,0,Sea,MSC,Delivered,298,2860.8,0,0.74,low,0.235
SHP-1828,SUP-008,PRD-024,WH-05,Atlanta,Mexico,Berlin,Germany,2022-08-24,2022-08-29,2022-08-29,0,Sea,Maersk,Delivered,479,43493.2,0,0.1,low,0.031
SHP-1829,SUP-038,PRD-114,WH-02,Dallas,Canada,Los Angeles,United States,2022-05-28,2022-05-31,2022-05-31,0,Road,XPO Logistics,Delivered,136,6092.8,0,0.29,low,0.089
SHP-1830,SUP-025,PRD-074,WH-08,Santiago,Brazil,Amsterdam,Netherlands,2024-03-02,2024-03-14,2024-03-20,6,Sea,MSC,Delayed,435,30450.0,1,0.78,high,0.615
SHP-1831,SUP-003,PRD-009,WH-07,London,Italy,London,United Kingdom,2024-04-09,2024-04-14,2024-04-14,0,Sea,Maersk,Delivered,414,38005.2,0,0.33,low,0.102
SHP-1832,SUP-013,PRD-038,WH-04,Shanghai,Singapore,Houston,United States,2024-02-27,2024-03-18,2024-03-18,0,Sea,Maersk,Delivered,232,9976.0,0,0.16,low,0.05
SHP-1833,SUP-035,PRD-103,WH-12,Cairo,Kenya,Singapore,Singapore,2024-04-27,2024-05-23,2024-05-24,1,Air,FedEx,Delayed,488,160064.0,1,0.12,medium,0.184
SHP-1834,SUP-015,PRD-043,WH-07,London,Germany,London,United Kingdom,2022-10-01,2022-10-07,2022-10-07,0,Sea,CMA CGM,Delivered,298,9655.2,0,0.66,low,0.22
SHP-1835,SUP-018,PRD-054,WH-04,Warsaw,Poland,Houston,United States,2023-03-29,2023-04-04,2023-04-04,0,Road,XPO Logistics,Delivered,68,5783.4,0,0.49,low,0.157
SHP-1836,SUP-034,PRD-102,WH-15,Nairobi,South Africa,Lagos,Nigeria,2022-11-03,2022-11-30,2022-12-02,2,Air,DHL,Delayed,335,88105.0,1,0.7,medium,0.412
SHP-1837,SUP-021,PRD-062,WH-13,Singapore,Australia,Tokyo,Japan,2023-09-15,2023-10-13,2023-10-13,0,Air,FedEx,Delivered,436,19184.0,0,0.67,low,0.216
SHP-1838,SUP-040,PRD-119,WH-08,Milan,United Kingdom,Amsterdam,Netherlands,2022-09-20,2022-09-30,2022-10-06,6,Road,J.B. Hunt,Delayed,215,24757.25,1,0.92,high,0.657
SHP-1839,SUP-044,PRD-131,WH-08,Accra,Nigeria,Amsterdam,Netherlands,2022-11-20,2022-12-11,2022-12-11,0,Sea,MSC,Delivered,212,339.2,0,0.31,low,0.097
SHP-1840,SUP-022,PRD-064,WH-02,Lima,Chile,Los Angeles,United States,2024-11-01,2024-11-19,2024-11-19,0,Road,DB Schenker,Delivered,195,30985.5,0,0.07,low,0.024
SHP-1841,SUP-049,PRD-145,WH-09,Atlanta,Canada,São Paulo,Brazil,2023-06-08,2023-06-13,2023-06-13,0,Air,Emirates SkyCargo,Delivered,486,31104.0,0,0.21,low,0.066
SHP-1842,SUP-041,PRD-121,WH-03,Singapore,India,Toronto,Canada,2023-05-09,2023-05-28,2023-05-30,2,Air,Emirates SkyCargo,Delayed,398,179896.0,1,0.26,medium,0.271
SHP-1843,SUP-029,PRD-087,WH-05,Bogotá,Colombia,Berlin,Germany,2022-10-09,2022-10-19,2022-10-19,0,Road,J.B. Hunt,Delivered,284,34690.6,0,0.49,low,0.157
SHP-1844,SUP-026,PRD-076,WH-15,Lagos,South Africa,Lagos,Nigeria,2022-01-17,2022-02-07,2022-02-07,0,Air,FedEx,Delivered,273,12831.0,0,0.55,low,0.171
SHP-1845,SUP-033,PRD-097,WH-06,Houston,Mexico,Paris,France,2022-04-17,2022-04-21,2022-04-21,0,Sea,Maersk,Delivered,71,6617.2,0,0.57,low,0.179
SHP-1846,SUP-039,PRD-116,WH-04,Los Angeles,Mexico,Houston,United States,2023-10-02,2023-10-07,2023-10-08,1,Air,DHL,Delayed,148,71188.0,1,0.42,medium,0.279
SHP-1847,SUP-036,PRD-108,WH-12,Lagos,Kenya,Singapore,Singapore,2022-08-01,2022-08-21,2022-09-01,11,Sea,Maersk,Delayed,334,24983.2,1,0.85,high,0.826
SHP-1848,SUP-044,PRD-132,WH-08,Cairo,Nigeria,Amsterdam,Netherlands,2023-10-14,2023-11-04,2023-11-04,0,Sea,Maersk,Delivered,93,6249.6,0,0.31,low,0.097
SHP-1849,SUP-042,PRD-126,WH-01,Buenos Aires,Peru,Chicago,United States,2022-05-28,2022-06-10,2022-06-13,3,Air,FedEx,Delayed,37,2479.0,1,0.37,medium,0.356
SHP-1850,SUP-017,PRD-049,WH-05,Accra,Egypt,Berlin,Germany,2024-06-03,2024-07-05,2024-07-05,0,Sea,MSC,Delivered,485,21825.0,0,0.26,low,0.079
SHP-1851,SUP-046,PRD-137,WH-01,Seoul,India,Chicago,United States,2023-08-14,2023-09-03,2023-09-04,1,Air,FedEx,Delayed,265,31270.0,1,0.06,medium,0.166
SHP-1852,SUP-026,PRD-076,WH-07,Nairobi,South Africa,London,United Kingdom,2022-10-18,2022-11-08,2022-11-20,12,Sea,Maersk,Delayed,125,1175.0,1,0.6,high,0.736
SHP-1853,SUP-038,PRD-112,WH-03,Toronto,Canada,Toronto,Canada,2022-10-07,2022-10-10,2022-10-10,0,Air,FedEx,Delivered,138,12144.0,0,0.31,low,0.095
SHP-1854,SUP-042,PRD-124,WH-11,Buenos Aires,Peru,Santiago,Chile,2022-04-07,2022-04-20,2022-04-21,1,Rail,BNSF Railway,Delayed,334,27054.0,1,0.58,medium,0.329
SHP-1855,SUP-007,PRD-019,WH-04,Atlanta,Canada,Houston,United States,2024-12-30,2025-01-03,2025-01-03,0,Sea,Maersk,In Transit,118,10384.0,0,0.42,low,0.134
SHP-1856,SUP-015,PRD-044,WH-07,Warsaw,Germany,London,United Kingdom,2022-08-28,2022-09-03,2022-09-12,9,Road,DB Schenker,Delayed,367,48168.75,1,0.73,high,0.746
SHP-1857,SUP-011,PRD-031,WH-02,Buenos Aires,Brazil,Los Angeles,United States,2024-10-22,2024-11-02,2024-11-06,4,Sea,MSC,Delayed,239,11328.6,1,0.59,medium,0.467
SHP-1858,SUP-015,PRD-044,WH-15,Warsaw,Germany,Lagos,Nigeria,2022-12-02,2022-12-08,2022-12-08,0,Sea,MSC,Delivered,404,30300.0,0,0.79,low,0.259
SHP-1859,SUP-046,PRD-137,WH-02,Ho Chi Minh City,India,Los Angeles,United States,2023-10-12,2023-11-01,2023-11-01,0,Road,DB Schenker,Delivered,372,15363.6,0,0.1,low,0.033
SHP-1860,SUP-030,PRD-089,WH-04,Jakarta,Japan,Houston,United States,2022-05-16,2022-06-03,2022-06-03,0,Air,DHL,Delivered,466,22368.0,0,0.84,low,0.265
SHP-1861,SUP-006,PRD-018,WH-04,Santiago,Peru,Houston,United States,2023-11-08,2023-11-25,2023-12-08,13,Air,FedEx,Delayed,418,174306.0,1,0.95,high,0.847
SHP-1862,SUP-023,PRD-068,WH-14,Jakarta,India,Johannesburg,South Africa,2023-04-23,2023-05-16,2023-05-16,0,Sea,CMA CGM,Delivered,494,23218.0,0,0.47,low,0.151
SHP-1863,SUP-044,PRD-132,WH-08,Lagos,Nigeria,Amsterdam,Netherlands,2022-11-12,2022-12-03,2022-12-03,0,Rail,BNSF Railway,Delivered,406,34104.0,0,0.35,low,0.109
SHP-1864,SUP-037,PRD-111,WH-07,Madrid,Germany,London,United Kingdom,2022-07-31,2022-08-09,2022-08-16,7,Road,DB Schenker,Delayed,120,5166.0,1,0.87,high,0.696
SHP-1865,SUP-040,PRD-118,WH-02,Madrid,United Kingdom,Los Angeles,United States,2023-03-12,2023-03-22,2023-03-27,5,Sea,CMA CGM,Delayed,315,11340.0,1,0.66,medium,0.534
SHP-1866,SUP-009,PRD-026,WH-14,London,Poland,Johannesburg,South Africa,2023-08-30,2023-09-09,2023-09-09,0,Sea,CMA CGM,Delivered,405,13284.0,0,0.62,low,0.192
SHP-1867,SUP-040,PRD-120,WH-06,Warsaw,United Kingdom,Paris,France,2022-07-16,2022-07-26,2022-08-15,20,Sea,CMA CGM,Delayed,355,26483.0,1,0.71,high,0.774
SHP-1868,SUP-035,PRD-103,WH-14,Lagos,Kenya,Johannesburg,South Africa,2022-02-17,2022-03-15,2022-03-16,1,Air,Emirates SkyCargo,Delayed,105,34440.0,1,0.28,medium,0.232
SHP-1869,SUP-001,PRD-001,WH-07,Accra,Nigeria,London,United Kingdom,2024-05-17,2024-06-12,2024-06-12,0,Rail,DB Cargo,Delivered,304,18012.0,0,0.62,low,0.196
SHP-1870,SUP-030,PRD-090,WH-03,Mumbai,Japan,Toronto,Canada,2022-11-13,2022-12-01,2022-12-01,0,Air,FedEx,Delivered,223,92768.0,0,0.71,low,0.226
SHP-1871,SUP-045,PRD-134,WH-07,London,Poland,London,United Kingdom,2024-03-06,2024-03-18,2024-03-18,0,Road,XPO Logistics,Delivered,489,48093.15,0,0.29,low,0.091
SHP-1872,SUP-043,PRD-127,WH-15,Seoul,Australia,Lagos,Nigeria,2023-12-09,2023-12-28,2023-12-28,0,Sea,CMA CGM,Delivered,76,6308.0,0,0.1,low,0.033
SHP-1873,SUP-032,PRD-096,WH-12,Nairobi,Kenya,Singapore,Singapore,2023-11-22,2023-12-26,2023-12-29,3,Sea,Maersk,Delayed,188,9136.8,1,0.42,medium,0.371
SHP-1874,SUP-010,PRD-028,WH-02,Dallas,Mexico,Los Angeles,United States,2024-10-04,2024-10-07,2024-10-07,0,Road,J.B. Hunt,Delivered,328,1262.8,0,0.13,low,0.04
SHP-1875,SUP-042,PRD-124,WH-10,Buenos Aires,Peru,Bogotá,Colombia,2023-10-16,2023-10-29,2023-10-29,0,Sea,MSC,Delivered,356,23068.8,0,0.59,low,0.187
SHP-1876,SUP-047,PRD-140,WH-06,Los Angeles,United States,Paris,France,2024-12-26,2025-01-02,2025-01-02,0,Air,DHL,In Transit,56,11480.0,0,0.31,low,0.094
SHP-1877,SUP-037,PRD-111,WH-08,Berlin,Germany,Amsterdam,Netherlands,2022-06-01,2022-06-10,2022-06-10,0,Sea,MSC,Delivered,316,7773.6,0,0.85,low,0.275
SHP-1878,SUP-042,PRD-126,WH-08,São Paulo,Peru,Amsterdam,Netherlands,2023-12-28,2024-01-10,2024-01-10,0,Road,XPO Logistics,Delivered,97,2274.65,0,0.51,low,0.163
SHP-1879,SUP-032,PRD-095,WH-15,Cairo,Kenya,Lagos,Nigeria,2022-03-09,2022-04-12,2022-04-14,2,Air,FedEx,Delayed,93,26970.0,1,0.39,medium,0.317
SHP-1880,SUP-018,PRD-053,WH-14,Stockholm,Poland,Johannesburg,South Africa,2023-09-12,2023-09-18,2023-09-18,0,Rail,DB Cargo,Delivered,183,2790.75,0,0.41,low,0.133
SHP-1881,SUP-033,PRD-097,WH-05,Los Angeles,Mexico,Berlin,Germany,2024-09-21,2024-09-25,2024-09-25,0,Air,Emirates SkyCargo,Delivered,215,100190.0,0,0.37,low,0.119
SHP-1882,SUP-026,PRD-077,WH-15,Johannesburg,South Africa,Lagos,Nigeria,2024-10-11,2024-11-01,2024-11-07,6,Road,XPO Logistics,Delayed,318,42627.9,1,0.55,high,0.541
SHP-1883,SUP-002,PRD-004,WH-07,Cairo,Ghana,London,United Kingdom,2024-12-26,2025-01-22,2025-01-22,0,Air,DHL,In Transit,87,1131.0,0,0.6,low,0.19
SHP-1884,SUP-035,PRD-105,WH-07,Nairobi,Kenya,London,United Kingdom,2022-10-07,2022-11-02,2022-11-02,0,Rail,DB Cargo,Delivered,415,44197.5,0,0.33,low,0.102
SHP-1885,SUP-019,PRD-056,WH-05,Lima,Peru,Berlin,Germany,2024-01-25,2024-02-07,2024-02-08,1,Road,XPO Logistics,Delayed,303,16119.6,1,0.59,medium,0.332
SHP-1886,SUP-007,PRD-019,WH-08,Vancouver,Canada,Amsterdam,Netherlands,2023-09-10,2023-09-14,2023-09-26,12,Air,Emirates SkyCargo,Delayed,166,73040.0,1,0.4,high,0.678
SHP-1887,SUP-045,PRD-133,WH-06,Stockholm,Poland,Paris,France,2023-08-05,2023-08-17,2023-08-18,1,Rail,DB Cargo,Delayed,189,2598.75,1,0.07,medium,0.17
SHP-1888,SUP-042,PRD-126,WH-04,Buenos Aires,Peru,Houston,United States,2024-11-27,2024-12-10,2024-12-11,1,Sea,CMA CGM,Delayed,274,3671.6,1,0.57,medium,0.326
SHP-1889,SUP-007,PRD-019,WH-03,New York,Canada,Toronto,Canada,2023-08-03,2023-08-07,2023-08-07,0,Rail,Union Pacific,Delivered,318,34980.0,0,0.51,low,0.161
SHP-1890,SUP-048,PRD-144,WH-02,Lima,Peru,Los Angeles,United States,2024-12-12,2024-12-26,2024-12-26,0,Sea,MSC,In Transit,329,21056.0,0,0.13,low,0.039
SHP-1891,SUP-041,PRD-123,WH-02,Shanghai,India,Los Angeles,United States,2022-03-04,2022-03-23,2022-03-23,0,Sea,CMA CGM,Delivered,194,12804.0,0,0.18,low,0.057
SHP-1892,SUP-028,PRD-084,WH-04,Buenos Aires,Colombia,Houston,United States,2024-01-19,2024-02-08,2024-02-08,0,Road,XPO Logistics,Delivered,249,174.3,0,0.54,low,0.169
SHP-1893,SUP-008,PRD-023,WH-03,Dallas,Mexico,Toronto,Canada,2024-11-13,2024-11-18,2024-11-18,0,Sea,Maersk,Delivered,263,4365.8,0,0.06,low,0.019
SHP-1894,SUP-004,PRD-010,WH-09,Atlanta,United States,São Paulo,Brazil,2022-08-16,2022-08-21,2022-08-22,1,Sea,MSC,Delayed,460,24472.0,1,0.1,medium,0.177
SHP-1895,SUP-004,PRD-012,WH-06,Vancouver,United States,Paris,France,2022-07-30,2022-08-04,2022-08-05,1,Road,DB Schenker,Delayed,297,47193.3,1,0.23,medium,0.216
SHP-1896,SUP-046,PRD-137,WH-13,Singapore,India,Tokyo,Japan,2022-10-05,2022-10-25,2022-10-25,0,Air,FedEx,Delivered,106,12508.0,0,0.11,low,0.036
SHP-1897,SUP-049,PRD-145,WH-02,New York,Canada,Los Angeles,United States,2022-11-27,2022-12-02,2022-12-02,0,Air,DHL,Delivered,112,7168.0,0,0.1,low,0.033
SHP-1898,SUP-014,PRD-041,WH-09,Lima,Brazil,São Paulo,Brazil,2023-07-23,2023-08-08,2023-08-08,0,Sea,MSC,Delivered,330,24222.0,0,0.23,low,0.071
SHP-1899,SUP-025,PRD-073,WH-09,Bogotá,Brazil,São Paulo,Brazil,2024-11-15,2024-11-27,2024-11-28,1,Road,J.B. Hunt,Delayed,79,11391.8,1,0.93,medium,0.435
SHP-1900,SUP-028,PRD-084,WH-09,Bogotá,Colombia,São Paulo,Brazil,2023-02-02,2023-02-22,2023-02-22,0,Sea,Maersk,Delivered,104,41.6,0,0.58,low,0.181
SHP-1901,SUP-039,PRD-117,WH-03,Chicago,Mexico,Toronto,Canada,2024-06-13,2024-06-18,2024-06-18,0,Rail,Union Pacific,Delivered,270,33750.0,0,0.52,low,0.164
SHP-1902,SUP-004,PRD-012,WH-05,Houston,United States,Berlin,Germany,2024-10-28,2024-11-02,2024-11-04,2,Air,FedEx,Delayed,485,220190.0,1,0.31,medium,0.285
SHP-1903,SUP-027,PRD-079,WH-01,Paris,Germany,Chicago,United States,2023-11-13,2023-11-23,2023-11-23,0,Air,Emirates SkyCargo,Delivered,409,203682.0,0,0.62,low,0.193
SHP-1904,SUP-045,PRD-134,WH-01,Milan,Poland,Chicago,United States,2024-04-19,2024-05-01,2024-05-01,0,Road,XPO Logistics,Delivered,301,29603.35,0,0.06,low,0.022
SHP-1905,SUP-008,PRD-024,WH-06,Houston,Mexico,Paris,France,2022-02-16,2022-02-21,2022-02-21,0,Sea,CMA CGM,Delivered,348,31598.4,0,0.26,low,0.079
SHP-1906,SUP-003,PRD-009,WH-08,Milan,Italy,Amsterdam,Netherlands,2022-08-25,2022-08-30,2022-08-31,1,Road,J.B. Hunt,Delayed,247,39680.55,1,0.13,medium,0.187
SHP-1907,SUP-021,PRD-063,WH-14,Shanghai,Australia,Johannesburg,South Africa,2023-10-16,2023-11-13,2023-11-13,0,Rail,Union Pacific,Delivered,421,31364.5,0,0.76,low,0.243
SHP-1908,SUP-041,PRD-122,WH-12,Ho Chi Minh City,India,Singapore,Singapore,2023-01-18,2023-02-06,2023-02-06,0,Road,J.B. Hunt,Delivered,240,26796.0,0,0.22,low,0.069
SHP-1909,SUP-005,PRD-015,WH-01,Stockholm,Italy,Chicago,United States,2022-11-10,2022-11-16,2022-11-16,0,Road,DB Schenker,Delivered,27,1115.1,0,0.16,low,0.052
SHP-1910,SUP-049,PRD-145,WH-11,New York,Canada,Santiago,Chile,2024-05-10,2024-05-15,2024-05-15,0,Road,DB Schenker,Delivered,247,5532.8,0,0.32,low,0.099
SHP-1911,SUP-008,PRD-023,WH-10,Toronto,Mexico,Bogotá,Colombia,2024-06-28,2024-07-03,2024-07-03,0,Sea,CMA CGM,Delivered,55,913.0,0,0.14,low,0.043
SHP-1912,SUP-040,PRD-118,WH-07,Stockholm,United Kingdom,London,United Kingdom,2023-03-27,2023-04-06,2023-04-07,1,Road,XPO Logistics,Delayed,347,21861.0,1,0.83,medium,0.405
SHP-1913,SUP-031,PRD-092,WH-09,Atlanta,United States,São Paulo,Brazil,2024-07-30,2024-08-03,2024-08-19,16,Road,XPO Logistics,Delayed,292,19622.4,1,0.73,high,0.784
SHP-1914,SUP-016,PRD-046,WH-05,Nairobi,Kenya,Berlin,Germany,2022-12-23,2023-01-16,2023-01-21,5,Air,FedEx,Delayed,383,49790.0,1,0.69,medium,0.544
SHP-1915,SUP-010,PRD-030,WH-10,New York,Mexico,Bogotá,Colombia,2023-05-21,2023-05-24,2023-05-24,0,Air,Emirates SkyCargo,Delivered,193,23932.0,0,0.14,low,0.043
SHP-1916,SUP-024,PRD-072,WH-12,Sydney,Indonesia,Singapore,Singapore,2022-12-23,2023-01-14,2023-01-14,0,Sea,Maersk,Delivered,162,2332.8,0,0.7,low,0.228
SHP-1917,SUP-034,PRD-100,WH-06,Lagos,South Africa,Paris,France,2023-03-30,2023-04-26,2023-04-28,2,Sea,Maersk,Delayed,454,37318.8,1,0.67,medium,0.403
SHP-1918,SUP-045,PRD-135,WH-07,Warsaw,Poland,London,United Kingdom,2022-10-20,2022-11-01,2022-11-01,0,Air,Emirates SkyCargo,Delivered,336,78288.0,0,0.23,low,0.073
SHP-1919,SUP-034,PRD-100,WH-15,Cairo,South Africa,Lagos,Nigeria,2023-08-29,2023-09-25,2023-09-25,0,Air,FedEx,Cancelled,297,122067.0,0,0.93,low,0.291
SHP-1920,SUP-016,PRD-046,WH-08,Lagos,Kenya,Amsterdam,Netherlands,2022-12-27,2023-01-20,2023-01-20,0,Air,DHL,Delivered,222,28860.0,0,0.72,low,0.228
SHP-1921,SUP-011,PRD-032,WH-09,Buenos Aires,Brazil,São Paulo,Brazil,2022-09-06,2022-09-17,2022-09-17,0,Sea,MSC,Delivered,292,7533.6,0,0.58,low,0.184
SHP-1922,SUP-028,PRD-082,WH-11,Buenos Aires,Colombia,Santiago,Chile,2022-04-03,2022-04-23,2022-04-23,0,Air,Emirates SkyCargo,Delivered,142,28542.0,0,0.54,low,0.169
SHP-1923,SUP-019,PRD-056,WH-07,Buenos Aires,Peru,London,United Kingdom,2024-09-29,2024-10-12,2024-10-13,1,Air,DHL,Delayed,114,17328.0,1,0.56,medium,0.323
SHP-1924,SUP-045,PRD-134,WH-03,Paris,Poland,Toronto,Canada,2023-11-23,2023-12-05,2023-12-05,0,Sea,MSC,Delivered,52,2922.4,0,0.2,low,0.064
SHP-1925,SUP-029,PRD-086,WH-07,Bogotá,Colombia,London,United Kingdom,2022-01-06,2022-01-16,2022-01-16,0,Road,XPO Logistics,Delivered,136,4902.8,0,0.35,low,0.115
SHP-1926,SUP-028,PRD-084,WH-01,Buenos Aires,Colombia,Chicago,United States,2023-12-21,2024-01-10,2024-01-10,0,Rail,BNSF Railway,Delivered,413,206.5,0,0.37,low,0.118
SHP-1927,SUP-027,PRD-080,WH-01,Milan,Germany,Chicago,United States,2023-08-13,2023-08-23,2023-08-23,0,Road,XPO Logistics,Delivered,334,27588.4,0,0.44,low,0.139
SHP-1928,SUP-028,PRD-082,WH-08,Lima,Colombia,Amsterdam,Netherlands,2022-08-02,2022-08-22,2022-08-22,0,Rail,Union Pacific,Delivered,235,11808.75,0,0.56,low,0.175
SHP-1929,SUP-027,PRD-079,WH-02,London,Germany,Los Angeles,United States,2024-08-22,2024-09-01,2024-09-01,0,Air,DHL,Delivered,421,209658.0,0,0.52,low,0.163
SHP-1930,SUP-040,PRD-118,WH-02,Milan,United Kingdom,Los Angeles,United States,2022-04-23,2022-05-03,2022-05-11,8,Air,DHL,Delayed,365,65700.0,1,0.68,high,0.675
SHP-1931,SUP-036,PRD-108,WH-13,Johannesburg,Kenya,Tokyo,Japan,2024-03-02,2024-03-22,2024-03-25,3,Air,DHL,Delayed,370,138380.0,1,0.8,medium,0.496
SHP-1932,SUP-040,PRD-119,WH-15,London,United Kingdom,Lagos,Nigeria,2022-05-27,2022-06-06,2022-06-13,7,Road,DB Schenker,Delayed,232,26714.8,1,0.72,high,0.642
SHP-1933,SUP-037,PRD-109,WH-06,Madrid,Germany,Paris,France,2022-11-08,2022-11-17,2022-11-17,0,Air,Emirates SkyCargo,Delivered,145,7395.0,0,0.79,low,0.257
SHP-1934,SUP-027,PRD-079,WH-15,London,Germany,Lagos,Nigeria,2023-05-14,2023-05-24,2023-05-25,1,Sea,CMA CGM,Delayed,357,35557.2,1,0.54,medium,0.314
SHP-1935,SUP-030,PRD-089,WH-02,Seoul,Japan,Los Angeles,United States,2024-09-07,2024-09-25,2024-09-27,2,Sea,CMA CGM,Delayed,274,2630.4,1,0.77,medium,0.434
SHP-1936,SUP-041,PRD-121,WH-04,Mumbai,India,Houston,United States,2024-12-08,2024-12-27,2024-12-27,0,Air,FedEx,In Transit,361,163172.0,0,0.31,low,0.096
SHP-1937,SUP-030,PRD-089,WH-01,Sydney,Japan,Chicago,United States,2024-03-15,2024-04-02,2024-04-16,14,Rail,Union Pacific,Delayed,52,624.0,1,0.89,high,0.83
SHP-1938,SUP-037,PRD-109,WH-01,Stockholm,Germany,Chicago,United States,2023-12-09,2023-12-18,2023-12-29,11,Rail,Union Pacific,Delayed,364,4641.0,1,0.77,high,0.801
SHP-1939,SUP-050,PRD-149,WH-15,Sydney,Japan,Lagos,Nigeria,2023-06-17,2023-07-05,2023-07-11,6,Air,Emirates SkyCargo,Delayed,167,11189.0,1,0.86,high,0.645
SHP-1940,SUP-011,PRD-031,WH-02,Santiago,Brazil,Los Angeles,United States,2022-10-10,2022-10-21,2022-10-30,9,Road,J.B. Hunt,Delayed,234,19410.3,1,0.45,high,0.65
SHP-1941,SUP-039,PRD-116,WH-02,Toronto,Mexico,Los Angeles,United States,2022-04-22,2022-04-27,2022-04-27,0,Road,DB Schenker,Delivered,384,64646.4,0,0.5,low,0.158
SHP-1942,SUP-042,PRD-124,WH-03,São Paulo,Peru,Toronto,Canada,2024-06-21,2024-07-04,2024-07-07,3,Sea,Maersk,Delayed,57,3693.6,1,0.39,medium,0.362
SHP-1943,SUP-010,PRD-029,WH-11,New York,Mexico,Santiago,Chile,2022-11-28,2022-12-01,2022-12-01,0,Road,J.B. Hunt,Delivered,498,56647.5,0,0.31,low,0.094
SHP-1944,SUP-046,PRD-138,WH-12,Ho Chi Minh City,India,Singapore,Singapore,2023-12-08,2023-12-28,2023-12-28,0,Road,DB Schenker,Delivered,459,76308.75,0,0.31,low,0.096
SHP-1945,SUP-029,PRD-085,WH-06,Bogotá,Colombia,Paris,France,2022-04-17,2022-04-27,2022-04-30,3,Sea,Maersk,Delayed,169,8788.0,1,0.49,medium,0.392
SHP-1946,SUP-047,PRD-139,WH-04,Houston,United States,Houston,United States,2024-06-29,2024-07-06,2024-07-06,0,Road,J.B. Hunt,Delivered,377,10292.1,0,0.26,low,0.079
SHP-1947,SUP-026,PRD-076,WH-12,Cairo,South Africa,Singapore,Singapore,2024-03-30,2024-04-20,2024-04-21,1,Sea,Maersk,Delayed,363,3412.2,1,0.39,medium,0.268
SHP-1948,SUP-039,PRD-116,WH-04,Chicago,Mexico,Houston,United States,2022-10-01,2022-10-06,2022-10-06,0,Road,J.B. Hunt,Delivered,366,61616.1,0,0.51,low,0.161
SHP-1949,SUP-038,PRD-113,WH-03,Dallas,Canada,Toronto,Canada,2023-06-03,2023-06-06,2023-06-06,0,Sea,Maersk,Delivered,236,21570.4,0,0.3,low,0.092
SHP-1950,SUP-046,PRD-138,WH-14,Shanghai,India,Johannesburg,South Africa,2024-11-09,2024-11-29,2024-11-29,0,Rail,BNSF Railway,Delivered,329,39068.75,0,0.17,low,0.054
SHP-1951,SUP-049,PRD-147,WH-08,Los Angeles,Canada,Amsterdam,Netherlands,2023-02-28,2023-03-05,2023-03-05,0,Road,DB Schenker,Delivered,330,51975.0,0,0.33,low,0.102
SHP-1952,SUP-033,PRD-099,WH-03,Chicago,Mexico,Toronto,Canada,2024-01-29,2024-02-02,2024-02-05,3,Air,DHL,Delayed,94,33182.0,1,0.43,medium,0.372
SHP-1953,SUP-029,PRD-085,WH-07,Buenos Aires,Colombia,London,United Kingdom,2024-10-03,2024-10-13,2024-10-14,1,Sea,MSC,Delayed,196,10192.0,1,0.59,medium,0.332
SHP-1954,SUP-039,PRD-117,WH-08,Chicago,Mexico,Amsterdam,Netherlands,2024-12-17,2024-12-22,2024-12-22,0,Road,J.B. Hunt,In Transit,38,6650.0,0,0.44,low,0.14
SHP-1955,SUP-045,PRD-133,WH-05,Madrid,Poland,Berlin,Germany,2022-05-06,2022-05-18,2022-05-19,1,Road,DB Schenker,Delayed,58,1116.5,1,0.26,medium,0.227
SHP-1956,SUP-027,PRD-079,WH-14,Paris,Germany,Johannesburg,South Africa,2023-07-17,2023-07-27,2023-07-28,1,Sea,CMA CGM,Delayed,45,4482.0,1,0.41,medium,0.275
SHP-1957,SUP-044,PRD-132,WH-14,Johannesburg,Nigeria,Johannesburg,South Africa,2024-04-05,2024-04-26,2024-04-26,0,Air,DHL,Delivered,269,90384.0,0,0.3,low,0.094
SHP-1958,SUP-034,PRD-102,WH-07,Johannesburg,South Africa,London,United Kingdom,2022-07-06,2022-08-02,2022-08-03,1,Rail,DB Cargo,Delayed,227,14925.25,1,0.92,medium,0.433
SHP-1959,SUP-039,PRD-117,WH-06,Houston,Mexico,Paris,France,2024-09-17,2024-09-22,2024-09-22,0,Air,Emirates SkyCargo,Delivered,495,247500.0,0,0.47,low,0.149
SHP-1960,SUP-038,PRD-113,WH-02,Los Angeles,Canada,Los Angeles,United States,2024-08-20,2024-08-23,2024-08-23,0,Sea,CMA CGM,Delivered,384,35097.6,0,0.21,low,0.065
SHP-1961,SUP-046,PRD-136,WH-01,Sydney,India,Chicago,United States,2022-05-15,2022-06-04,2022-06-05,1,Air,Emirates SkyCargo,Delayed,126,3024.0,1,0.16,medium,0.196
SHP-1962,SUP-022,PRD-065,WH-08,Lima,Chile,Amsterdam,Netherlands,2022-05-18,2022-06-05,2022-06-05,0,Sea,Maersk,Delivered,299,18597.8,0,0.16,low,0.051
SHP-1963,SUP-029,PRD-085,WH-01,Lima,Colombia,Chicago,United States,2024-11-08,2024-11-18,2024-11-19,1,Sea,Maersk,Delayed,68,3536.0,1,0.49,medium,0.302
SHP-1964,SUP-048,PRD-143,WH-03,Lima,Peru,Toronto,Canada,2023-12-27,2024-01-10,2024-01-10,0,Sea,CMA CGM,Delivered,268,25942.4,0,0.23,low,0.069
SHP-1965,SUP-018,PRD-052,WH-08,Berlin,Poland,Amsterdam,Netherlands,2022-11-07,2022-11-13,2022-11-13,0,Sea,Maersk,Delivered,481,13083.2,0,0.6,low,0.19
SHP-1966,SUP-016,PRD-047,WH-12,Cairo,Kenya,Singapore,Singapore,2022-12-12,2023-01-05,2023-01-05,0,Air,DHL,Delivered,467,2802.0,0,0.81,low,0.255
SHP-1967,SUP-025,PRD-074,WH-10,Buenos Aires,Brazil,Bogotá,Colombia,2022-01-10,2022-01-22,2022-01-23,1,Sea,CMA CGM,Delayed,493,34510.0,1,0.79,medium,0.393
SHP-1968,SUP-049,PRD-145,WH-08,Vancouver,Canada,Amsterdam,Netherlands,2023-04-04,2023-04-09,2023-04-09,0,Air,FedEx,Delivered,426,27264.0,0,0.19,low,0.06
SHP-1969,SUP-035,PRD-105,WH-15,Johannesburg,Kenya,Lagos,Nigeria,2024-10-23,2024-11-18,2024-11-18,0,Air,Emirates SkyCargo,Delivered,395,168270.0,0,0.19,low,0.06
SHP-1970,SUP-038,PRD-113,WH-04,Chicago,Canada,Houston,United States,2022-10-03,2022-10-06,2022-10-07,1,Road,XPO Logistics,Delayed,119,19034.05,1,0.14,medium,0.189
SHP-1971,SUP-024,PRD-071,WH-02,Shanghai,Indonesia,Los Angeles,United States,2023-12-16,2024-01-07,2024-01-07,0,Road,J.B. Hunt,Delivered,248,5034.4,0,0.95,low,0.303
SHP-1972,SUP-009,PRD-027,WH-03,Paris,Poland,Toronto,Canada,2023-12-20,2023-12-30,2023-12-30,0,Road,DB Schenker,Delivered,414,20286.0,0,0.49,low,0.153
SHP-1973,SUP-024,PRD-070,WH-14,Mumbai,Indonesia,Johannesburg,South Africa,2023-02-03,2023-02-25,2023-02-26,1,Air,FedEx,Delayed,90,35640.0,1,0.95,medium,0.448
SHP-1974,SUP-030,PRD-090,WH-04,Mumbai,Japan,Houston,United States,2024-07-28,2024-08-15,2024-08-15,0,Road,J.B. Hunt,Delivered,58,8444.8,0,0.88,low,0.277
SHP-1975,SUP-021,PRD-063,WH-12,Singapore,Australia,Singapore,Singapore,2022-02-13,2022-03-13,2022-03-20,7,Road,DB Schenker,Delayed,272,28369.6,1,0.89,high,0.697
SHP-1976,SUP-042,PRD-124,WH-10,Bogotá,Peru,Bogotá,Colombia,2022-03-18,2022-03-31,2022-04-01,1,Road,XPO Logistics,Delayed,234,26535.6,1,0.35,medium,0.26
SHP-1977,SUP-038,PRD-112,WH-03,Dallas,Canada,Toronto,Canada,2023-12-16,2023-12-19,2023-12-19,0,Road,J.B. Hunt,Delivered,153,4712.4,0,0.3,low,0.092
SHP-1978,SUP-027,PRD-081,WH-04,Amsterdam,Germany,Houston,United States,2023-03-28,2023-04-07,2023-04-07,0,Road,DB Schenker,Delivered,271,7682.85,0,0.62,low,0.193
SHP-1979,SUP-043,PRD-127,WH-13,Ho Chi Minh City,Australia,Tokyo,Japan,2024-04-05,2024-04-24,2024-04-25,1,Air,Emirates SkyCargo,Delayed,278,115370.0,1,0.33,medium,0.247
SHP-1980,SUP-044,PRD-131,WH-07,Lagos,Nigeria,London,United Kingdom,2022-11-16,2022-12-07,2022-12-08,1,Rail,Union Pacific,Delayed,374,748.0,1,0.09,medium,0.176
SHP-1981,SUP-046,PRD-137,WH-14,Jakarta,India,Johannesburg,South Africa,2022-10-27,2022-11-16,2022-11-16,0,Air,FedEx,Delivered,295,34810.0,0,0.15,low,0.048
SHP-1982,SUP-042,PRD-124,WH-05,Buenos Aires,Peru,Berlin,Germany,2022-12-28,2023-01-10,2023-01-10,0,Road,XPO Logistics,Delivered,299,33906.6,0,0.47,low,0.151
SHP-1983,SUP-005,PRD-013,WH-01,Warsaw,Italy,Chicago,United States,2022-02-05,2022-02-11,2022-02-11,0,Road,DB Schenker,Delivered,163,7416.5,0,0.11,low,0.037
SHP-1984,SUP-013,PRD-038,WH-13,Sydney,Singapore,Tokyo,Japan,2023-02-20,2023-03-12,2023-03-12,0,Sea,Maersk,Delivered,140,6020.0,0,0.15,low,0.047
SHP-1985,SUP-032,PRD-096,WH-06,Cairo,Kenya,Paris,France,2023-02-16,2023-03-22,2023-03-23,1,Road,J.B. Hunt,Delayed,46,3912.3,1,0.51,medium,0.308
SHP-1986,SUP-042,PRD-126,WH-01,São Paulo,Peru,Chicago,United States,2024-06-27,2024-07-10,2024-07-10,0,Road,DB Schenker,Delivered,457,10716.65,0,0.6,low,0.19
SHP-1987,SUP-004,PRD-010,WH-06,Houston,United States,Paris,France,2023-11-19,2023-11-24,2023-11-24,0,Sea,MSC,Delivered,298,15853.6,0,0.31,low,0.095
SHP-1988,SUP-043,PRD-127,WH-12,Mumbai,Australia,Singapore,Singapore,2022-04-12,2022-05-01,2022-05-01,0,Sea,MSC,Delivered,237,19671.0,0,0.08,low,0.027
SHP-1989,SUP-032,PRD-095,WH-05,Accra,Kenya,Berlin,Germany,2022-02-20,2022-03-26,2022-03-26,0,Air,DHL,Delivered,365,105850.0,0,0.54,low,0.172
SHP-1990,SUP-039,PRD-115,WH-10,Atlanta,Mexico,Bogotá,Colombia,2024-07-28,2024-08-02,2024-08-02,0,Road,XPO Logistics,Delivered,466,13048.0,0,0.45,low,0.143
SHP-1991,SUP-049,PRD-145,WH-02,Los Angeles,Canada,Los Angeles,United States,2022-03-16,2022-03-21,2022-03-21,0,Rail,BNSF Railway,Delivered,419,6704.0,0,0.27,low,0.084
SHP-1992,SUP-001,PRD-003,WH-12,Cairo,Nigeria,Singapore,Singapore,2023-02-20,2023-03-18,2023-03-18,0,Air,DHL,Delivered,68,25568.0,0,0.52,low,0.166
SHP-1993,SUP-011,PRD-033,WH-02,Buenos Aires,Brazil,Los Angeles,United States,2024-05-14,2024-05-25,2024-05-25,0,Sea,MSC,Delivered,351,25201.8,0,0.36,low,0.118
SHP-1994,SUP-049,PRD-145,WH-11,Vancouver,Canada,Santiago,Chile,2024-05-24,2024-05-29,2024-05-29,0,Sea,MSC,Delivered,223,2854.4,0,0.31,low,0.096
SHP-1995,SUP-011,PRD-033,WH-06,Lima,Brazil,Paris,France,2023-03-20,2023-03-31,2023-04-02,2,Rail,BNSF Railway,Delayed,203,18219.25,1,0.36,medium,0.308
SHP-1996,SUP-049,PRD-147,WH-11,Toronto,Canada,Santiago,Chile,2024-07-30,2024-08-04,2024-08-04,0,Air,FedEx,Delivered,241,108450.0,0,0.18,low,0.057
SHP-1997,SUP-038,PRD-114,WH-06,Chicago,Canada,Paris,France,2023-02-03,2023-02-06,2023-02-06,0,Rail,Union Pacific,Delivered,106,3392.0,0,0.11,low,0.035
SHP-1998,SUP-045,PRD-135,WH-14,Berlin,Poland,Johannesburg,South Africa,2024-08-07,2024-08-19,2024-08-19,0,Road,J.B. Hunt,Delivered,294,23975.7,0,0.08,low,0.028
SHP-1999,SUP-026,PRD-077,WH-13,Cairo,South Africa,Tokyo,Japan,2023-12-27,2024-01-17,2024-01-17,0,Air,Emirates SkyCargo,Delivered,449,171967.0,0,0.41,low,0.129
SHP-2000,SUP-040,PRD-119,WH-14,Berlin,United Kingdom,Johannesburg,South Africa,2023-10-12,2023-10-22,2023-10-23,1,Rail,DB Cargo,Delayed,415,34133.75,1,0.78,medium,0.39
SHP-2001,SUP-030,PRD-089,WH-15,Mumbai,Japan,Lagos,Nigeria,2022-05-24,2022-06-11,2022-07-03,22,Rail,Union Pacific,Delayed,430,5160.0,1,0.68,high,0.767
SHP-2002,SUP-039,PRD-116,WH-02,Los Angeles,Mexico,Los Angeles,United States,2023-09-24,2023-09-29,2023-10-05,6,Sea,Maersk,Delayed,22,2116.4,1,0.57,high,0.549
SHP-2003,SUP-016,PRD-047,WH-07,Accra,Kenya,London,United Kingdom,2023-01-06,2023-01-30,2023-02-11,12,Sea,Maersk,Delayed,340,408.0,1,0.72,high,0.778
SHP-2004,SUP-002,PRD-004,WH-06,Johannesburg,Ghana,Paris,France,2022-11-21,2022-12-18,2022-12-21,3,Sea,CMA CGM,Delayed,38,98.8,1,0.5,medium,0.395
SHP-2005,SUP-015,PRD-045,WH-05,Warsaw,Germany,Berlin,Germany,2023-12-07,2023-12-13,2023-12-14,1,Air,Emirates SkyCargo,Delayed,127,31496.0,1,0.9,medium,0.437
SHP-2006,SUP-044,PRD-132,WH-14,Cairo,Nigeria,Johannesburg,South Africa,2022-12-11,2023-01-01,2023-01-01,0,Air,FedEx,Delivered,347,116592.0,0,0.11,low,0.037
SHP-2007,SUP-012,PRD-035,WH-07,Warsaw,Spain,London,United Kingdom,2024-12-15,2024-12-22,2024-12-22,0,Sea,CMA CGM,In Transit,345,13731.0,0,0.44,low,0.138
SHP-2008,SUP-003,PRD-009,WH-02,Milan,Italy,Los Angeles,United States,2022-07-08,2022-07-13,2022-07-13,0,Sea,CMA CGM,Delivered,325,29835.0,0,0.16,low,0.051
SHP-2009,SUP-032,PRD-096,WH-13,Nairobi,Kenya,Tokyo,Japan,2022-04-12,2022-05-16,2022-05-16,0,Sea,Maersk,Delivered,205,9963.0,0,0.54,low,0.172
SHP-2010,SUP-022,PRD-065,WH-01,Bogotá,Chile,Chicago,United States,2023-11-08,2023-11-26,2023-11-26,0,Sea,CMA CGM,Delivered,239,14865.8,0,0.32,low,0.099
SHP-2011,SUP-039,PRD-117,WH-11,New York,Mexico,Santiago,Chile,2024-11-18,2024-11-23,2024-11-27,4,Sea,Maersk,Delayed,422,42200.0,1,0.44,medium,0.42
SHP-2012,SUP-050,PRD-148,WH-04,Sydney,Japan,Houston,United States,2022-11-24,2022-12-12,2022-12-12,0,Air,FedEx,Delivered,444,29304.0,0,0.74,low,0.239
SHP-2013,SUP-026,PRD-076,WH-05,Johannesburg,South Africa,Berlin,Germany,2024-08-01,2024-08-22,2024-08-22,0,Air,Emirates SkyCargo,Delivered,481,22607.0,0,0.53,low,0.165
SHP-2014,SUP-021,PRD-061,WH-14,Mumbai,Australia,Johannesburg,South Africa,2023-05-31,2023-06-28,2023-06-28,0,Rail,BNSF Railway,Delivered,192,16512.0,0,0.91,low,0.288
SHP-2015,SUP-003,PRD-008,WH-05,Madrid,Italy,Berlin,Germany,2023-10-16,2023-10-21,2023-10-21,0,Sea,CMA CGM,Delivered,36,2894.4,0,0.23,low,0.072
SHP-2016,SUP-039,PRD-116,WH-11,Vancouver,Mexico,Santiago,Chile,2022-12-05,2022-12-10,2022-12-10,0,Air,FedEx,Delivered,120,57720.0,0,0.43,low,0.137
SHP-2017,SUP-043,PRD-127,WH-12,Singapore,Australia,Singapore,Singapore,2024-11-28,2024-12-17,2024-12-17,0,Rail,Union Pacific,Delivered,158,16392.5,0,0.24,low,0.075
SHP-2018,SUP-028,PRD-084,WH-08,São Paulo,Colombia,Amsterdam,Netherlands,2023-05-10,2023-05-30,2023-05-31,1,Sea,MSC,Delayed,76,30.4,1,0.46,medium,0.29
SHP-2019,SUP-047,PRD-139,WH-08,Chicago,United States,Amsterdam,Netherlands,2023-09-07,2023-09-14,2023-09-15,1,Road,DB Schenker,Delayed,127,3467.1,1,0.15,medium,0.191
SHP-2020,SUP-006,PRD-016,WH-05,Lima,Peru,Berlin,Germany,2023-06-27,2023-07-14,2023-07-22,8,Road,J.B. Hunt,Delayed,459,12209.4,1,0.9,high,0.742
SHP-2021,SUP-027,PRD-079,WH-06,Paris,Germany,Paris,France,2024-11-19,2024-11-29,2024-12-14,15,Air,FedEx,Delayed,114,56772.0,1,0.62,high,0.743
SHP-2022,SUP-022,PRD-064,WH-06,Santiago,Chile,Paris,France,2024-02-18,2024-03-07,2024-03-07,0,Sea,CMA CGM,Delivered,46,4176.8,0,0.21,low,0.066
SHP-2023,SUP-037,PRD-109,WH-14,Amsterdam,Germany,Johannesburg,South Africa,2023-12-18,2023-12-27,2023-12-29,2,Road,DB Schenker,Delayed,40,714.0,1,0.89,medium,0.477
SHP-2024,SUP-044,PRD-130,WH-06,Nairobi,Nigeria,Paris,France,2024-11-12,2024-12-03,2024-12-03,0,Air,Emirates SkyCargo,Delivered,132,63888.0,0,0.26,low,0.082
SHP-2025,SUP-048,PRD-142,WH-04,Buenos Aires,Peru,Houston,United States,2022-11-15,2022-11-29,2022-11-30,1,Sea,Maersk,Delayed,453,24733.8,1,0.08,medium,0.169
SHP-2026,SUP-026,PRD-077,WH-08,Cairo,South Africa,Amsterdam,Netherlands,2022-12-08,2022-12-29,2022-12-29,0,Air,DHL,Delivered,108,41364.0,0,0.58,low,0.18
SHP-2027,SUP-003,PRD-009,WH-01,Paris,Italy,Chicago,United States,2024-11-12,2024-11-17,2024-11-17,0,Road,DB Schenker,Delivered,101,16225.65,0,0.05,low,0.018
SHP-2028,SUP-044,PRD-130,WH-12,Accra,Nigeria,Singapore,Singapore,2023-10-01,2023-10-22,2023-10-22,0,Air,Emirates SkyCargo,Delivered,326,157784.0,0,0.15,low,0.049
SHP-2029,SUP-007,PRD-020,WH-05,Chicago,Canada,Berlin,Germany,2023-09-29,2023-10-03,2023-10-03,0,Road,J.B. Hunt,Delivered,296,15540.0,0,0.39,low,0.125
SHP-2030,SUP-011,PRD-033,WH-04,Santiago,Brazil,Houston,United States,2023-04-12,2023-04-23,2023-04-24,1,Road,DB Schenker,Delayed,420,52773.0,1,0.42,medium,0.281
SHP-2031,SUP-039,PRD-117,WH-06,Chicago,Mexico,Paris,France,2023-09-24,2023-09-29,2023-09-29,0,Air,FedEx,Delivered,352,176000.0,0,0.4,low,0.128
SHP-2032,SUP-013,PRD-038,WH-02,Sydney,Singapore,Los Angeles,United States,2023-09-02,2023-09-22,2023-09-22,0,Air,DHL,Delivered,422,90730.0,0,0.27,low,0.083
SHP-2033,SUP-010,PRD-028,WH-09,Toronto,Mexico,São Paulo,Brazil,2024-08-23,2024-08-26,2024-08-26,0,Sea,Maersk,Delivered,330,726.0,0,0.23,low,0.07
SHP-2034,SUP-010,PRD-030,WH-10,Atlanta,Mexico,Bogotá,Colombia,2022-02-19,2022-02-22,2022-02-22,0,Air,DHL,Delivered,286,35464.0,0,0.31,low,0.094
SHP-2035,SUP-018,PRD-054,WH-01,Amsterdam,Poland,Chicago,United States,2024-06-11,2024-06-17,2024-06-17,0,Rail,DB Cargo,Delivered,473,28734.75,0,0.36,low,0.118
SHP-2036,SUP-045,PRD-133,WH-15,Milan,Poland,Lagos,Nigeria,2024-10-11,2024-10-23,2024-10-24,1,Road,J.B. Hunt,Delayed,499,9605.75,1,0.19,medium,0.206
SHP-2037,SUP-011,PRD-032,WH-03,São Paulo,Brazil,Toronto,Canada,2022-12-04,2022-12-15,2022-12-15,0,Air,Emirates SkyCargo,Delivered,62,7998.0,0,0.57,low,0.181
SHP-2038,SUP-049,PRD-147,WH-05,Houston,Canada,Berlin,Germany,2022-11-15,2022-11-20,2022-11-20,0,Road,XPO Logistics,Delivered,223,35122.5,0,0.22,low,0.069
SHP-2039,SUP-007,PRD-020,WH-05,Houston,Canada,Berlin,Germany,2024-08-01,2024-08-05,2024-08-05,0,Road,DB Schenker,Delivered,90,4725.0,0,0.52,low,0.164
SHP-2040,SUP-047,PRD-140,WH-05,Chicago,United States,Berlin,Germany,2024-06-24,2024-07-01,2024-07-01,0,Road,J.B. Hunt,Delivered,450,32287.5,0,0.27,low,0.082
SHP-2041,SUP-029,PRD-085,WH-09,Bogotá,Colombia,São Paulo,Brazil,2023-07-16,2023-07-26,2023-08-08,13,Air,Emirates SkyCargo,Delayed,213,55380.0,1,0.57,high,0.731
SHP-2042,SUP-039,PRD-115,WH-06,Vancouver,Mexico,Paris,France,2022-03-12,2022-03-17,2022-03-17,0,Sea,MSC,Delivered,470,7520.0,0,0.37,low,0.119
SHP-2043,SUP-042,PRD-125,WH-06,Santiago,Peru,Paris,France,2024-07-15,2024-07-28,2024-07-31,3,Air,DHL,Delayed,329,22043.0,1,0.58,medium,0.419
SHP-2044,SUP-018,PRD-053,WH-03,Milan,Poland,Toronto,Canada,2023-12-14,2023-12-20,2023-12-21,1,Road,XPO Logistics,Delayed,142,3031.7,1,0.59,medium,0.332
SHP-2045,SUP-040,PRD-120,WH-06,Berlin,United Kingdom,Paris,France,2022-06-04,2022-06-14,2022-06-14,0,Sea,Maersk,Delivered,44,3282.4,0,0.91,low,0.284
SHP-2046,SUP-026,PRD-076,WH-06,Lagos,South Africa,Paris,France,2023-07-30,2023-08-20,2023-08-21,1,Air,DHL,Delayed,140,6580.0,1,0.51,medium,0.304
SHP-2047,SUP-040,PRD-118,WH-02,Amsterdam,United Kingdom,Los Angeles,United States,2022-12-22,2023-01-01,2023-01-06,5,Road,J.B. Hunt,Delayed,218,13734.0,1,0.81,medium,0.579
SHP-2048,SUP-049,PRD-147,WH-11,Houston,Canada,Santiago,Chile,2024-04-30,2024-05-05,2024-05-05,0,Road,J.B. Hunt,Delivered,368,57960.0,0,0.08,low,0.027
SHP-2049,SUP-048,PRD-143,WH-01,Santiago,Peru,Chicago,United States,2022-01-26,2022-02-09,2022-02-09,0,Road,J.B. Hunt,Delivered,268,45399.2,0,0.18,low,0.054
SHP-2050,SUP-016,PRD-046,WH-14,Johannesburg,Kenya,Johannesburg,South Africa,2023-12-26,2024-01-19,2024-01-21,2,Road,DB Schenker,Delayed,487,22158.5,1,0.65,medium,0.397
SHP-2051,SUP-010,PRD-029,WH-04,Atlanta,Mexico,Houston,United States,2024-01-18,2024-01-21,2024-01-22,1,Sea,CMA CGM,Delayed,184,11960.0,1,0.08,medium,0.17
SHP-2052,SUP-019,PRD-056,WH-09,Lima,Peru,São Paulo,Brazil,2022-12-25,2023-01-07,2023-01-08,1,Road,DB Schenker,Delayed,152,8086.4,1,0.63,medium,0.344
SHP-2053,SUP-032,PRD-096,WH-13,Lagos,Kenya,Tokyo,Japan,2024-03-20,2024-04-23,2024-04-24,1,Air,FedEx,Delayed,275,66825.0,1,0.37,medium,0.266
SHP-2054,SUP-034,PRD-101,WH-15,Accra,South Africa,Lagos,Nigeria,2024-10-21,2024-11-17,2024-11-18,1,Sea,MSC,Delayed,74,7148.4,1,0.69,medium,0.364
SHP-2055,SUP-031,PRD-092,WH-05,Houston,United States,Berlin,Germany,2022-02-21,2022-02-25,2022-03-01,4,Road,J.B. Hunt,Delayed,264,17740.8,1,0.87,medium,0.556
SHP-2056,SUP-004,PRD-010,WH-03,Houston,United States,Toronto,Canada,2023-08-15,2023-08-20,2023-08-20,0,Sea,MSC,Delivered,473,25163.6,0,0.16,low,0.05
SHP-2057,SUP-037,PRD-110,WH-08,Amsterdam,Germany,Amsterdam,Netherlands,2022-01-02,2022-01-11,2022-01-11,0,Sea,Maersk,Delivered,370,12062.0,0,0.74,low,0.242
SHP-2058,SUP-044,PRD-132,WH-15,Nairobi,Nigeria,Lagos,Nigeria,2023-01-16,2023-02-06,2023-02-07,1,Rail,BNSF Railway,Delayed,235,19740.0,1,0.11,medium,0.182
SHP-2059,SUP-032,PRD-095,WH-13,Johannesburg,Kenya,Tokyo,Japan,2023-05-28,2023-07-01,2023-07-12,11,Sea,CMA CGM,Delayed,482,27956.0,1,0.49,high,0.707
SHP-2060,SUP-002,PRD-004,WH-12,Accra,Ghana,Singapore,Singapore,2023-12-08,2024-01-04,2024-01-04,0,Sea,CMA CGM,Delivered,136,353.6,0,0.47,low,0.151
SHP-2061,SUP-020,PRD-060,WH-13,Jakarta,Singapore,Tokyo,Japan,2023-01-06,2023-02-03,2023-02-03,0,Rail,BNSF Railway,Delivered,78,1131.0,0,0.25,low,0.079
SHP-2062,SUP-015,PRD-044,WH-05,Warsaw,Germany,Berlin,Germany,2023-11-07,2023-11-13,2023-11-15,2,Sea,MSC,Delayed,400,30000.0,1,0.93,medium,0.491
SHP-2063,SUP-013,PRD-039,WH-13,Tokyo,Singapore,Tokyo,Japan,2024-10-09,2024-10-29,2024-10-29,0,Sea,Maersk,Delivered,64,5440.0,0,0.21,low,0.065
SHP-2064,SUP-034,PRD-102,WH-12,Johannesburg,South Africa,Singapore,Singapore,2024-09-10,2024-10-07,2024-10-13,6,Road,J.B. Hunt,Delayed,149,13715.45,1,0.9,high,0.652
SHP-2065,SUP-036,PRD-107,WH-13,Accra,Kenya,Tokyo,Japan,2022-04-27,2022-05-17,2022-05-17,0,Sea,Maersk,Delivered,162,1134.0,0,0.81,low,0.264
SHP-2066,SUP-032,PRD-095,WH-12,Nairobi,Kenya,Singapore,Singapore,2024-11-24,2024-12-28,2024-12-28,0,Sea,CMA CGM,Delivered,359,20822.0,0,0.38,low,0.124
SHP-2067,SUP-001,PRD-002,WH-15,Cairo,Nigeria,Lagos,Nigeria,2023-03-09,2023-04-04,2023-04-04,0,Rail,BNSF Railway,Delivered,180,11610.0,0,0.47,low,0.151
SHP-2068,SUP-021,PRD-061,WH-14,Mumbai,Australia,Johannesburg,South Africa,2023-11-27,2023-12-25,2024-01-05,11,Road,XPO Logistics,Delayed,234,28173.6,1,0.83,high,0.814
SHP-2069,SUP-043,PRD-128,WH-02,Singapore,Australia,Los Angeles,United States,2024-11-04,2024-11-23,2024-11-24,1,Rail,BNSF Railway,Delayed,456,49590.0,1,0.26,medium,0.226
SHP-2070,SUP-042,PRD-126,WH-07,Lima,Peru,London,United Kingdom,2022-04-20,2022-05-03,2022-05-03,0,Air,DHL,Delivered,78,5226.0,0,0.58,low,0.184
SHP-2071,SUP-045,PRD-133,WH-04,Paris,Poland,Houston,United States,2024-05-22,2024-06-03,2024-06-03,0,Road,J.B. Hunt,Delivered,107,2059.75,0,0.08,low,0.028
SHP-2072,SUP-019,PRD-057,WH-01,Santiago,Peru,Chicago,United States,2022-09-04,2022-09-17,2022-09-18,1,Road,DB Schenker,Delayed,157,1538.6,1,0.52,medium,0.311
SHP-2073,SUP-004,PRD-011,WH-07,Chicago,United States,London,United Kingdom,2023-05-12,2023-05-17,2023-05-17,0,Sea,MSC,Delivered,210,9324.0,0,0.2,low,0.062
SHP-2074,SUP-027,PRD-081,WH-08,Stockholm,Germany,Amsterdam,Netherlands,2024-05-12,2024-05-22,2024-05-22,0,Sea,CMA CGM,Delivered,489,7921.8,0,0.53,low,0.166
SHP-2075,SUP-011,PRD-031,WH-05,Bogotá,Brazil,Berlin,Germany,2023-03-23,2023-04-03,2023-04-10,7,Road,DB Schenker,Delayed,74,6138.3,1,0.48,high,0.569
SHP-2076,SUP-023,PRD-067,WH-01,Jakarta,India,Chicago,United States,2022-05-17,2022-06-09,2022-06-09,0,Rail,Union Pacific,Delivered,446,30774.0,0,0.5,low,0.16
SHP-2077,SUP-032,PRD-094,WH-15,Lagos,Kenya,Lagos,Nigeria,2023-01-20,2023-02-23,2023-02-26,3,Sea,CMA CGM,Delayed,326,8736.8,1,0.43,medium,0.374
SHP-2078,SUP-022,PRD-064,WH-01,Lima,Chile,Chicago,United States,2023-05-31,2023-06-18,2023-06-19,1,Road,J.B. Hunt,Delayed,144,22881.6,1,0.05,medium,0.163
SHP-2079,SUP-036,PRD-108,WH-12,Accra,Kenya,Singapore,Singapore,2023-11-23,2023-12-13,2023-12-13,0,Sea,MSC,Delivered,376,28124.8,0,0.85,low,0.276
SHP-2080,SUP-029,PRD-087,WH-06,Santiago,Colombia,Paris,France,2022-10-05,2022-10-15,2022-10-15,0,Rail,DB Cargo,Delivered,307,26785.75,0,0.65,low,0.205
SHP-2081,SUP-043,PRD-129,WH-01,Tokyo,Australia,Chicago,United States,2024-08-01,2024-08-20,2024-08-20,0,Air,Emirates SkyCargo,Delivered,409,154193.0,0,0.33,low,0.102
SHP-2082,SUP-032,PRD-095,WH-15,Johannesburg,Kenya,Lagos,Nigeria,2024-11-07,2024-12-11,2024-12-11,0,Sea,MSC,Delivered,374,21692.0,0,0.39,low,0.127
SHP-2083,SUP-036,PRD-108,WH-06,Nairobi,Kenya,Paris,France,2022-01-23,2022-02-12,2022-02-13,1,Air,FedEx,Delayed,68,25432.0,1,0.86,medium,0.424
SHP-2084,SUP-039,PRD-117,WH-04,Chicago,Mexico,Houston,United States,2024-04-23,2024-04-28,2024-05-01,3,Sea,MSC,Delayed,481,48100.0,1,0.35,medium,0.348
SHP-2085,SUP-040,PRD-118,WH-01,Madrid,United Kingdom,Chicago,United States,2024-11-05,2024-11-15,2024-11-15,0,Air,FedEx,Delivered,145,26100.0,0,0.89,low,0.278
SHP-2086,SUP-029,PRD-085,WH-07,Bogotá,Colombia,London,United Kingdom,2024-06-18,2024-06-28,2024-06-28,0,Rail,DB Cargo,Delivered,362,23530.0,0,0.57,low,0.181
SHP-2087,SUP-033,PRD-099,WH-02,New York,Mexico,Los Angeles,United States,2024-05-03,2024-05-07,2024-05-11,4,Sea,MSC,Delayed,273,19273.8,1,0.46,medium,0.426
SHP-2088,SUP-044,PRD-132,WH-15,Lagos,Nigeria,Lagos,Nigeria,2023-12-05,2023-12-26,2023-12-26,0,Air,DHL,Delivered,370,124320.0,0,0.24,low,0.076
SHP-2089,SUP-005,PRD-015,WH-07,Warsaw,Italy,London,United Kingdom,2022-06-05,2022-06-11,2022-06-11,0,Air,Emirates SkyCargo,Delivered,122,14396.0,0,0.15,low,0.049
SHP-2090,SUP-026,PRD-078,WH-07,Lagos,South Africa,London,United Kingdom,2022-12-26,2023-01-16,2023-01-25,9,Air,FedEx,Delayed,384,33792.0,1,0.46,high,0.649
SHP-2091,SUP-042,PRD-126,WH-04,Lima,Peru,Houston,United States,2022-12-21,2023-01-03,2023-01-03,0,Road,XPO Logistics,Delivered,138,3236.1,0,0.51,low,0.163
SHP-2092,SUP-008,PRD-024,WH-09,Los Angeles,Mexico,São Paulo,Brazil,2022-05-14,2022-05-19,2022-05-19,0,Road,J.B. Hunt,Delivered,366,58157.4,0,0.05,low,0.016
SHP-2093,SUP-044,PRD-130,WH-07,Lagos,Nigeria,London,United Kingdom,2023-07-29,2023-08-19,2023-08-19,0,Air,FedEx,Delivered,237,114708.0,0,0.25,low,0.079
SHP-2094,SUP-038,PRD-114,WH-04,Atlanta,Canada,Houston,United States,2023-12-17,2023-12-20,2023-12-20,0,Sea,Maersk,Delivered,151,3865.6,0,0.11,low,0.035
SHP-2095,SUP-029,PRD-085,WH-06,Santiago,Colombia,Paris,France,2024-06-12,2024-06-22,2024-06-23,1,Sea,MSC,Delayed,435,22620.0,1,0.44,medium,0.287
SHP-2096,SUP-024,PRD-070,WH-01,Sydney,Indonesia,Chicago,United States,2022-10-01,2022-10-23,2022-10-25,2,Air,DHL,Delayed,315,124740.0,1,0.91,medium,0.481
SHP-2097,SUP-014,PRD-042,WH-08,Lima,Brazil,Amsterdam,Netherlands,2024-02-04,2024-02-20,2024-02-20,0,Rail,BNSF Railway,Delivered,463,44911.0,0,0.05,low,0.017
SHP-2098,SUP-041,PRD-122,WH-14,Ho Chi Minh City,India,Johannesburg,South Africa,2023-11-01,2023-11-20,2023-11-20,0,Sea,MSC,Delivered,227,14482.6,0,0.15,low,0.048
SHP-2099,SUP-022,PRD-065,WH-10,Lima,Chile,Bogotá,Colombia,2024-12-07,2024-12-25,2024-12-26,1,Road,J.B. Hunt,Delayed,194,21116.9,1,0.13,medium,0.187
SHP-2100,SUP-040,PRD-120,WH-04,Amsterdam,United Kingdom,Houston,United States,2023-07-17,2023-07-27,2023-07-27,0,Sea,MSC,Delivered,284,21186.4,0,0.94,low,0.293
SHP-2101,SUP-033,PRD-098,WH-07,Atlanta,Mexico,London,United Kingdom,2024-10-15,2024-10-19,2024-10-19,0,Road,XPO Logistics,Delivered,466,31315.2,0,0.61,low,0.191
SHP-2102,SUP-033,PRD-099,WH-01,Los Angeles,Mexico,Chicago,United States,2023-06-19,2023-06-23,2023-06-23,0,Air,DHL,Delivered,428,151084.0,0,0.51,low,0.161
SHP-2103,SUP-049,PRD-146,WH-02,New York,Canada,Los Angeles,United States,2024-03-14,2024-03-19,2024-03-19,0,Sea,MSC,Delivered,20,416.0,0,0.25,low,0.078
SHP-2104,SUP-007,PRD-021,WH-06,Dallas,Canada,Paris,France,2022-02-10,2022-02-14,2022-02-14,0,Road,DB Schenker,Delivered,308,43120.0,0,0.62,low,0.194
SHP-2105,SUP-047,PRD-139,WH-04,Atlanta,United States,Houston,United States,2023-03-01,2023-03-08,2023-03-08,0,Road,DB Schenker,Delivered,314,8572.2,0,0.21,low,0.064
SHP-2106,SUP-002,PRD-005,WH-08,Johannesburg,Ghana,Amsterdam,Netherlands,2023-11-18,2023-12-15,2023-12-15,0,Sea,CMA CGM,Delivered,315,14364.0,0,0.59,low,0.187
SHP-2107,SUP-020,PRD-059,WH-04,Ho Chi Minh City,Singapore,Houston,United States,2024-12-28,2025-01-25,2025-01-25,0,Air,Emirates SkyCargo,In Transit,242,53482.0,0,0.07,low,0.025
SHP-2108,SUP-048,PRD-144,WH-07,Buenos Aires,Peru,London,United Kingdom,2023-11-10,2023-11-24,2023-11-24,0,Air,DHL,Delivered,452,144640.0,0,0.09,low,0.027
SHP-2109,SUP-005,PRD-015,WH-08,Stockholm,Italy,Amsterdam,Netherlands,2024-10-01,2024-10-07,2024-10-07,0,Air,FedEx,Delivered,467,55106.0,0,0.3,low,0.094
SHP-2110,SUP-038,PRD-112,WH-08,Dallas,Canada,Amsterdam,Netherlands,2023-05-26,2023-05-29,2023-05-29,0,Sea,CMA CGM,Delivered,228,4012.8,0,0.31,low,0.095
SHP-2111,SUP-005,PRD-015,WH-03,Amsterdam,Italy,Toronto,Canada,2023-10-24,2023-10-30,2023-10-30,0,Sea,CMA CGM,Delivered,450,10620.0,0,0.08,low,0.028
SHP-2112,SUP-007,PRD-019,WH-05,Dallas,Canada,Berlin,Germany,2023-11-14,2023-11-18,2023-11-22,4,Road,XPO Logistics,Delayed,408,62832.0,1,0.44,medium,0.42
SHP-2113,SUP-038,PRD-113,WH-03,Vancouver,Canada,Toronto,Canada,2024-07-30,2024-08-02,2024-08-02,0,Sea,Maersk,Delivered,218,19925.2,0,0.15,low,0.047
SHP-2114,SUP-013,PRD-037,WH-02,Sydney,Singapore,Los Angeles,United States,2024-11-07,2024-11-27,2024-11-27,0,Air,Emirates SkyCargo,Delivered,419,126119.0,0,0.23,low,0.071
SHP-2115,SUP-050,PRD-150,WH-02,Mumbai,Japan,Los Angeles,United States,2022-08-03,2022-08-21,2022-08-21,0,Air,FedEx,Delivered,367,48811.0,0,0.78,low,0.251
SHP-2116,SUP-036,PRD-108,WH-14,Cairo,Kenya,Johannesburg,South Africa,2023-03-27,2023-04-16,2023-04-16,0,Rail,Union Pacific,Delivered,256,23936.0,0,0.92,low,0.297
SHP-2117,SUP-015,PRD-045,WH-03,London,Germany,Toronto,Canada,2023-11-18,2023-11-24,2023-11-25,1,Rail,BNSF Railway,Delayed,270,16740.0,1,0.89,medium,0.434
SHP-2118,SUP-022,PRD-065,WH-03,Lima,Chile,Toronto,Canada,2023-07-13,2023-07-31,2023-07-31,0,Rail,BNSF Railway,Delivered,384,29856.0,0,0.15,low,0.048
SHP-2119,SUP-042,PRD-125,WH-01,Santiago,Peru,Chicago,United States,2024-07-30,2024-08-12,2024-08-12,0,Road,XPO Logistics,Delivered,263,6167.35,0,0.47,low,0.151
SHP-2120,SUP-032,PRD-096,WH-13,Nairobi,Kenya,Tokyo,Japan,2022-02-21,2022-03-27,2022-04-05,9,Sea,MSC,Delayed,201,9768.6,1,0.37,high,0.626
SHP-2121,SUP-042,PRD-125,WH-03,Buenos Aires,Peru,Toronto,Canada,2023-11-25,2023-12-08,2023-12-12,4,Air,Emirates SkyCargo,Delayed,49,3283.0,1,0.59,medium,0.467
SHP-2122,SUP-045,PRD-135,WH-05,Madrid,Poland,Berlin,Germany,2022-03-10,2022-03-22,2022-03-22,0,Sea,CMA CGM,Delivered,96,4473.6,0,0.12,low,0.04
SHP-2123,SUP-024,PRD-072,WH-03,Jakarta,Indonesia,Toronto,Canada,2023-05-16,2023-06-07,2023-06-07,0,Sea,MSC,Delivered,145,2088.0,0,0.75,low,0.243
SHP-2124,SUP-016,PRD-046,WH-05,Cairo,Kenya,Berlin,Germany,2024-05-30,2024-06-23,2024-07-10,17,Air,DHL,Delayed,153,19890.0,1,0.79,high,0.799
SHP-2125,SUP-041,PRD-123,WH-13,Tokyo,India,Tokyo,Japan,2022-05-03,2022-05-22,2022-05-22,0,Sea,CMA CGM,Delivered,205,13530.0,0,0.3,low,0.093
SHP-2126,SUP-007,PRD-019,WH-07,Dallas,Canada,London,United Kingdom,2023-10-06,2023-10-10,2023-10-10,0,Air,DHL,Delivered,369,162360.0,0,0.62,low,0.194
SHP-2127,SUP-038,PRD-112,WH-05,Atlanta,Canada,Berlin,Germany,2024-04-02,2024-04-05,2024-04-05,0,Sea,MSC,Delivered,237,4171.2,0,0.33,low,0.101
SHP-2128,SUP-038,PRD-114,WH-08,Dallas,Canada,Amsterdam,Netherlands,2024-11-12,2024-11-15,2024-11-15,0,Air,Emirates SkyCargo,Delivered,256,32768.0,0,0.27,low,0.083
SHP-2129,SUP-032,PRD-095,WH-12,Accra,Kenya,Singapore,Singapore,2022-10-29,2022-12-02,2022-12-02,0,Air,FedEx,Delivered,384,111360.0,0,0.39,low,0.127
SHP-2130,SUP-031,PRD-092,WH-07,New York,United States,London,United Kingdom,2022-02-04,2022-02-08,2022-02-08,0,Air,DHL,Delivered,374,71808.0,0,0.72,low,0.231
SHP-2131,SUP-049,PRD-145,WH-07,Toronto,Canada,London,United Kingdom,2024-10-13,2024-10-18,2024-10-18,0,Sea,Maersk,Delivered,181,2316.8,0,0.13,low,0.042
SHP-2132,SUP-036,PRD-108,WH-06,Accra,Kenya,Paris,France,2024-12-31,2025-01-20,2025-02-06,17,Air,DHL,Delayed,130,48620.0,1,0.91,high,0.844
SHP-2133,SUP-039,PRD-116,WH-11,Chicago,Mexico,Santiago,Chile,2023-09-24,2023-09-29,2023-09-29,0,Sea,CMA CGM,Delivered,322,30976.4,0,0.6,low,0.188
SHP-2134,SUP-022,PRD-065,WH-06,Bogotá,Chile,Paris,France,2022-12-10,2022-12-28,2022-12-28,0,Sea,MSC,Delivered,443,27554.6,0,0.09,low,0.03
SHP-2135,SUP-017,PRD-050,WH-07,Nairobi,Egypt,London,United Kingdom,2024-12-06,2025-01-07,2025-01-07,0,Air,Emirates SkyCargo,In Transit,266,32452.0,0,0.24,low,0.073
SHP-2136,SUP-028,PRD-082,WH-06,Santiago,Colombia,Paris,France,2024-04-27,2024-05-17,2024-05-17,0,Sea,MSC,Delivered,68,2733.6,0,0.41,low,0.13
SHP-2137,SUP-018,PRD-053,WH-06,Amsterdam,Poland,Paris,France,2024-11-07,2024-11-13,2024-11-21,8,Sea,MSC,Delayed,293,3574.6,1,0.59,high,0.647
SHP-2138,SUP-028,PRD-082,WH-07,Lima,Colombia,London,United Kingdom,2024-01-17,2024-02-06,2024-02-06,0,Sea,CMA CGM,Delivered,187,7517.4,0,0.45,low,0.142
SHP-2139,SUP-044,PRD-132,WH-14,Accra,Nigeria,Johannesburg,South Africa,2024-12-06,2024-12-27,2024-12-27,0,Rail,DB Cargo,In Transit,489,41076.0,0,0.1,low,0.034
SHP-2140,SUP-040,PRD-119,WH-02,Stockholm,United Kingdom,Los Angeles,United States,2024-11-28,2024-12-08,2024-12-08,0,Air,FedEx,Delivered,196,64484.0,0,0.88,low,0.275
SHP-2141,SUP-016,PRD-046,WH-06,Johannesburg,Kenya,Paris,France,2023-03-28,2023-04-21,2023-04-21,0,Sea,CMA CGM,Delivered,411,10686.0,0,0.66,low,0.21
SHP-2142,SUP-005,PRD-013,WH-14,Paris,Italy,Johannesburg,South Africa,2023-06-13,2023-06-19,2023-06-19,0,Air,Emirates SkyCargo,Delivered,438,56940.0,0,0.1,low,0.034
SHP-2143,SUP-014,PRD-040,WH-07,Bogotá,Brazil,London,United Kingdom,2024-08-06,2024-08-22,2024-08-23,1,Air,Emirates SkyCargo,Delayed,396,125928.0,1,0.33,medium,0.246
SHP-2144,SUP-015,PRD-043,WH-14,Stockholm,Germany,Johannesburg,South Africa,2022-11-13,2022-11-19,2022-11-20,1,Air,Emirates SkyCargo,Delayed,225,36450.0,1,0.68,medium,0.371
SHP-2145,SUP-021,PRD-061,WH-04,Jakarta,Australia,Houston,United States,2022-10-11,2022-11-08,2022-11-09,1,Air,FedEx,Delayed,245,84280.0,1,0.81,medium,0.403
SHP-2146,SUP-046,PRD-138,WH-13,Shanghai,India,Tokyo,Japan,2024-04-14,2024-05-04,2024-05-04,0,Sea,MSC,Delivered,183,17385.0,0,0.19,low,0.06
SHP-2147,SUP-050,PRD-150,WH-14,Mumbai,Japan,Johannesburg,South Africa,2023-09-18,2023-10-06,2023-10-06,0,Sea,Maersk,Delivered,325,8645.0,0,0.83,low,0.266
SHP-2148,SUP-013,PRD-038,WH-03,Jakarta,Singapore,Toronto,Canada,2022-11-09,2022-11-29,2022-11-30,1,Air,Emirates SkyCargo,Delayed,489,105135.0,1,0.27,medium,0.228
SHP-2149,SUP-009,PRD-025,WH-03,Paris,Poland,Toronto,Canada,2024-02-23,2024-03-04,2024-03-04,0,Road,XPO Logistics,Delivered,50,3762.5,0,0.62,low,0.192
SHP-2150,SUP-048,PRD-144,WH-06,Buenos Aires,Peru,Paris,France,2022-11-24,2022-12-08,2022-12-08,0,Air,Emirates SkyCargo,Delivered,83,26560.0,0,0.17,low,0.051
SHP-2151,SUP-013,PRD-038,WH-01,Seoul,Singapore,Chicago,United States,2022-06-21,2022-07-11,2022-07-11,0,Rail,Union Pacific,Delivered,107,5751.25,0,0.25,low,0.077
SHP-2152,SUP-030,PRD-090,WH-14,Seoul,Japan,Johannesburg,South Africa,2022-03-04,2022-03-22,2022-03-22,0,Road,J.B. Hunt,Delivered,64,9318.4,0,0.87,low,0.274
SHP-2153,SUP-001,PRD-002,WH-06,Lagos,Nigeria,Paris,France,2023-12-22,2024-01-17,2024-01-17,0,Road,J.B. Hunt,Delivered,341,30792.3,0,0.49,low,0.157
SHP-2154,SUP-048,PRD-142,WH-11,Buenos Aires,Peru,Santiago,Chile,2024-12-15,2024-12-29,2024-12-29,0,Sea,MSC,In Transit,335,18291.0,0,0.2,low,0.06
SHP-2155,SUP-011,PRD-032,WH-01,Lima,Brazil,Chicago,United States,2024-08-06,2024-08-17,2024-08-18,1,Sea,Maersk,Delayed,481,12409.8,1,0.57,medium,0.326
SHP-2156,SUP-004,PRD-011,WH-08,Chicago,United States,Amsterdam,Netherlands,2022-10-29,2022-11-03,2022-11-03,0,Rail,Union Pacific,Delivered,28,1554.0,0,0.29,low,0.089
SHP-2157,SUP-004,PRD-011,WH-06,Chicago,United States,Paris,France,2022-12-22,2022-12-27,2022-12-27,0,Road,DB Schenker,Delivered,26,2020.2,0,0.18,low,0.056
SHP-2158,SUP-028,PRD-083,WH-05,Bogotá,Colombia,Berlin,Germany,2024-07-12,2024-08-01,2024-08-12,11,Rail,DB Cargo,Delayed,387,12287.25,1,0.52,high,0.713
SHP-2159,SUP-022,PRD-064,WH-08,Lima,Chile,Amsterdam,Netherlands,2024-10-31,2024-11-18,2024-11-18,0,Sea,CMA CGM,Delivered,152,13801.6,0,0.11,low,0.036
SHP-2160,SUP-009,PRD-026,WH-02,Stockholm,Poland,Los Angeles,United States,2024-06-02,2024-06-12,2024-06-14,2,Sea,CMA CGM,Delayed,246,8068.8,1,0.57,medium,0.367
SHP-2161,SUP-030,PRD-089,WH-14,Mumbai,Japan,Johannesburg,South Africa,2024-10-14,2024-11-01,2024-11-01,0,Air,Emirates SkyCargo,Delivered,31,1488.0,0,0.92,low,0.289
SHP-2162,SUP-009,PRD-027,WH-08,Warsaw,Poland,Amsterdam,Netherlands,2022-01-19,2022-01-29,2022-01-29,0,Road,J.B. Hunt,Delivered,405,19845.0,0,0.48,low,0.15
SHP-2163,SUP-007,PRD-021,WH-07,Chicago,Canada,London,United Kingdom,2023-03-15,2023-03-19,2023-03-20,1,Road,DB Schenker,Delayed,458,64120.0,1,0.65,medium,0.348
SHP-2164,SUP-042,PRD-125,WH-01,Lima,Peru,Chicago,United States,2022-12-12,2022-12-25,2022-12-25,0,Road,DB Schenker,Delivered,57,1336.65,0,0.53,low,0.169
SHP-2165,SUP-050,PRD-148,WH-03,Singapore,Japan,Toronto,Canada,2022-04-08,2022-04-26,2022-04-30,4,Sea,Maersk,Delayed,396,5227.2,1,0.77,medium,0.528
SHP-2166,SUP-019,PRD-057,WH-09,Lima,Peru,São Paulo,Brazil,2023-11-10,2023-11-23,2023-11-23,0,Air,Emirates SkyCargo,Delivered,221,6188.0,0,0.5,low,0.16
SHP-2167,SUP-040,PRD-119,WH-14,Warsaw,United Kingdom,Johannesburg,South Africa,2024-12-18,2024-12-28,2024-12-28,0,Road,DB Schenker,In Transit,372,42835.8,0,0.85,low,0.266
SHP-2168,SUP-042,PRD-124,WH-03,Lima,Peru,Toronto,Canada,2023-01-16,2023-01-29,2023-02-05,7,Road,XPO Logistics,Delayed,409,46380.6,1,0.58,high,0.599
SHP-2169,SUP-039,PRD-115,WH-03,Houston,Mexico,Toronto,Canada,2023-12-17,2023-12-22,2023-12-22,0,Sea,MSC,Delivered,368,5888.0,0,0.63,low,0.197
SHP-2170,SUP-033,PRD-098,WH-11,Vancouver,Mexico,Santiago,Chile,2024-10-25,2024-10-29,2024-11-06,8,Sea,CMA CGM,Delayed,132,5068.8,1,0.49,high,0.615
SHP-2171,SUP-023,PRD-069,WH-03,Jakarta,India,Toronto,Canada,2024-08-30,2024-09-22,2024-09-23,1,Air,FedEx,Delayed,185,79550.0,1,0.62,medium,0.341
SHP-2172,SUP-047,PRD-141,WH-10,Toronto,United States,Bogotá,Colombia,2024-10-27,2024-11-03,2024-11-03,0,Sea,CMA CGM,Delivered,382,17037.2,0,0.19,low,0.058
SHP-2173,SUP-023,PRD-067,WH-13,Ho Chi Minh City,India,Tokyo,Japan,2024-12-14,2025-01-06,2025-01-06,0,Rail,DB Cargo,In Transit,239,16491.0,0,0.48,low,0.154
SHP-2174,SUP-011,PRD-033,WH-08,São Paulo,Brazil,Amsterdam,Netherlands,2024-10-06,2024-10-17,2024-10-18,1,Sea,MSC,Delayed,202,14503.6,1,0.59,medium,0.332
SHP-2175,SUP-007,PRD-020,WH-08,Dallas,Canada,Amsterdam,Netherlands,2023-09-29,2023-10-03,2023-10-03,0,Sea,CMA CGM,Delivered,238,7140.0,0,0.42,low,0.134
SHP-2176,SUP-049,PRD-145,WH-01,Houston,Canada,Chicago,United States,2023-12-20,2023-12-25,2023-12-25,0,Road,XPO Logistics,Delivered,447,10012.8,0,0.08,low,0.027
SHP-2177,SUP-017,PRD-049,WH-15,Nairobi,Egypt,Lagos,Nigeria,2024-08-31,2024-10-02,2024-10-04,2,Air,Emirates SkyCargo,Delayed,163,36675.0,1,0.28,medium,0.275
SHP-2178,SUP-050,PRD-148,WH-03,Seoul,Japan,Toronto,Canada,2024-09-09,2024-09-27,2024-10-02,5,Air,Emirates SkyCargo,Delayed,375,24750.0,1,0.66,medium,0.54
SHP-2179,SUP-008,PRD-024,WH-06,Chicago,Mexico,Paris,France,2022-10-28,2022-11-02,2022-11-02,0,Air,FedEx,Delivered,465,211110.0,0,0.12,low,0.037
SHP-2180,SUP-050,PRD-148,WH-04,Sydney,Japan,Houston,United States,2024-03-30,2024-04-17,2024-05-05,18,Air,DHL,Delayed,196,12936.0,1,0.72,high,0.783
SHP-2181,SUP-014,PRD-041,WH-09,Lima,Brazil,São Paulo,Brazil,2024-06-14,2024-06-30,2024-06-30,0,Road,DB Schenker,Delivered,344,44186.8,0,0.26,low,0.08
SHP-2182,SUP-037,PRD-109,WH-05,Stockholm,Germany,Berlin,Germany,2023-02-27,2023-03-08,2023-03-08,0,Road,XPO Logistics,Delivered,74,1320.9,0,0.83,low,0.269
SHP-2183,SUP-014,PRD-042,WH-06,Bogotá,Brazil,Paris,France,2024-04-17,2024-05-03,2024-05-03,0,Road,J.B. Hunt,Delivered,206,27974.8,0,0.27,low,0.083
SHP-2184,SUP-015,PRD-043,WH-02,Stockholm,Germany,Los Angeles,United States,2023-03-22,2023-03-28,2023-03-28,0,Sea,MSC,Delivered,301,9752.4,0,0.69,low,0.229
SHP-2185,SUP-014,PRD-041,WH-11,Santiago,Brazil,Santiago,Chile,2024-11-13,2024-11-29,2024-11-29,0,Sea,MSC,Delivered,403,29580.2,0,0.17,low,0.053
SHP-2186,SUP-034,PRD-102,WH-14,Cairo,South Africa,Johannesburg,South Africa,2023-12-05,2024-01-01,2024-01-11,10,Sea,Maersk,Delayed,330,17358.0,1,0.8,high,0.802
SHP-2187,SUP-035,PRD-104,WH-08,Nairobi,Kenya,Amsterdam,Netherlands,2024-12-09,2025-01-04,2025-01-04,0,Road,J.B. Hunt,In Transit,419,24930.5,0,0.1,low,0.033
SHP-2188,SUP-018,PRD-054,WH-06,Warsaw,Poland,Paris,France,2023-07-19,2023-07-25,2023-07-29,4,Road,J.B. Hunt,Delayed,419,35635.95,1,0.54,medium,0.452
SHP-2189,SUP-046,PRD-138,WH-15,Ho Chi Minh City,India,Lagos,Nigeria,2024-06-20,2024-07-10,2024-07-10,0,Road,J.B. Hunt,Delivered,479,79633.75,0,0.06,low,0.021
SHP-2190,SUP-002,PRD-005,WH-08,Nairobi,Ghana,Amsterdam,Netherlands,2023-06-24,2023-07-21,2023-07-21,0,Sea,MSC,Delivered,133,6064.8,0,0.65,low,0.205
SHP-2191,SUP-033,PRD-099,WH-05,Vancouver,Mexico,Berlin,Germany,2022-07-28,2022-08-01,2022-08-01,0,Road,XPO Logistics,Delivered,391,48308.05,0,0.35,low,0.113
SHP-2192,SUP-042,PRD-125,WH-07,São Paulo,Peru,London,United Kingdom,2024-09-24,2024-10-07,2024-10-07,0,Sea,Maersk,Delivered,197,2639.8,0,0.41,low,0.133
SHP-2193,SUP-042,PRD-125,WH-05,São Paulo,Peru,Berlin,Germany,2022-04-15,2022-04-28,2022-05-06,8,Road,DB Schenker,Delayed,252,5909.4,1,0.61,high,0.653
SHP-2194,SUP-024,PRD-072,WH-03,Mumbai,Indonesia,Toronto,Canada,2022-05-27,2022-06-18,2022-06-18,0,Sea,Maersk,Delivered,200,2880.0,0,0.93,low,0.297
SHP-2195,SUP-035,PRD-105,WH-08,Cairo,Kenya,Amsterdam,Netherlands,2023-11-21,2023-12-17,2023-12-17,0,Sea,MSC,Delivered,68,5793.6,0,0.17,low,0.054
SHP-2196,SUP-027,PRD-081,WH-02,Milan,Germany,Los Angeles,United States,2023-03-15,2023-03-25,2023-03-25,0,Sea,Maersk,Delivered,294,4762.8,0,0.46,low,0.145
SHP-2197,SUP-029,PRD-086,WH-06,São Paulo,Colombia,Paris,France,2023-12-06,2023-12-16,2023-12-16,0,Road,DB Schenker,Delivered,205,7390.25,0,0.63,low,0.199
SHP-2198,SUP-009,PRD-027,WH-03,Warsaw,Poland,Toronto,Canada,2024-11-21,2024-12-01,2024-12-01,0,Road,DB Schenker,Delivered,105,5145.0,0,0.42,low,0.132
SHP-2199,SUP-050,PRD-150,WH-03,Singapore,Japan,Toronto,Canada,2022-01-04,2022-01-22,2022-01-24,2,Rail,Union Pacific,Delayed,344,11438.0,1,0.86,medium,0.465
SHP-2200,SUP-022,PRD-066,WH-05,Lima,Chile,Berlin,Germany,2024-09-28,2024-10-16,2024-10-16,0,Road,DB Schenker,Delivered,83,9092.65,0,0.22,low,0.069
SHP-2201,SUP-048,PRD-143,WH-07,Bogotá,Peru,London,United Kingdom,2022-03-27,2022-04-10,2022-04-12,2,Sea,MSC,Delayed,38,3678.4,1,0.09,medium,0.217
SHP-2202,SUP-003,PRD-007,WH-15,Warsaw,Italy,Lagos,Nigeria,2023-11-20,2023-11-25,2023-11-25,0,Road,XPO Logistics,Delivered,408,53692.8,0,0.08,low,0.027
SHP-2203,SUP-050,PRD-148,WH-14,Singapore,Japan,Johannesburg,South Africa,2023-07-07,2023-07-25,2023-07-28,3,Rail,Union Pacific,Delayed,180,2970.0,1,0.85,medium,0.507
SHP-2204,SUP-031,PRD-093,WH-03,Los Angeles,United States,Toronto,Canada,2024-01-18,2024-01-22,2024-01-22,0,Road,J.B. Hunt,Delivered,237,2986.2,0,0.78,low,0.249
SHP-2205,SUP-047,PRD-139,WH-10,Houston,United States,Bogotá,Colombia,2024-05-27,2024-06-03,2024-06-03,0,Road,DB Schenker,Delivered,380,10374.0,0,0.21,low,0.064
SHP-2206,SUP-032,PRD-094,WH-13,Johannesburg,Kenya,Tokyo,Japan,2024-12-07,2025-01-10,2025-01-11,1,Air,FedEx,Delayed,439,58826.0,1,0.38,medium,0.269
SHP-2207,SUP-017,PRD-051,WH-14,Johannesburg,Egypt,Johannesburg,South Africa,2024-11-28,2024-12-30,2024-12-30,0,Air,Emirates SkyCargo,Delivered,178,30794.0,0,0.34,low,0.103
SHP-2208,SUP-020,PRD-059,WH-14,Mumbai,Singapore,Johannesburg,South Africa,2023-10-05,2023-11-02,2023-11-02,0,Road,J.B. Hunt,Delivered,231,17867.85,0,0.18,low,0.058
SHP-2209,SUP-006,PRD-018,WH-02,Lima,Peru,Los Angeles,United States,2024-10-22,2024-11-08,2024-11-12,4,Road,J.B. Hunt,Delayed,243,35465.85,1,0.9,medium,0.562
SHP-2210,SUP-041,PRD-121,WH-14,Shanghai,India,Johannesburg,South Africa,2024-11-17,2024-12-06,2024-12-06,0,Road,XPO Logistics,Delivered,362,57268.4,0,0.17,low,0.054
SHP-2211,SUP-049,PRD-146,WH-07,Atlanta,Canada,London,United Kingdom,2024-12-13,2024-12-18,2024-12-18,0,Road,XPO Logistics,In Transit,434,15797.6,0,0.09,low,0.03
SHP-2212,SUP-011,PRD-031,WH-11,São Paulo,Brazil,Santiago,Chile,2023-06-25,2023-07-06,2023-07-12,6,Road,XPO Logistics,Delayed,492,40811.4,1,0.38,high,0.494
SHP-2213,SUP-037,PRD-111,WH-14,London,Germany,Johannesburg,South Africa,2023-11-14,2023-11-23,2023-11-23,0,Sea,MSC,Delivered,251,6174.6,0,0.94,low,0.302
SHP-2214,SUP-044,PRD-132,WH-07,Cairo,Nigeria,London,United Kingdom,2024-02-02,2024-02-23,2024-02-24,1,Air,FedEx,Delayed,493,165648.0,1,0.07,medium,0.17
SHP-2215,SUP-039,PRD-115,WH-06,New York,Mexico,Paris,France,2023-10-17,2023-10-22,2023-10-22,0,Road,XPO Logistics,Delivered,49,1372.0,0,0.41,low,0.131
SHP-2216,SUP-045,PRD-135,WH-14,Paris,Poland,Johannesburg,South Africa,2023-03-20,2023-04-01,2023-04-01,0,Sea,MSC,Delivered,419,19525.4,0,0.08,low,0.028
SHP-2217,SUP-023,PRD-068,WH-13,Ho Chi Minh City,India,Tokyo,Japan,2024-02-22,2024-03-16,2024-03-24,8,Air,Emirates SkyCargo,Delayed,144,33840.0,1,0.41,high,0.593
SHP-2218,SUP-026,PRD-077,WH-14,Johannesburg,South Africa,Johannesburg,South Africa,2022-12-07,2022-12-28,2022-12-28,0,Air,DHL,Delivered,280,107240.0,0,0.49,low,0.153
SHP-2219,SUP-031,PRD-092,WH-05,Vancouver,United States,Berlin,Germany,2022-04-05,2022-04-09,2022-04-12,3,Sea,CMA CGM,Delayed,141,5414.4,1,0.88,medium,0.514
SHP-2220,SUP-030,PRD-088,WH-04,Shanghai,Japan,Houston,United States,2024-09-16,2024-10-04,2024-10-16,12,Air,DHL,Delayed,275,33000.0,1,0.69,high,0.77
SHP-2221,SUP-024,PRD-072,WH-14,Shanghai,Indonesia,Johannesburg,South Africa,2023-12-08,2023-12-30,2024-01-14,15,Sea,MSC,Delayed,355,5112.0,1,0.75,high,0.793
SHP-2222,SUP-031,PRD-092,WH-07,Dallas,United States,London,United Kingdom,2024-08-14,2024-08-18,2024-08-19,1,Road,J.B. Hunt,Delayed,405,27216.0,1,0.72,medium,0.376
SHP-2223,SUP-047,PRD-139,WH-11,Atlanta,United States,Santiago,Chile,2022-03-09,2022-03-16,2022-03-16,0,Road,J.B. Hunt,Delivered,27,737.1,0,0.12,low,0.037
SHP-2224,SUP-012,PRD-035,WH-06,Milan,Spain,Paris,France,2022-12-28,2023-01-04,2023-01-04,0,Road,XPO Logistics,Delivered,223,15531.95,0,0.65,low,0.201
SHP-2225,SUP-013,PRD-039,WH-14,Singapore,Singapore,Johannesburg,South Africa,2022-01-23,2022-02-12,2022-02-12,0,Rail,DB Cargo,Delivered,54,5737.5,0,0.23,low,0.071
SHP-2226,SUP-045,PRD-134,WH-07,Stockholm,Poland,London,United Kingdom,2022-12-18,2022-12-30,2022-12-30,0,Air,DHL,Delivered,77,21637.0,0,0.18,low,0.058
SHP-2227,SUP-050,PRD-148,WH-15,Jakarta,Japan,Lagos,Nigeria,2023-07-20,2023-08-07,2023-08-19,12,Air,FedEx,Delayed,299,19734.0,1,0.72,high,0.783
SHP-2228,SUP-038,PRD-113,WH-04,Los Angeles,Canada,Houston,United States,2022-01-09,2022-01-12,2022-01-12,0,Road,DB Schenker,Delivered,455,72777.25,0,0.08,low,0.026
SHP-2229,SUP-025,PRD-074,WH-02,Santiago,Brazil,Los Angeles,United States,2023-03-22,2023-04-03,2023-04-04,1,Road,DB Schenker,Delayed,44,5390.0,1,0.92,medium,0.432
SHP-2230,SUP-008,PRD-022,WH-06,Houston,Mexico,Paris,France,2023-11-17,2023-11-22,2023-11-22,0,Road,DB Schenker,Delivered,309,1622.25,0,0.22,low,0.067
SHP-2231,SUP-019,PRD-056,WH-07,Santiago,Peru,London,United Kingdom,2022-07-24,2022-08-06,2022-08-06,0,Road,J.B. Hunt,Delivered,33,1755.6,0,0.41,low,0.133
SHP-2232,SUP-028,PRD-083,WH-06,Santiago,Colombia,Paris,France,2022-04-27,2022-05-17,2022-05-18,1,Rail,BNSF Railway,Delayed,215,6826.25,1,0.35,medium,0.257
SHP-2233,SUP-008,PRD-023,WH-09,Houston,Mexico,São Paulo,Brazil,2023-10-19,2023-10-24,2023-10-24,0,Sea,CMA CGM,Delivered,152,2523.2,0,0.08,low,0.025
SHP-2234,SUP-040,PRD-119,WH-03,Milan,United Kingdom,Toronto,Canada,2024-08-09,2024-08-19,2024-08-20,1,Sea,MSC,Delayed,355,23359.0,1,0.9,medium,0.426
SHP-2235,SUP-042,PRD-126,WH-05,Buenos Aires,Peru,Berlin,Germany,2022-06-13,2022-06-26,2022-06-26,0,Sea,Maersk,Delivered,135,1809.0,0,0.4,low,0.13
SHP-2236,SUP-042,PRD-125,WH-05,Bogotá,Peru,Berlin,Germany,2024-10-20,2024-11-02,2024-11-02,0,Sea,MSC,Delivered,79,1058.6,0,0.58,low,0.184
SHP-2237,SUP-025,PRD-075,WH-02,Lima,Brazil,Los Angeles,United States,2022-03-30,2022-04-11,2022-05-09,28,Sea,Maersk,Delayed,297,17760.6,1,0.68,high,0.765
SHP-2238,SUP-028,PRD-083,WH-09,Bogotá,Colombia,São Paulo,Brazil,2022-11-20,2022-12-10,2022-12-10,0,Road,DB Schenker,Delivered,438,19469.1,0,0.52,low,0.163
SHP-2239,SUP-025,PRD-074,WH-04,São Paulo,Brazil,Houston,United States,2023-12-16,2023-12-28,2024-01-11,14,Road,DB Schenker,Delayed,234,28665.0,1,0.75,high,0.786
SHP-2240,SUP-013,PRD-039,WH-15,Seoul,Singapore,Lagos,Nigeria,2022-12-07,2022-12-27,2022-12-27,0,Sea,MSC,Delivered,279,23715.0,0,0.15,low,0.047
SHP-2241,SUP-047,PRD-139,WH-04,Chicago,United States,Houston,United States,2024-11-05,2024-11-12,2024-11-12,0,Road,J.B. Hunt,Delivered,459,12530.7,0,0.15,low,0.046
SHP-2242,SUP-032,PRD-094,WH-12,Cairo,Kenya,Singapore,Singapore,2023-01-08,2023-02-11,2023-02-11,0,Road,DB Schenker,Delivered,54,2532.6,0,0.42,low,0.136
SHP-2243,SUP-012,PRD-035,WH-14,Milan,Spain,Johannesburg,South Africa,2022-03-11,2022-03-18,2022-03-18,0,Road,DB Schenker,Delivered,244,16994.6,0,0.53,low,0.165
SHP-2244,SUP-035,PRD-103,WH-06,Accra,Kenya,Paris,France,2022-11-15,2022-12-11,2022-12-11,0,Rail,Union Pacific,Delivered,55,4510.0,0,0.25,low,0.078
SHP-2245,SUP-008,PRD-022,WH-05,Houston,Mexico,Berlin,Germany,2024-12-14,2024-12-19,2024-12-19,0,Road,XPO Logistics,In Transit,228,1197.0,0,0.21,low,0.064
SHP-2246,SUP-045,PRD-133,WH-01,Amsterdam,Poland,Chicago,United States,2022-12-02,2022-12-14,2022-12-14,0,Road,XPO Logistics,Delivered,46,885.5,0,0.29,low,0.091
SHP-2247,SUP-019,PRD-057,WH-07,Buenos Aires,Peru,London,United Kingdom,2023-06-01,2023-06-14,2023-06-15,1,Road,XPO Logistics,Delayed,447,4380.6,1,0.6,medium,0.335
SHP-2248,SUP-030,PRD-090,WH-03,Mumbai,Japan,Toronto,Canada,2022-01-05,2022-01-23,2022-01-24,1,Sea,MSC,Delayed,185,15392.0,1,0.88,medium,0.422
SHP-2249,SUP-043,PRD-128,WH-13,Seoul,Australia,Tokyo,Japan,2024-11-01,2024-11-20,2024-11-20,0,Sea,Maersk,Delivered,36,3132.0,0,0.29,low,0.09
SHP-2250,SUP-022,PRD-065,WH-06,Lima,Chile,Paris,France,2023-11-20,2023-12-08,2023-12-08,0,Sea,MSC,Delivered,145,9019.0,0,0.08,low,0.027
SHP-2251,SUP-042,PRD-126,WH-06,São Paulo,Peru,Paris,France,2023-11-28,2023-12-11,2023-12-15,4,Sea,MSC,Delayed,230,3082.0,1,0.58,medium,0.464
SHP-2252,SUP-025,PRD-073,WH-03,Bogotá,Brazil,Toronto,Canada,2022-03-03,2022-03-15,2022-03-15,0,Road,J.B. Hunt,Delivered,248,35761.6,0,0.81,low,0.254
SHP-2253,SUP-003,PRD-009,WH-07,Berlin,Italy,London,United Kingdom,2023-04-14,2023-04-19,2023-04-19,0,Air,DHL,Delivered,474,217566.0,0,0.07,low,0.024
SHP-2254,SUP-036,PRD-106,WH-15,Accra,Kenya,Lagos,Nigeria,2023-10-30,2023-11-19,2023-12-12,23,Rail,BNSF Railway,Delayed,358,32220.0,1,0.69,high,0.778
SHP-2255,SUP-036,PRD-108,WH-13,Lagos,Kenya,Tokyo,Japan,2024-11-29,2024-12-19,2024-12-31,12,Air,DHL,Delayed,432,161568.0,1,0.74,high,0.793
SHP-2256,SUP-029,PRD-086,WH-11,Lima,Colombia,Santiago,Chile,2022-08-20,2022-08-30,2022-08-30,0,Sea,MSC,Delivered,78,1606.8,0,0.48,low,0.154
SHP-2257,SUP-021,PRD-061,WH-01,Shanghai,Australia,Chicago,United States,2023-10-23,2023-11-20,2023-11-25,5,Sea,Maersk,Delayed,500,34400.0,1,0.66,medium,0.538
SHP-2258,SUP-047,PRD-139,WH-08,Chicago,United States,Amsterdam,Netherlands,2022-06-18,2022-06-25,2022-06-25,0,Sea,MSC,Delivered,54,842.4,0,0.17,low,0.052
SHP-2259,SUP-039,PRD-116,WH-07,Toronto,Mexico,London,United Kingdom,2023-11-14,2023-11-19,2023-11-20,1,Road,XPO Logistics,Delayed,419,70538.65,1,0.38,medium,0.267
SHP-2260,SUP-015,PRD-044,WH-15,Milan,Germany,Lagos,Nigeria,2023-06-02,2023-06-08,2023-06-08,0,Road,XPO Logistics,Delivered,266,34912.5,0,0.81,low,0.265
SHP-2261,SUP-027,PRD-080,WH-14,Amsterdam,Germany,Johannesburg,South Africa,2023-12-16,2023-12-26,2023-12-27,1,Road,DB Schenker,Delayed,293,24201.8,1,0.56,medium,0.32
SHP-2262,SUP-001,PRD-002,WH-14,Johannesburg,Nigeria,Johannesburg,South Africa,2023-06-16,2023-07-12,2023-07-12,0,Air,DHL,Delivered,225,58050.0,0,0.5,low,0.16
SHP-2263,SUP-023,PRD-069,WH-04,Tokyo,India,Houston,United States,2023-10-24,2023-11-16,2023-11-17,1,Sea,MSC,Delayed,362,31132.0,1,0.39,medium,0.272
SHP-2264,SUP-044,PRD-130,WH-08,Johannesburg,Nigeria,Amsterdam,Netherlands,2024-10-18,2024-11-08,2024-11-08,0,Sea,Maersk,Delivered,136,13164.8,0,0.26,low,0.082
SHP-2265,SUP-041,PRD-122,WH-12,Ho Chi Minh City,India,Singapore,Singapore,2023-02-09,2023-02-28,2023-02-28,0,Sea,CMA CGM,Delivered,485,30943.0,0,0.08,low,0.027
SHP-2266,SUP-039,PRD-117,WH-10,New York,Mexico,Bogotá,Colombia,2022-12-21,2022-12-26,2022-12-26,0,Sea,Maersk,Delivered,29,2900.0,0,0.62,low,0.194
SHP-2267,SUP-035,PRD-104,WH-13,Nairobi,Kenya,Tokyo,Japan,2022-08-15,2022-09-10,2022-09-10,0,Rail,Union Pacific,Delivered,307,13047.5,0,0.29,low,0.09
SHP-2268,SUP-021,PRD-063,WH-14,Seoul,Australia,Johannesburg,South Africa,2024-10-17,2024-11-14,2024-11-14,0,Air,FedEx,Delivered,354,105492.0,0,0.82,low,0.261
SHP-2269,SUP-036,PRD-108,WH-13,Lagos,Kenya,Tokyo,Japan,2024-06-08,2024-06-28,2024-06-29,1,Air,Emirates SkyCargo,Delayed,176,65824.0,1,0.71,medium,0.379
SHP-2270,SUP-027,PRD-080,WH-15,Milan,Germany,Lagos,Nigeria,2024-11-28,2024-12-08,2024-12-08,0,Road,DB Schenker,Delivered,205,16933.0,0,0.49,low,0.154
SHP-2271,SUP-027,PRD-080,WH-01,Amsterdam,Germany,Chicago,United States,2024-11-27,2024-12-07,2024-12-07,0,Road,XPO Logistics,Delivered,334,27588.4,0,0.62,low,0.193
SHP-2272,SUP-005,PRD-013,WH-01,Berlin,Italy,Chicago,United States,2023-12-28,2024-01-03,2024-01-03,0,Air,DHL,Delivered,389,50570.0,0,0.06,low,0.022
SHP-2273,SUP-024,PRD-070,WH-13,Sydney,Indonesia,Tokyo,Japan,2023-12-27,2024-01-18,2024-01-22,4,Rail,Union Pacific,Delayed,215,21285.0,1,0.86,medium,0.556
SHP-2274,SUP-047,PRD-139,WH-03,New York,United States,Toronto,Canada,2023-06-20,2023-06-27,2023-06-27,0,Sea,CMA CGM,Delivered,138,2152.8,0,0.07,low,0.022
SHP-2275,SUP-008,PRD-024,WH-09,Chicago,Mexico,São Paulo,Brazil,2022-07-25,2022-07-30,2022-07-30,0,Sea,CMA CGM,Delivered,78,7082.4,0,0.28,low,0.085
SHP-2276,SUP-016,PRD-046,WH-12,Nairobi,Kenya,Singapore,Singapore,2023-11-19,2023-12-13,2023-12-13,0,Air,DHL,Cancelled,287,37310.0,0,0.73,low,0.231
SHP-2277,SUP-043,PRD-127,WH-02,Jakarta,Australia,Los Angeles,United States,2024-12-16,2025-01-04,2025-01-04,0,Air,FedEx,In Transit,103,42745.0,0,0.1,low,0.033
SHP-2278,SUP-039,PRD-117,WH-04,New York,Mexico,Houston,United States,2024-05-04,2024-05-09,2024-05-09,0,Sea,MSC,Delivered,428,42800.0,0,0.63,low,0.197
SHP-2279,SUP-028,PRD-082,WH-07,São Paulo,Colombia,London,United Kingdom,2022-12-12,2023-01-01,2023-01-05,4,Air,FedEx,Delayed,258,51858.0,1,0.57,medium,0.458
SHP-2280,SUP-021,PRD-062,WH-04,Shanghai,Australia,Houston,United States,2022-03-29,2022-04-26,2022-05-01,5,Road,J.B. Hunt,Delayed,48,739.2,1,0.78,medium,0.574
SHP-2281,SUP-035,PRD-104,WH-15,Nairobi,Kenya,Lagos,Nigeria,2024-11-08,2024-12-04,2024-12-04,0,Road,DB Schenker,Delivered,153,9103.5,0,0.25,low,0.078
SHP-2282,SUP-005,PRD-015,WH-01,London,Italy,Chicago,United States,2024-11-20,2024-11-26,2024-11-26,0,Road,XPO Logistics,Delivered,396,16354.8,0,0.18,low,0.058
SHP-2283,SUP-029,PRD-086,WH-07,Buenos Aires,Colombia,London,United Kingdom,2023-02-07,2023-02-17,2023-02-19,2,Road,DB Schenker,Delayed,183,6597.15,1,0.61,medium,0.383
SHP-2284,SUP-050,PRD-150,WH-01,Jakarta,Japan,Chicago,United States,2022-12-24,2023-01-11,2023-01-16,5,Sea,Maersk,Delayed,443,11783.8,1,0.89,medium,0.609
SHP-2285,SUP-038,PRD-112,WH-04,Houston,Canada,Houston,United States,2022-02-10,2022-02-13,2022-02-13,0,Sea,CMA CGM,Delivered,479,8430.4,0,0.3,low,0.092
SHP-2286,SUP-018,PRD-052,WH-07,Amsterdam,Poland,London,United Kingdom,2024-05-16,2024-05-22,2024-05-22,0,Air,FedEx,Delivered,497,67592.0,0,0.43,low,0.139
SHP-2287,SUP-044,PRD-132,WH-08,Lagos,Nigeria,Amsterdam,Netherlands,2022-10-12,2022-11-02,2022-11-04,2,Sea,Maersk,Delayed,147,9878.4,1,0.3,medium,0.284
SHP-2288,SUP-026,PRD-076,WH-14,Cairo,South Africa,Johannesburg,South Africa,2022-07-03,2022-07-24,2022-07-26,2,Sea,CMA CGM,Delayed,156,1466.4,1,0.54,medium,0.358
SHP-2289,SUP-048,PRD-142,WH-02,Buenos Aires,Peru,Los Angeles,United States,2022-11-08,2022-11-22,2022-11-22,0,Road,J.B. Hunt,Delivered,173,16530.15,0,0.33,low,0.099
SHP-2290,SUP-031,PRD-092,WH-02,Los Angeles,United States,Los Angeles,United States,2022-11-17,2022-11-21,2022-11-24,3,Sea,CMA CGM,Delayed,430,16512.0,1,0.89,medium,0.517
SHP-2291,SUP-037,PRD-111,WH-06,Paris,Germany,Paris,France,2023-05-26,2023-06-04,2023-06-04,0,Rail,Union Pacific,Delivered,386,11869.5,0,0.87,low,0.281
SHP-2292,SUP-049,PRD-147,WH-09,Atlanta,Canada,São Paulo,Brazil,2022-05-21,2022-05-26,2022-05-26,0,Air,Emirates SkyCargo,Delivered,274,123300.0,0,0.31,low,0.096
SHP-2293,SUP-026,PRD-077,WH-13,Johannesburg,South Africa,Tokyo,Japan,2024-03-14,2024-04-04,2024-04-13,9,Sea,Maersk,Delayed,162,12409.2,1,0.47,high,0.652
SHP-2294,SUP-002,PRD-005,WH-15,Cairo,Ghana,Lagos,Nigeria,2022-10-02,2022-10-29,2022-10-29,0,Air,Emirates SkyCargo,Delivered,466,106248.0,0,0.51,low,0.163
SHP-2295,SUP-029,PRD-087,WH-04,Buenos Aires,Colombia,Houston,United States,2023-10-10,2023-10-20,2023-10-26,6,Air,FedEx,Delayed,57,19893.0,1,0.44,high,0.512
SHP-2296,SUP-024,PRD-070,WH-12,Jakarta,Indonesia,Singapore,Singapore,2024-02-29,2024-03-22,2024-03-29,7,Sea,Maersk,Delayed,176,13939.2,1,0.71,high,0.646
SHP-2297,SUP-019,PRD-057,WH-04,São Paulo,Peru,Houston,United States,2024-10-31,2024-11-13,2024-11-17,4,Air,DHL,Delayed,60,1680.0,1,0.62,medium,0.476
SHP-2298,SUP-032,PRD-096,WH-15,Johannesburg,Kenya,Lagos,Nigeria,2023-03-20,2023-04-23,2023-04-23,0,Sea,CMA CGM,Delivered,305,14823.0,0,0.38,low,0.124
SHP-2299,SUP-042,PRD-124,WH-09,Bogotá,Peru,São Paulo,Brazil,2024-03-11,2024-03-24,2024-03-25,1,Sea,MSC,Delayed,280,18144.0,1,0.49,medium,0.302
SHP-2300,SUP-039,PRD-117,WH-10,Los Angeles,Mexico,Bogotá,Colombia,2024-12-16,2024-12-21,2024-12-21,0,Sea,MSC,In Transit,496,49600.0,0,0.53,low,0.167
SHP-2301,SUP-028,PRD-084,WH-09,Lima,Colombia,São Paulo,Brazil,2024-02-21,2024-03-12,2024-03-14,2,Road,DB Schenker,Delayed,265,185.5,1,0.4,medium,0.317
SHP-2302,SUP-003,PRD-007,WH-04,London,Italy,Houston,United States,2022-12-21,2022-12-26,2022-12-26,0,Air,Emirates SkyCargo,Delivered,462,173712.0,0,0.14,low,0.045
SHP-2303,SUP-014,PRD-042,WH-01,Santiago,Brazil,Chicago,United States,2023-03-08,2023-03-24,2023-03-24,0,Sea,Maersk,Delivered,392,30419.2,0,0.27,low,0.083
SHP-2304,SUP-003,PRD-009,WH-08,Berlin,Italy,Amsterdam,Netherlands,2024-03-30,2024-04-04,2024-04-04,0,Sea,CMA CGM,Delivered,319,29284.2,0,0.24,low,0.075
SHP-2305,SUP-041,PRD-122,WH-13,Ho Chi Minh City,India,Tokyo,Japan,2023-12-11,2023-12-30,2023-12-30,0,Sea,Maersk,Delivered,230,14674.0,0,0.19,low,0.06
SHP-2306,SUP-007,PRD-020,WH-11,Vancouver,Canada,Santiago,Chile,2023-06-24,2023-06-28,2023-06-28,0,Sea,CMA CGM,Delivered,390,11700.0,0,0.48,low,0.152
SHP-2307,SUP-029,PRD-085,WH-06,Bogotá,Colombia,Paris,France,2024-10-03,2024-10-13,2024-10-13,0,Air,FedEx,Delivered,201,52260.0,0,0.48,low,0.154
SHP-2308,SUP-028,PRD-084,WH-07,Bogotá,Colombia,London,United Kingdom,2023-10-28,2023-11-17,2023-11-17,0,Sea,CMA CGM,Delivered,355,142.0,0,0.48,low,0.151
SHP-2309,SUP-042,PRD-124,WH-09,São Paulo,Peru,São Paulo,Brazil,2022-10-03,2022-10-16,2022-10-21,5,Sea,MSC,Delayed,408,26438.4,1,0.59,medium,0.512
SHP-2310,SUP-021,PRD-062,WH-15,Singapore,Australia,Lagos,Nigeria,2022-10-13,2022-11-10,2022-11-15,5,Road,DB Schenker,Delayed,75,1155.0,1,0.76,medium,0.568
SHP-2311,SUP-040,PRD-119,WH-07,Berlin,United Kingdom,London,United Kingdom,2024-10-05,2024-10-15,2024-10-15,0,Sea,MSC,Delivered,32,2105.6,0,0.85,low,0.266
SHP-2312,SUP-027,PRD-080,WH-15,Berlin,Germany,Lagos,Nigeria,2024-11-04,2024-11-14,2024-11-14,0,Road,J.B. Hunt,Delivered,308,25440.8,0,0.53,low,0.166
SHP-2313,SUP-040,PRD-118,WH-15,Milan,United Kingdom,Lagos,Nigeria,2024-04-02,2024-04-12,2024-04-16,4,Sea,MSC,Delayed,129,4644.0,1,0.65,medium,0.486
SHP-2314,SUP-024,PRD-070,WH-02,Shanghai,Indonesia,Los Angeles,United States,2022-11-08,2022-11-30,2022-12-06,6,Air,DHL,Delayed,271,107316.0,1,0.86,high,0.646
SHP-2315,SUP-048,PRD-143,WH-10,Santiago,Peru,Bogotá,Colombia,2024-04-25,2024-05-09,2024-05-09,0,Road,XPO Logistics,Delivered,282,47770.8,0,0.24,low,0.072
SHP-2316,SUP-047,PRD-139,WH-10,Los Angeles,United States,Bogotá,Colombia,2024-12-04,2024-12-11,2024-12-11,0,Sea,Maersk,In Transit,192,2995.2,0,0.1,low,0.031
SHP-2317,SUP-026,PRD-078,WH-12,Johannesburg,South Africa,Singapore,Singapore,2022-10-05,2022-10-26,2022-11-04,9,Air,FedEx,Delayed,400,35200.0,1,0.49,high,0.658
SHP-2318,SUP-009,PRD-025,WH-02,Paris,Poland,Los Angeles,United States,2024-01-26,2024-02-05,2024-02-05,0,Road,XPO Logistics,Delivered,492,37023.0,0,0.5,low,0.156
SHP-2319,SUP-044,PRD-130,WH-14,Nairobi,Nigeria,Johannesburg,South Africa,2022-05-23,2022-06-13,2022-06-13,0,Road,XPO Logistics,Delivered,455,77077.0,0,0.1,low,0.034
SHP-2320,SUP-042,PRD-124,WH-05,Lima,Peru,Berlin,Germany,2023-08-25,2023-09-07,2023-09-07,0,Road,J.B. Hunt,Delivered,305,34587.0,0,0.46,low,0.148
SHP-2321,SUP-017,PRD-050,WH-15,Nairobi,Egypt,Lagos,Nigeria,2022-10-15,2022-11-16,2022-11-16,0,Sea,CMA CGM,Delivered,434,10589.6,0,0.29,low,0.088
SHP-2322,SUP-024,PRD-071,WH-03,Seoul,Indonesia,Toronto,Canada,2023-12-18,2024-01-09,2024-01-14,5,Air,DHL,Delayed,145,8410.0,1,0.91,medium,0.616
SHP-2323,SUP-021,PRD-062,WH-13,Ho Chi Minh City,Australia,Tokyo,Japan,2022-10-28,2022-11-25,2022-12-03,8,Sea,CMA CGM,Delayed,435,3828.0,1,0.69,high,0.682
SHP-2324,SUP-022,PRD-064,WH-07,Buenos Aires,Chile,London,United Kingdom,2022-10-09,2022-10-27,2022-10-27,0,Road,XPO Logistics,Delivered,467,74206.3,0,0.2,low,0.063
SHP-2325,SUP-050,PRD-148,WH-13,Seoul,Japan,Tokyo,Japan,2023-10-08,2023-10-26,2023-10-26,0,Sea,CMA CGM,Delivered,93,1227.6,0,0.92,low,0.293
SHP-2326,SUP-049,PRD-146,WH-11,Houston,Canada,Santiago,Chile,2022-10-09,2022-10-14,2022-10-15,1,Road,J.B. Hunt,Delayed,73,2657.2,1,0.08,medium,0.172
SHP-2327,SUP-041,PRD-123,WH-13,Ho Chi Minh City,India,Tokyo,Japan,2022-01-20,2022-02-08,2022-02-08,0,Air,Emirates SkyCargo,Delivered,138,45540.0,0,0.1,low,0.033
SHP-2328,SUP-044,PRD-130,WH-13,Accra,Nigeria,Tokyo,Japan,2022-01-05,2022-01-26,2022-01-26,0,Sea,MSC,Delivered,20,1936.0,0,0.22,low,0.07
SHP-2329,SUP-023,PRD-067,WH-14,Singapore,India,Johannesburg,South Africa,2022-07-24,2022-08-16,2022-08-16,0,Sea,Maersk,Delivered,55,3036.0,0,0.36,low,0.118
SHP-2330,SUP-009,PRD-026,WH-02,Warsaw,Poland,Los Angeles,United States,2023-07-11,2023-07-21,2023-07-25,4,Sea,CMA CGM,Delayed,261,8560.8,1,0.53,medium,0.445
SHP-2331,SUP-005,PRD-014,WH-01,Berlin,Italy,Chicago,United States,2023-11-09,2023-11-15,2023-11-15,0,Road,J.B. Hunt,Delivered,250,21262.5,0,0.05,low,0.019
SHP-2332,SUP-020,PRD-058,WH-13,Mumbai,Singapore,Tokyo,Japan,2024-03-16,2024-04-13,2024-04-13,0,Air,DHL,Delivered,437,164749.0,0,0.24,low,0.076
SHP-2333,SUP-025,PRD-073,WH-09,Santiago,Brazil,São Paulo,Brazil,2023-11-12,2023-11-24,2023-11-25,1,Air,FedEx,Delayed,493,203116.0,1,0.93,medium,0.435
SHP-2334,SUP-021,PRD-061,WH-12,Tokyo,Australia,Singapore,Singapore,2022-02-24,2022-03-24,2022-03-24,0,Air,DHL,Delivered,104,35776.0,0,0.75,low,0.24
SHP-2335,SUP-031,PRD-091,WH-11,Atlanta,United States,Santiago,Chile,2023-11-17,2023-11-21,2023-11-27,6,Sea,CMA CGM,Delayed,345,14352.0,1,0.83,high,0.634
SHP-2336,SUP-038,PRD-114,WH-09,Atlanta,Canada,São Paulo,Brazil,2024-11-24,2024-11-27,2024-11-28,1,Road,DB Schenker,Delayed,433,19398.4,1,0.08,medium,0.171
SHP-2337,SUP-005,PRD-014,WH-04,Berlin,Italy,Houston,United States,2022-05-28,2022-06-03,2022-06-03,0,Road,XPO Logistics,Delivered,354,30107.7,0,0.19,low,0.061
SHP-2338,SUP-041,PRD-122,WH-02,Mumbai,India,Los Angeles,United States,2022-03-17,2022-04-05,2022-04-05,0,Rail,DB Cargo,Delivered,246,19618.5,0,0.08,low,0.027
SHP-2339,SUP-048,PRD-143,WH-09,São Paulo,Peru,São Paulo,Brazil,2023-07-24,2023-08-07,2023-08-08,1,Sea,Maersk,Delayed,434,42011.2,1,0.16,medium,0.193
SHP-2340,SUP-042,PRD-125,WH-05,Bogotá,Peru,Berlin,Germany,2024-12-17,2024-12-30,2025-01-01,2,Sea,CMA CGM,Delayed,493,6606.2,1,0.45,medium,0.335
SHP-2341,SUP-014,PRD-040,WH-07,São Paulo,Brazil,London,United Kingdom,2024-09-10,2024-09-26,2024-09-27,1,Sea,Maersk,Delayed,484,30782.4,1,0.05,medium,0.162
SHP-2342,SUP-005,PRD-014,WH-15,London,Italy,Lagos,Nigeria,2024-02-27,2024-03-04,2024-03-04,0,Sea,MSC,Delivered,387,18808.2,0,0.08,low,0.028
SHP-2343,SUP-050,PRD-150,WH-15,Singapore,Japan,Lagos,Nigeria,2023-10-19,2023-11-06,2023-11-06,0,Sea,Maersk,Delivered,159,4229.4,0,0.8,low,0.257
SHP-2344,SUP-049,PRD-147,WH-03,Houston,Canada,Toronto,Canada,2023-12-16,2023-12-21,2023-12-21,0,Sea,MSC,Delivered,358,32220.0,0,0.12,low,0.039
SHP-2345,SUP-044,PRD-130,WH-13,Cairo,Nigeria,Tokyo,Japan,2024-07-17,2024-08-07,2024-08-07,0,Air,DHL,Delivered,160,77440.0,0,0.22,low,0.07
SHP-2346,SUP-011,PRD-032,WH-07,Santiago,Brazil,London,United Kingdom,2024-06-20,2024-07-01,2024-07-02,1,Road,XPO Logistics,Delayed,264,11919.6,1,0.61,medium,0.338
SHP-2347,SUP-026,PRD-077,WH-05,Johannesburg,South Africa,Berlin,Germany,2022-09-06,2022-09-27,2022-09-28,1,Road,J.B. Hunt,Delayed,333,44638.65,1,0.41,medium,0.274
SHP-2348,SUP-029,PRD-086,WH-04,Bogotá,Colombia,Houston,United States,2024-12-23,2025-01-02,2025-01-02,0,Air,FedEx,In Transit,359,36977.0,0,0.64,low,0.202
SHP-2349,SUP-045,PRD-134,WH-02,Milan,Poland,Los Angeles,United States,2022-01-11,2022-01-23,2022-01-23,0,Road,DB Schenker,Delivered,358,35209.3,0,0.09,low,0.031
SHP-2350,SUP-048,PRD-142,WH-06,Santiago,Peru,Paris,France,2024-03-25,2024-04-08,2024-04-08,0,Air,FedEx,Delivered,84,22932.0,0,0.23,low,0.069
SHP-2351,SUP-045,PRD-133,WH-02,Berlin,Poland,Los Angeles,United States,2022-12-22,2023-01-03,2023-01-03,0,Air,DHL,Delivered,361,19855.0,0,0.07,low,0.025
SHP-2352,SUP-010,PRD-030,WH-01,Los Angeles,Mexico,Chicago,United States,2023-11-01,2023-11-04,2023-11-04,0,Sea,CMA CGM,Delivered,255,6324.0,0,0.11,low,0.034
SHP-2353,SUP-022,PRD-065,WH-07,Lima,Chile,London,United Kingdom,2022-10-01,2022-10-19,2022-10-20,1,Sea,CMA CGM,Delayed,411,25564.2,1,0.11,medium,0.181
SHP-2354,SUP-025,PRD-075,WH-04,Lima,Brazil,Houston,United States,2022-04-15,2022-04-27,2022-05-12,15,Road,DB Schenker,Delayed,264,27627.6,1,0.69,high,0.768
SHP-2355,SUP-046,PRD-136,WH-13,Shanghai,India,Tokyo,Japan,2023-06-25,2023-07-15,2023-07-15,0,Sea,MSC,Delivered,341,1636.8,0,0.12,low,0.039
SHP-2356,SUP-032,PRD-095,WH-08,Cairo,Kenya,Amsterdam,Netherlands,2022-05-24,2022-06-27,2022-06-28,1,Rail,BNSF Railway,Delayed,89,6452.5,1,0.61,medium,0.338
SHP-2357,SUP-002,PRD-005,WH-06,Johannesburg,Ghana,Paris,France,2024-12-13,2025-01-09,2025-01-09,0,Sea,MSC,In Transit,82,3739.2,0,0.49,low,0.157
SHP-2358,SUP-006,PRD-018,WH-08,Buenos Aires,Peru,Amsterdam,Netherlands,2023-11-25,2023-12-12,2023-12-18,6,Sea,Maersk,Delayed,182,15178.8,1,0.92,high,0.658
SHP-2359,SUP-043,PRD-129,WH-13,Sydney,Australia,Tokyo,Japan,2024-08-05,2024-08-24,2024-08-25,1,Air,Emirates SkyCargo,Delayed,361,136097.0,1,0.07,medium,0.169
SHP-2360,SUP-041,PRD-123,WH-02,Seoul,India,Los Angeles,United States,2023-12-05,2023-12-24,2023-12-24,0,Rail,DB Cargo,Delivered,473,39022.5,0,0.32,low,0.099
SHP-2361,SUP-031,PRD-092,WH-02,Toronto,United States,Los Angeles,United States,2024-02-19,2024-02-23,2024-02-29,6,Road,DB Schenker,Delayed,452,30374.4,1,0.91,high,0.658
SHP-2362,SUP-016,PRD-047,WH-05,Accra,Kenya,Berlin,Germany,2024-04-28,2024-05-22,2024-05-30,8,Rail,BNSF Railway,Delayed,342,513.0,1,0.78,high,0.706
SHP-2363,SUP-048,PRD-144,WH-06,Santiago,Peru,Paris,France,2024-11-04,2024-11-18,2024-11-21,3,Air,FedEx,Delayed,420,134400.0,1,0.34,medium,0.337
SHP-2364,SUP-019,PRD-055,WH-04,Bogotá,Peru,Houston,United States,2022-02-19,2022-03-04,2022-03-04,0,Sea,MSC,Delivered,265,7526.0,0,0.38,low,0.124
SHP-2365,SUP-027,PRD-080,WH-02,Berlin,Germany,Los Angeles,United States,2024-03-06,2024-03-16,2024-03-17,1,Sea,CMA CGM,Delayed,46,2171.2,1,0.4,medium,0.272
SHP-2366,SUP-028,PRD-084,WH-10,Buenos Aires,Colombia,Bogotá,Colombia,2022-02-02,2022-02-22,2022-02-23,1,Sea,Maersk,Delayed,79,31.6,1,0.47,medium,0.293
SHP-2367,SUP-049,PRD-146,WH-11,Chicago,Canada,Santiago,Chile,2023-12-10,2023-12-15,2023-12-16,1,Air,FedEx,Delayed,196,20384.0,1,0.25,medium,0.223
SHP-2368,SUP-042,PRD-126,WH-05,Santiago,Peru,Berlin,Germany,2023-04-11,2023-04-24,2023-04-24,0,Road,XPO Logistics,Delivered,328,7691.6,0,0.6,low,0.19
SHP-2369,SUP-037,PRD-111,WH-02,Stockholm,Germany,Los Angeles,United States,2022-05-19,2022-05-28,2022-05-28,0,Road,DB Schenker,Delivered,369,15885.45,0,0.68,low,0.224
SHP-2370,SUP-006,PRD-017,WH-08,Buenos Aires,Peru,Amsterdam,Netherlands,2024-03-12,2024-03-29,2024-03-30,1,Air,FedEx,Delayed,221,45968.0,1,0.94,medium,0.439
SHP-2371,SUP-035,PRD-104,WH-15,Johannesburg,Kenya,Lagos,Nigeria,2022-11-25,2022-12-21,2022-12-21,0,Sea,CMA CGM,Delivered,455,15470.0,0,0.1,low,0.033
SHP-2372,SUP-018,PRD-052,WH-05,Berlin,Poland,Berlin,Germany,2024-01-11,2024-01-17,2024-01-21,4,Sea,Maersk,Delayed,315,8568.0,1,0.64,medium,0.482
SHP-2373,SUP-044,PRD-131,WH-05,Accra,Nigeria,Berlin,Germany,2022-10-02,2022-10-23,2022-10-23,0,Sea,CMA CGM,Delivered,288,460.8,0,0.11,low,0.037
SHP-2374,SUP-015,PRD-045,WH-04,Amsterdam,Germany,Houston,United States,2024-05-24,2024-05-30,2024-05-30,0,Sea,Maersk,Delivered,21,1041.6,0,0.79,low,0.259
SHP-2375,SUP-001,PRD-001,WH-13,Johannesburg,Nigeria,Tokyo,Japan,2023-11-27,2023-12-23,2023-12-23,0,Sea,CMA CGM,Delivered,102,4834.8,0,0.5,low,0.16
SHP-2376,SUP-048,PRD-143,WH-01,Santiago,Peru,Chicago,United States,2023-10-31,2023-11-14,2023-11-15,1,Road,DB Schenker,Delayed,189,32016.6,1,0.08,medium,0.169
SHP-2377,SUP-048,PRD-142,WH-09,Bogotá,Peru,São Paulo,Brazil,2022-12-10,2022-12-24,2022-12-24,0,Road,J.B. Hunt,Delivered,85,8121.75,0,0.09,low,0.027
SHP-2378,SUP-015,PRD-043,WH-05,Berlin,Germany,Berlin,Germany,2023-03-06,2023-03-12,2023-03-12,0,Sea,Maersk,Delivered,98,3175.2,0,0.87,low,0.283
SHP-2379,SUP-039,PRD-115,WH-01,Houston,Mexico,Chicago,United States,2023-07-11,2023-07-16,2023-07-16,0,Road,XPO Logistics,Delivered,253,7084.0,0,0.45,low,0.143
SHP-2380,SUP-018,PRD-054,WH-06,Warsaw,Poland,Paris,France,2022-10-17,2022-10-23,2022-10-23,0,Road,J.B. Hunt,Delivered,77,6548.85,0,0.61,low,0.193
SHP-2381,SUP-048,PRD-143,WH-01,São Paulo,Peru,Chicago,United States,2024-05-14,2024-05-28,2024-05-28,0,Road,J.B. Hunt,Delivered,261,44213.4,0,0.27,low,0.081
SHP-2382,SUP-025,PRD-073,WH-01,Buenos Aires,Brazil,Chicago,United States,2023-11-03,2023-11-15,2023-11-15,0,Sea,MSC,Delivered,317,26120.8,0,0.79,low,0.248
SHP-2383,SUP-003,PRD-009,WH-14,Madrid,Italy,Johannesburg,South Africa,2023-08-18,2023-08-23,2023-08-23,0,Air,FedEx,Delivered,393,180387.0,0,0.25,low,0.078
SHP-2384,SUP-037,PRD-110,WH-01,London,Germany,Chicago,United States,2024-04-25,2024-05-04,2024-05-05,1,Air,FedEx,Delayed,23,3749.0,1,0.75,medium,0.39
SHP-2385,SUP-002,PRD-006,WH-12,Accra,Ghana,Singapore,Singapore,2024-10-04,2024-10-31,2024-11-01,1,Air,DHL,Delayed,377,93496.0,1,0.42,medium,0.281
SHP-2386,SUP-014,PRD-040,WH-08,Lima,Brazil,Amsterdam,Netherlands,2022-04-09,2022-04-25,2022-04-25,0,Air,FedEx,Delivered,351,111618.0,0,0.18,low,0.056
SHP-2387,SUP-025,PRD-073,WH-03,Bogotá,Brazil,Toronto,Canada,2022-04-28,2022-05-10,2022-05-10,0,Rail,DB Cargo,Delivered,500,51500.0,0,0.75,low,0.236
SHP-2388,SUP-047,PRD-139,WH-07,New York,United States,London,United Kingdom,2022-04-06,2022-04-13,2022-04-15,2,Road,DB Schenker,Delayed,183,4995.9,1,0.2,medium,0.251
SHP-2389,SUP-033,PRD-097,WH-05,Vancouver,Mexico,Berlin,Germany,2022-12-29,2023-01-02,2023-01-02,0,Sea,MSC,Delivered,161,15005.2,0,0.51,low,0.161
SHP-2390,SUP-002,PRD-004,WH-14,Nairobi,Ghana,Johannesburg,South Africa,2024-01-05,2024-02-01,2024-02-01,0,Road,XPO Logistics,Delivered,381,1733.55,0,0.58,low,0.184
SHP-2391,SUP-036,PRD-106,WH-12,Johannesburg,Kenya,Singapore,Singapore,2023-09-26,2023-10-16,2023-10-22,6,Sea,CMA CGM,Delayed,188,13536.0,1,0.94,high,0.673
SHP-2392,SUP-024,PRD-072,WH-04,Seoul,Indonesia,Houston,United States,2022-04-03,2022-04-25,2022-04-25,0,Sea,MSC,Delivered,273,3931.2,0,0.83,low,0.267
SHP-2393,SUP-008,PRD-022,WH-08,Houston,Mexico,Amsterdam,Netherlands,2024-07-08,2024-07-13,2024-07-13,0,Sea,CMA CGM,Delivered,176,528.0,0,0.28,low,0.085
SHP-2394,SUP-035,PRD-104,WH-05,Cairo,Kenya,Berlin,Germany,2023-05-28,2023-06-23,2023-06-23,0,Air,FedEx,Delivered,20,3400.0,0,0.21,low,0.066
SHP-2395,SUP-028,PRD-084,WH-07,Santiago,Colombia,London,United Kingdom,2022-03-21,2022-04-10,2022-04-11,1,Rail,DB Cargo,Delayed,112,56.0,1,0.38,medium,0.266
SHP-2396,SUP-018,PRD-052,WH-03,Warsaw,Poland,Toronto,Canada,2024-10-09,2024-10-15,2024-10-15,0,Road,XPO Logistics,Delivered,86,4093.6,0,0.55,low,0.175
SHP-2397,SUP-044,PRD-132,WH-06,Johannesburg,Nigeria,Paris,France,2024-10-12,2024-11-02,2024-11-02,0,Rail,BNSF Railway,Delivered,79,6636.0,0,0.27,low,0.085
SHP-2398,SUP-049,PRD-147,WH-07,Vancouver,Canada,London,United Kingdom,2022-09-17,2022-09-22,2022-09-22,0,Rail,BNSF Railway,Delivered,221,24862.5,0,0.33,low,0.102
SHP-2399,SUP-019,PRD-055,WH-06,Santiago,Peru,Paris,France,2024-11-29,2024-12-12,2024-12-12,0,Road,XPO Logistics,Delivered,282,14015.4,0,0.46,low,0.148
SHP-2400,SUP-045,PRD-135,WH-15,Warsaw,Poland,Lagos,Nigeria,2024-11-15,2024-11-27,2024-11-27,0,Sea,MSC,Delivered,417,19432.2,0,0.12,low,0.04
SHP-2401,SUP-041,PRD-122,WH-14,Mumbai,India,Johannesburg,South Africa,2022-04-15,2022-05-04,2022-05-04,0,Air,DHL,Delivered,260,82940.0,0,0.12,low,0.039
SHP-2402,SUP-042,PRD-125,WH-07,Lima,Peru,London,United Kingdom,2023-09-01,2023-09-14,2023-09-17,3,Road,DB Schenker,Delayed,465,10904.25,1,0.59,medium,0.422
SHP-2403,SUP-023,PRD-067,WH-12,Singapore,India,Singapore,Singapore,2024-04-05,2024-04-28,2024-04-28,0,Road,XPO Logistics,Delivered,217,20962.2,0,0.54,low,0.172
SHP-2404,SUP-027,PRD-080,WH-08,Madrid,Germany,Amsterdam,Netherlands,2024-07-14,2024-07-24,2024-07-24,0,Air,FedEx,Delivered,35,8260.0,0,0.63,low,0.196
SHP-2405,SUP-049,PRD-146,WH-04,New York,Canada,Houston,United States,2024-11-21,2024-11-26,2024-11-26,0,Road,DB Schenker,Delivered,340,12376.0,0,0.24,low,0.075
SHP-2406,SUP-041,PRD-123,WH-12,Singapore,India,Singapore,Singapore,2024-05-28,2024-06-16,2024-06-16,0,Sea,Maersk,Delivered,492,32472.0,0,0.25,low,0.078
SHP-2407,SUP-027,PRD-080,WH-14,Paris,Germany,Johannesburg,South Africa,2024-02-14,2024-02-24,2024-02-24,0,Road,DB Schenker,Delivered,366,30231.6,0,0.36,low,0.115
SHP-2408,SUP-047,PRD-139,WH-01,Vancouver,United States,Chicago,United States,2022-07-20,2022-07-27,2022-07-27,0,Sea,MSC,Delivered,68,1060.8,0,0.31,low,0.094
SHP-2409,SUP-047,PRD-141,WH-04,New York,United States,Houston,United States,2022-02-22,2022-03-01,2022-03-02,1,Sea,CMA CGM,Delayed,100,4460.0,1,0.09,medium,0.173
SHP-2410,SUP-017,PRD-051,WH-08,Nairobi,Egypt,Amsterdam,Netherlands,2022-11-19,2022-12-21,2022-12-21,0,Air,Emirates SkyCargo,Delivered,190,32870.0,0,0.25,low,0.076
SHP-2411,SUP-004,PRD-012,WH-03,Houston,United States,Toronto,Canada,2022-06-28,2022-07-03,2022-07-03,0,Rail,BNSF Railway,Delivered,430,48805.0,0,0.17,low,0.053
SHP-2412,SUP-017,PRD-049,WH-13,Lagos,Egypt,Tokyo,Japan,2023-10-05,2023-11-06,2023-11-06,0,Road,XPO Logistics,Delivered,165,12993.75,0,0.24,low,0.073
SHP-2413,SUP-014,PRD-041,WH-07,São Paulo,Brazil,London,United Kingdom,2022-10-09,2022-10-25,2022-10-25,0,Air,FedEx,Delivered,425,155975.0,0,0.23,low,0.071
SHP-2414,SUP-003,PRD-009,WH-08,Stockholm,Italy,Amsterdam,Netherlands,2023-10-05,2023-10-10,2023-10-10,0,Road,XPO Logistics,Delivered,487,78236.55,0,0.34,low,0.105
SHP-2415,SUP-004,PRD-010,WH-11,Los Angeles,United States,Santiago,Chile,2022-11-10,2022-11-15,2022-11-15,0,Rail,Union Pacific,Delivered,308,20482.0,0,0.13,low,0.041
SHP-2416,SUP-036,PRD-107,WH-15,Lagos,Kenya,Lagos,Nigeria,2022-08-09,2022-08-29,2022-09-05,7,Sea,MSC,Delayed,366,2562.0,1,0.87,high,0.697
SHP-2417,SUP-002,PRD-005,WH-08,Johannesburg,Ghana,Amsterdam,Netherlands,2024-06-15,2024-07-12,2024-07-13,1,Rail,BNSF Railway,Delayed,352,20064.0,1,0.42,medium,0.281
SHP-2418,SUP-048,PRD-144,WH-09,Bogotá,Peru,São Paulo,Brazil,2024-03-01,2024-03-15,2024-03-15,0,Road,XPO Logistics,Delivered,363,40656.0,0,0.05,low,0.015
SHP-2419,SUP-022,PRD-065,WH-03,Bogotá,Chile,Toronto,Canada,2023-11-28,2023-12-16,2023-12-16,0,Air,FedEx,Delivered,128,39808.0,0,0.26,low,0.081
SHP-2420,SUP-033,PRD-097,WH-05,Vancouver,Mexico,Berlin,Germany,2024-09-24,2024-09-28,2024-09-28,0,Road,XPO Logistics,Delivered,138,22507.8,0,0.54,low,0.17
SHP-2421,SUP-037,PRD-110,WH-08,Berlin,Germany,Amsterdam,Netherlands,2023-06-23,2023-07-02,2023-07-03,1,Road,XPO Logistics,Delayed,224,12779.2,1,0.82,medium,0.411
SHP-2422,SUP-049,PRD-147,WH-03,Dallas,Canada,Toronto,Canada,2024-10-05,2024-10-10,2024-10-11,1,Rail,BNSF Railway,Delayed,31,3487.5,1,0.17,medium,0.199
SHP-2423,SUP-035,PRD-105,WH-14,Cairo,Kenya,Johannesburg,South Africa,2024-10-11,2024-11-06,2024-11-06,0,Air,DHL,Delivered,126,53676.0,0,0.23,low,0.072
SHP-2424,SUP-018,PRD-053,WH-01,Berlin,Poland,Chicago,United States,2024-07-25,2024-07-31,2024-07-31,0,Air,DHL,Delivered,215,13115.0,0,0.4,low,0.13
SHP-2425,SUP-007,PRD-021,WH-08,Houston,Canada,Amsterdam,Netherlands,2023-05-02,2023-05-06,2023-05-06,0,Road,J.B. Hunt,Delivered,457,63980.0,0,0.6,low,0.188
SHP-2426,SUP-050,PRD-150,WH-01,Sydney,Japan,Chicago,United States,2022-10-28,2022-11-15,2022-11-28,13,Sea,Maersk,Delayed,108,2872.8,1,0.93,high,0.846
SHP-2427,SUP-004,PRD-010,WH-06,Toronto,United States,Paris,France,2022-10-25,2022-10-30,2022-10-30,0,Road,DB Schenker,Delivered,403,37519.3,0,0.13,low,0.041
SHP-2428,SUP-035,PRD-103,WH-08,Nairobi,Kenya,Amsterdam,Netherlands,2023-10-26,2023-11-21,2023-11-21,0,Sea,MSC,Delivered,424,27814.4,0,0.1,low,0.033
SHP-2429,SUP-040,PRD-118,WH-05,Warsaw,United Kingdom,Berlin,Germany,2024-12-17,2024-12-27,2024-12-27,0,Air,DHL,In Transit,105,18900.0,0,0.78,low,0.245
SHP-2430,SUP-041,PRD-123,WH-12,Ho Chi Minh City,India,Singapore,Singapore,2023-06-14,2023-07-03,2023-07-03,0,Sea,MSC,Delivered,90,5940.0,0,0.27,low,0.084
SHP-2431,SUP-023,PRD-068,WH-14,Shanghai,India,Johannesburg,South Africa,2024-05-03,2024-05-26,2024-05-26,0,Sea,MSC,Delivered,245,11515.0,0,0.4,low,0.13
SHP-2432,SUP-044,PRD-131,WH-08,Lagos,Nigeria,Amsterdam,Netherlands,2024-01-11,2024-02-01,2024-02-01,0,Sea,MSC,Delivered,260,416.0,0,0.2,low,0.064
SHP-2433,SUP-039,PRD-116,WH-01,Vancouver,Mexico,Chicago,United States,2022-01-08,2022-01-13,2022-01-13,0,Sea,MSC,Delivered,265,25493.0,0,0.49,low,0.155
SHP-2434,SUP-005,PRD-014,WH-06,London,Italy,Paris,France,2024-11-18,2024-11-24,2024-11-24,0,Sea,Maersk,Delivered,299,14531.4,0,0.14,low,0.046
SHP-2435,SUP-031,PRD-093,WH-01,Toronto,United States,Chicago,United States,2024-11-15,2024-11-19,2024-11-19,0,Sea,CMA CGM,Delivered,56,403.2,0,0.86,low,0.273
SHP-2436,SUP-030,PRD-089,WH-13,Singapore,Japan,Tokyo,Japan,2022-11-03,2022-11-21,2022-11-21,0,Air,FedEx,Delivered,393,18864.0,0,0.87,low,0.274
SHP-2437,SUP-040,PRD-120,WH-05,Amsterdam,United Kingdom,Berlin,Germany,2022-06-02,2022-06-12,2022-06-12,0,Sea,MSC,Delivered,465,34689.0,0,0.82,low,0.257
SHP-2438,SUP-029,PRD-087,WH-10,Buenos Aires,Colombia,Bogotá,Colombia,2024-08-12,2024-08-22,2024-08-23,1,Air,FedEx,Delayed,88,30712.0,1,0.52,medium,0.311
SHP-2439,SUP-029,PRD-085,WH-03,Bogotá,Colombia,Toronto,Canada,2022-06-20,2022-06-30,2022-06-30,0,Air,Emirates SkyCargo,Delivered,63,16380.0,0,0.64,low,0.202
SHP-2440,SUP-040,PRD-120,WH-01,Berlin,United Kingdom,Chicago,United States,2024-12-05,2024-12-15,2025-01-02,18,Air,Emirates SkyCargo,Delayed,419,156287.0,1,0.87,high,0.822
SHP-2441,SUP-031,PRD-092,WH-02,New York,United States,Los Angeles,United States,2022-12-16,2022-12-20,2022-12-24,4,Rail,Union Pacific,Delayed,443,21264.0,1,0.74,medium,0.517
SHP-2442,SUP-024,PRD-070,WH-02,Sydney,Indonesia,Los Angeles,United States,2024-02-03,2024-02-25,2024-02-29,4,Rail,Union Pacific,Delayed,62,6138.0,1,0.85,medium,0.553
SHP-2443,SUP-026,PRD-076,WH-15,Johannesburg,South Africa,Lagos,Nigeria,2023-10-27,2023-11-17,2023-11-19,2,Sea,CMA CGM,Delayed,110,1034.0,1,0.35,medium,0.301
SHP-2444,SUP-005,PRD-013,WH-02,Madrid,Italy,Los Angeles,United States,2024-10-23,2024-10-29,2024-10-29,0,Air,DHL,Delivered,26,3380.0,0,0.35,low,0.109
SHP-2445,SUP-015,PRD-045,WH-04,Stockholm,Germany,Houston,United States,2024-08-27,2024-09-02,2024-09-10,8,Rail,BNSF Railway,Delayed,137,8494.0,1,0.91,high,0.755
SHP-2446,SUP-033,PRD-098,WH-07,Vancouver,Mexico,London,United Kingdom,2022-11-05,2022-11-09,2022-11-09,0,Road,J.B. Hunt,Delivered,410,27552.0,0,0.57,low,0.179
SHP-2447,SUP-046,PRD-138,WH-01,Shanghai,India,Chicago,United States,2023-10-12,2023-11-01,2023-11-01,0,Air,FedEx,Delivered,40,19000.0,0,0.33,low,0.102
SHP-2448,SUP-047,PRD-140,WH-02,Houston,United States,Los Angeles,United States,2023-05-04,2023-05-11,2023-05-11,0,Road,XPO Logistics,Delivered,464,33292.0,0,0.18,low,0.055
SHP-2449,SUP-033,PRD-098,WH-07,Vancouver,Mexico,London,United Kingdom,2024-02-16,2024-02-20,2024-02-20,0,Rail,DB Cargo,Delivered,448,21504.0,0,0.51,low,0.161
SHP-2450,SUP-027,PRD-080,WH-06,Milan,Germany,Paris,France,2023-09-09,2023-09-19,2023-09-20,1,Sea,CMA CGM,Delayed,220,10384.0,1,0.5,medium,0.302
SHP-2451,SUP-007,PRD-020,WH-09,Chicago,Canada,São Paulo,Brazil,2024-11-21,2024-11-25,2024-12-04,9,Road,J.B. Hunt,Delayed,225,11812.5,1,0.4,high,0.633
SHP-2452,SUP-050,PRD-148,WH-04,Singapore,Japan,Houston,United States,2023-06-08,2023-06-26,2023-07-02,6,Air,FedEx,Delayed,211,13926.0,1,0.88,high,0.651
SHP-2453,SUP-026,PRD-076,WH-13,Accra,South Africa,Tokyo,Japan,2022-10-23,2022-11-13,2022-11-13,0,Rail,BNSF Railway,Delivered,210,2467.5,0,0.59,low,0.183
SHP-2454,SUP-007,PRD-021,WH-09,Dallas,Canada,São Paulo,Brazil,2024-05-18,2024-05-22,2024-05-22,0,Road,J.B. Hunt,Delivered,184,25760.0,0,0.53,low,0.167
SHP-2455,SUP-015,PRD-043,WH-08,Stockholm,Germany,Amsterdam,Netherlands,2024-10-02,2024-10-08,2024-10-08,0,Road,J.B. Hunt,Delivered,160,9072.0,0,0.86,low,0.28
SHP-2456,SUP-039,PRD-115,WH-01,Toronto,Mexico,Chicago,United States,2022-10-30,2022-11-04,2022-11-04,0,Sea,Maersk,Delivered,197,3152.0,0,0.53,low,0.167
SHP-2457,SUP-037,PRD-111,WH-07,Berlin,Germany,London,United Kingdom,2023-11-17,2023-11-26,2023-11-26,0,Road,J.B. Hunt,Delivered,284,12226.2,0,0.91,low,0.293
SHP-2458,SUP-036,PRD-108,WH-15,Accra,Kenya,Lagos,Nigeria,2022-10-16,2022-11-05,2022-11-05,0,Road,DB Schenker,Delivered,369,48302.1,0,0.73,low,0.24
SHP-2459,SUP-049,PRD-147,WH-09,Vancouver,Canada,São Paulo,Brazil,2023-09-17,2023-09-22,2023-09-22,0,Road,DB Schenker,Delivered,73,11497.5,0,0.19,low,0.06
SHP-2460,SUP-040,PRD-119,WH-04,London,United Kingdom,Houston,United States,2022-06-15,2022-06-25,2022-06-26,1,Air,FedEx,Delayed,196,64484.0,1,0.89,medium,0.423
SHP-2461,SUP-044,PRD-130,WH-12,Cairo,Nigeria,Singapore,Singapore,2024-05-26,2024-06-16,2024-06-16,0,Sea,MSC,Delivered,321,31072.8,0,0.35,low,0.109
SHP-2462,SUP-039,PRD-116,WH-05,New York,Mexico,Berlin,Germany,2023-08-24,2023-08-29,2023-08-29,0,Road,DB Schenker,Delivered,55,9259.25,0,0.42,low,0.134
SHP-2463,SUP-001,PRD-001,WH-05,Accra,Nigeria,Berlin,Germany,2023-03-13,2023-04-08,2023-04-08,0,Air,FedEx,Delivered,328,77736.0,0,0.48,low,0.154
SHP-2464,SUP-048,PRD-143,WH-03,São Paulo,Peru,Toronto,Canada,2022-12-20,2023-01-03,2023-01-04,1,Sea,CMA CGM,Delayed,166,16068.8,1,0.29,medium,0.232
SHP-2465,SUP-036,PRD-108,WH-06,Cairo,Kenya,Paris,France,2023-12-17,2024-01-06,2024-01-23,17,Sea,CMA CGM,Delayed,431,32238.8,1,0.77,high,0.802
SHP-2466,SUP-048,PRD-142,WH-01,São Paulo,Peru,Chicago,United States,2023-11-20,2023-12-04,2023-12-04,0,Air,FedEx,Delivered,138,37674.0,0,0.08,low,0.024
SHP-2467,SUP-003,PRD-007,WH-07,Milan,Italy,London,United Kingdom,2022-10-27,2022-11-01,2022-11-01,0,Road,J.B. Hunt,Delivered,386,50797.6,0,0.28,low,0.087
SHP-2468,SUP-037,PRD-109,WH-14,Warsaw,Germany,Johannesburg,South Africa,2022-11-28,2022-12-07,2022-12-11,4,Sea,Maersk,Delayed,429,4375.8,1,0.89,medium,0.567
SHP-2469,SUP-012,PRD-036,WH-06,Amsterdam,Spain,Paris,France,2022-01-30,2022-02-06,2022-02-06,0,Road,DB Schenker,Delivered,296,32530.4,0,0.58,low,0.18
SHP-2470,SUP-005,PRD-014,WH-03,Paris,Italy,Toronto,Canada,2023-10-16,2023-10-22,2023-10-22,0,Sea,CMA CGM,Delivered,461,22404.6,0,0.2,low,0.064
SHP-2471,SUP-038,PRD-113,WH-11,Houston,Canada,Santiago,Chile,2023-12-26,2023-12-29,2023-12-29,0,Road,DB Schenker,Delivered,60,9597.0,0,0.21,low,0.065
SHP-2472,SUP-003,PRD-007,WH-14,London,Italy,Johannesburg,South Africa,2023-11-25,2023-11-30,2023-11-30,0,Rail,BNSF Railway,Delivered,287,26978.0,0,0.26,low,0.081
SHP-2473,SUP-030,PRD-089,WH-12,Jakarta,Japan,Singapore,Singapore,2023-07-13,2023-07-31,2023-07-31,0,Road,XPO Logistics,Delivered,294,4939.2,0,0.8,low,0.253
SHP-2474,SUP-014,PRD-042,WH-06,Bogotá,Brazil,Paris,France,2024-07-08,2024-07-24,2024-07-24,0,Air,DHL,Delivered,362,140456.0,0,0.12,low,0.038
SHP-2475,SUP-046,PRD-136,WH-15,Tokyo,India,Lagos,Nigeria,2022-12-10,2022-12-30,2022-12-30,0,Air,DHL,Delivered,126,3024.0,0,0.31,low,0.096
SHP-2476,SUP-030,PRD-090,WH-14,Ho Chi Minh City,Japan,Johannesburg,South Africa,2022-09-17,2022-10-05,2022-10-05,0,Sea,Maersk,Delivered,238,19801.6,0,0.93,low,0.292
SHP-2477,SUP-048,PRD-144,WH-03,Buenos Aires,Peru,Toronto,Canada,2023-12-13,2023-12-27,2023-12-27,0,Road,XPO Logistics,Delivered,23,2576.0,0,0.2,low,0.06
SHP-2478,SUP-036,PRD-107,WH-06,Nairobi,Kenya,Paris,France,2024-06-15,2024-07-05,2024-07-05,0,Air,Emirates SkyCargo,Cancelled,136,4760.0,0,0.9,low,0.291
SHP-2479,SUP-023,PRD-069,WH-04,Jakarta,India,Houston,United States,2023-10-07,2023-10-30,2023-10-30,0,Air,FedEx,Delivered,275,118250.0,0,0.54,low,0.172
SHP-2480,SUP-004,PRD-010,WH-09,New York,United States,São Paulo,Brazil,2023-03-13,2023-03-18,2023-03-18,0,Road,XPO Logistics,Delivered,51,4748.1,0,0.33,low,0.101
SHP-2481,SUP-035,PRD-103,WH-05,Lagos,Kenya,Berlin,Germany,2023-12-07,2024-01-02,2024-01-02,0,Road,XPO Logistics,Delivered,179,20549.2,0,0.26,low,0.081
SHP-2482,SUP-022,PRD-064,WH-11,Bogotá,Chile,Santiago,Chile,2023-12-02,2023-12-20,2023-12-20,0,Rail,BNSF Railway,Delivered,329,37341.5,0,0.27,low,0.084
SHP-2483,SUP-048,PRD-144,WH-01,Lima,Peru,Chicago,United States,2024-07-10,2024-07-24,2024-07-24,0,Road,DB Schenker,Delivered,73,8176.0,0,0.08,low,0.024
SHP-2484,SUP-036,PRD-108,WH-15,Nairobi,Kenya,Lagos,Nigeria,2024-05-12,2024-06-01,2024-06-01,0,Sea,Maersk,Delivered,290,21692.0,0,0.77,low,0.252
SHP-2485,SUP-027,PRD-080,WH-15,Berlin,Germany,Lagos,Nigeria,2023-09-01,2023-09-11,2023-09-14,3,Road,J.B. Hunt,Delayed,363,29983.8,1,0.48,medium,0.386
SHP-2486,SUP-050,PRD-148,WH-02,Seoul,Japan,Los Angeles,United States,2023-01-01,2023-01-19,2023-01-27,8,Sea,MSC,Delayed,293,3867.6,1,0.79,high,0.714
SHP-2487,SUP-047,PRD-140,WH-01,Chicago,United States,Chicago,United States,2024-05-16,2024-05-23,2024-05-23,0,Road,DB Schenker,Delivered,318,22816.5,0,0.3,low,0.091
SHP-2488,SUP-047,PRD-140,WH-03,Dallas,United States,Toronto,Canada,2023-10-21,2023-10-28,2023-10-28,0,Sea,Maersk,Delivered,63,2583.0,0,0.09,low,0.028
SHP-2489,SUP-049,PRD-145,WH-04,Houston,Canada,Houston,United States,2024-11-13,2024-11-18,2024-11-19,1,Road,J.B. Hunt,Delayed,275,6160.0,1,0.08,medium,0.172
SHP-2490,SUP-030,PRD-088,WH-02,Mumbai,Japan,Los Angeles,United States,2023-12-30,2024-01-17,2024-01-23,6,Rail,DB Cargo,Delayed,39,1170.0,1,0.81,high,0.626
SHP-2491,SUP-002,PRD-004,WH-08,Lagos,Ghana,Amsterdam,Netherlands,2023-02-28,2023-03-27,2023-03-27,0,Air,FedEx,Delivered,254,3302.0,0,0.36,low,0.118
SHP-2492,SUP-044,PRD-132,WH-13,Cairo,Nigeria,Tokyo,Japan,2022-12-06,2022-12-27,2022-12-27,0,Sea,MSC,Delivered,494,33196.8,0,0.16,low,0.052
SHP-2493,SUP-043,PRD-128,WH-04,Singapore,Australia,Houston,United States,2023-08-29,2023-09-17,2023-09-17,0,Sea,CMA CGM,Delivered,311,27057.0,0,0.16,low,0.051
SHP-2494,SUP-029,PRD-085,WH-03,Bogotá,Colombia,Toronto,Canada,2023-05-07,2023-05-17,2023-05-19,2,Road,DB Schenker,Delayed,78,7098.0,1,0.44,medium,0.332
SHP-2495,SUP-029,PRD-086,WH-10,Lima,Colombia,Bogotá,Colombia,2023-04-05,2023-04-15,2023-04-15,0,Road,XPO Logistics,Delivered,398,14347.9,0,0.61,low,0.193
SHP-2496,SUP-029,PRD-085,WH-09,Santiago,Colombia,São Paulo,Brazil,2024-12-20,2024-12-30,2024-12-30,0,Sea,Maersk,In Transit,221,11492.0,0,0.55,low,0.175
SHP-2497,SUP-009,PRD-025,WH-15,London,Poland,Lagos,Nigeria,2022-07-09,2022-07-19,2022-07-19,0,Sea,CMA CGM,Delivered,171,7353.0,0,0.45,low,0.141
SHP-2498,SUP-006,PRD-016,WH-09,Buenos Aires,Peru,São Paulo,Brazil,2024-08-27,2024-09-13,2024-09-13,0,Sea,Maersk,Delivered,282,4286.4,0,0.87,low,0.273
SHP-2499,SUP-040,PRD-118,WH-01,Berlin,United Kingdom,Chicago,United States,2023-01-22,2023-02-01,2023-02-14,13,Rail,DB Cargo,Delayed,397,17865.0,1,0.95,high,0.846
SHP-2500,SUP-024,PRD-070,WH-01,Mumbai,Indonesia,Chicago,United States,2024-10-19,2024-11-10,2024-11-11,1,Road,XPO Logistics,Delayed,205,28413.0,1,0.87,medium,0.424
SHP-2501,SUP-046,PRD-136,WH-04,Singapore,India,Houston,United States,2023-10-12,2023-11-01,2023-11-01,0,Air,DHL,Delivered,164,3936.0,0,0.33,low,0.102
SHP-2502,SUP-036,PRD-108,WH-07,Johannesburg,Kenya,London,United Kingdom,2022-10-07,2022-10-27,2022-10-27,0,Rail,Union Pacific,Delivered,174,16269.0,0,0.77,low,0.252
SHP-2503,SUP-008,PRD-024,WH-07,Los Angeles,Mexico,London,United Kingdom,2023-12-24,2023-12-29,2023-12-29,0,Sea,CMA CGM,Delivered,383,34776.4,0,0.16,low,0.049
SHP-2504,SUP-006,PRD-016,WH-01,Lima,Peru,Chicago,United States,2024-06-04,2024-06-21,2024-06-21,0,Sea,Maersk,Delivered,272,4134.4,0,0.72,low,0.228
SHP-2505,SUP-011,PRD-031,WH-10,Buenos Aires,Brazil,Bogotá,Colombia,2022-02-23,2022-03-06,2022-03-06,0,Road,J.B. Hunt,Delivered,124,10285.8,0,0.5,low,0.16
SHP-2506,SUP-020,PRD-058,WH-13,Ho Chi Minh City,Singapore,Tokyo,Japan,2023-09-18,2023-10-16,2023-10-16,0,Sea,CMA CGM,Delivered,45,3393.0,0,0.22,low,0.07
SHP-2507,SUP-045,PRD-135,WH-06,Warsaw,Poland,Paris,France,2024-04-24,2024-05-06,2024-05-06,0,Air,Emirates SkyCargo,Delivered,75,17475.0,0,0.25,low,0.079
SHP-2508,SUP-042,PRD-124,WH-06,Buenos Aires,Peru,Paris,France,2022-05-24,2022-06-06,2022-06-07,1,Road,J.B. Hunt,Delayed,125,14175.0,1,0.38,medium,0.269
SHP-2509,SUP-013,PRD-037,WH-14,Sydney,Singapore,Johannesburg,South Africa,2023-12-28,2024-01-17,2024-01-17,0,Air,FedEx,Delivered,63,18963.0,0,0.05,low,0.017
SHP-2510,SUP-045,PRD-133,WH-14,Paris,Poland,Johannesburg,South Africa,2022-08-24,2022-09-05,2022-09-05,0,Sea,Maersk,Delivered,184,2024.0,0,0.29,low,0.091
SHP-2511,SUP-003,PRD-007,WH-08,Amsterdam,Italy,Amsterdam,Netherlands,2022-11-22,2022-11-27,2022-11-29,2,Sea,MSC,Delayed,323,24289.6,1,0.16,medium,0.241
SHP-2512,SUP-003,PRD-008,WH-06,Madrid,Italy,Paris,France,2024-11-29,2024-12-04,2024-12-04,0,Sea,Maersk,Delivered,443,35617.2,0,0.26,low,0.081
SHP-2513,SUP-035,PRD-104,WH-05,Nairobi,Kenya,Berlin,Germany,2022-11-25,2022-12-21,2022-12-21,0,Air,DHL,Delivered,447,75990.0,0,0.11,low,0.036
SHP-2514,SUP-037,PRD-111,WH-14,Paris,Germany,Johannesburg,South Africa,2022-07-10,2022-07-19,2022-07-19,0,Road,DB Schenker,Delivered,414,17822.7,0,0.92,low,0.296
SHP-2515,SUP-034,PRD-100,WH-06,Accra,South Africa,Paris,France,2024-02-16,2024-03-14,2024-03-17,3,Air,FedEx,Delayed,324,133164.0,1,0.83,medium,0.496
SHP-2516,SUP-031,PRD-093,WH-11,Dallas,United States,Santiago,Chile,2023-05-18,2023-05-22,2023-06-01,10,Sea,Maersk,Delayed,272,1958.4,1,0.68,high,0.769
SHP-2517,SUP-047,PRD-140,WH-06,Chicago,United States,Paris,France,2022-02-24,2022-03-03,2022-03-03,0,Air,Emirates SkyCargo,Delivered,44,9020.0,0,0.22,low,0.067
SHP-2518,SUP-017,PRD-049,WH-05,Lagos,Egypt,Berlin,Germany,2022-11-11,2022-12-13,2022-12-13,0,Road,DB Schenker,Delivered,166,13072.5,0,0.31,low,0.094
SHP-2519,SUP-040,PRD-120,WH-14,Amsterdam,United Kingdom,Johannesburg,South Africa,2022-12-17,2022-12-27,2022-12-29,2,Road,DB Schenker,Delayed,115,15013.25,1,0.69,medium,0.408
SHP-2520,SUP-026,PRD-078,WH-05,Nairobi,South Africa,Berlin,Germany,2023-11-23,2023-12-14,2023-12-14,0,Sea,Maersk,Delivered,128,2252.8,0,0.54,low,0.168
SHP-2521,SUP-010,PRD-030,WH-11,Chicago,Mexico,Santiago,Chile,2023-03-16,2023-03-19,2023-03-19,0,Air,DHL,Delivered,239,29636.0,0,0.2,low,0.061
SHP-2522,SUP-041,PRD-121,WH-15,Mumbai,India,Lagos,Nigeria,2024-03-22,2024-04-10,2024-04-10,0,Air,DHL,Delivered,292,131984.0,0,0.06,low,0.021
SHP-2523,SUP-022,PRD-066,WH-01,Santiago,Chile,Chicago,United States,2023-06-07,2023-06-25,2023-06-25,0,Sea,MSC,Delivered,284,17778.4,0,0.18,low,0.057
SHP-2524,SUP-036,PRD-108,WH-07,Johannesburg,Kenya,London,United Kingdom,2022-10-02,2022-10-22,2022-10-23,1,Rail,BNSF Railway,Delayed,246,23001.0,1,0.79,medium,0.403
SHP-2525,SUP-004,PRD-010,WH-09,New York,United States,São Paulo,Brazil,2024-11-17,2024-11-22,2024-11-22,0,Sea,Maersk,Delivered,403,21439.6,0,0.28,low,0.086
SHP-2526,SUP-022,PRD-064,WH-03,Santiago,Chile,Toronto,Canada,2023-01-01,2023-01-19,2023-01-19,0,Road,J.B. Hunt,Delivered,214,34004.6,0,0.32,low,0.099
SHP-2527,SUP-007,PRD-020,WH-06,Dallas,Canada,Paris,France,2023-10-28,2023-11-01,2023-11-02,1,Air,Emirates SkyCargo,Delayed,105,15750.0,1,0.47,medium,0.294
SHP-2528,SUP-050,PRD-148,WH-04,Jakarta,Japan,Houston,United States,2023-11-27,2023-12-15,2023-12-15,0,Rail,Union Pacific,Delivered,109,1798.5,0,0.87,low,0.278
SHP-2529,SUP-038,PRD-112,WH-11,Atlanta,Canada,Santiago,Chile,2023-04-20,2023-04-23,2023-04-24,1,Air,FedEx,Delayed,469,41272.0,1,0.29,medium,0.234
SHP-2530,SUP-023,PRD-069,WH-04,Ho Chi Minh City,India,Houston,United States,2023-11-24,2023-12-17,2023-12-17,0,Sea,MSC,Delivered,423,36378.0,0,0.48,low,0.154
SHP-2531,SUP-001,PRD-001,WH-14,Johannesburg,Nigeria,Johannesburg,South Africa,2022-07-09,2022-08-04,2022-08-15,11,Air,DHL,Delayed,132,31284.0,1,0.64,high,0.752
SHP-2532,SUP-030,PRD-090,WH-15,Ho Chi Minh City,Japan,Lagos,Nigeria,2022-09-15,2022-10-03,2022-10-03,0,Road,J.B. Hunt,Delivered,466,67849.6,0,0.89,low,0.28
SHP-2533,SUP-030,PRD-090,WH-02,Jakarta,Japan,Los Angeles,United States,2022-04-24,2022-05-12,2022-05-19,7,Rail,BNSF Railway,Delayed,119,12376.0,1,0.73,high,0.647
SHP-2534,SUP-049,PRD-147,WH-07,Los Angeles,Canada,London,United Kingdom,2024-04-12,2024-04-17,2024-04-17,0,Air,DHL,Delivered,55,24750.0,0,0.11,low,0.036
SHP-2535,SUP-047,PRD-140,WH-01,Houston,United States,Chicago,United States,2023-07-18,2023-07-25,2023-07-25,0,Road,XPO Logistics,Delivered,466,33435.5,0,0.27,low,0.082
SHP-2536,SUP-036,PRD-107,WH-14,Johannesburg,Kenya,Johannesburg,South Africa,2023-12-11,2023-12-31,2024-01-06,6,Air,DHL,Delayed,324,11340.0,1,0.94,high,0.673
SHP-2537,SUP-022,PRD-065,WH-07,Santiago,Chile,London,United Kingdom,2024-05-26,2024-06-13,2024-06-13,0,Road,J.B. Hunt,Delivered,404,43975.4,0,0.26,low,0.081
SHP-2538,SUP-048,PRD-144,WH-03,Santiago,Peru,Toronto,Canada,2022-09-25,2022-10-09,2022-10-10,1,Air,FedEx,Delayed,496,158720.0,1,0.27,medium,0.226
SHP-2539,SUP-049,PRD-145,WH-08,Vancouver,Canada,Amsterdam,Netherlands,2023-02-24,2023-03-01,2023-03-01,0,Road,DB Schenker,Delivered,376,8422.4,0,0.28,low,0.087
SHP-2540,SUP-042,PRD-124,WH-01,Bogotá,Peru,Chicago,United States,2022-08-29,2022-09-11,2022-09-11,0,Road,XPO Logistics,Delivered,236,26762.4,0,0.43,low,0.139
SHP-2541,SUP-049,PRD-147,WH-07,Vancouver,Canada,London,United Kingdom,2022-07-06,2022-07-11,2022-07-11,0,Air,DHL,Delivered,247,111150.0,0,0.05,low,0.018
SHP-2542,SUP-040,PRD-118,WH-07,Madrid,United Kingdom,London,United Kingdom,2023-11-23,2023-12-03,2023-12-24,21,Sea,MSC,Delayed,467,16812.0,1,0.95,high,0.846
SHP-2543,SUP-041,PRD-122,WH-03,Tokyo,India,Toronto,Canada,2024-12-28,2025-01-16,2025-01-16,0,Air,Emirates SkyCargo,In Transit,199,63481.0,0,0.28,low,0.087
SHP-2544,SUP-040,PRD-118,WH-08,Milan,United Kingdom,Amsterdam,Netherlands,2022-12-13,2022-12-23,2022-12-23,0,Road,DB Schenker,Delivered,357,22491.0,0,0.8,low,0.251
SHP-2545,SUP-040,PRD-118,WH-08,Berlin,United Kingdom,Amsterdam,Netherlands,2022-10-11,2022-10-21,2022-10-23,2,Sea,CMA CGM,Delayed,261,9396.0,1,0.68,medium,0.405
SHP-2546,SUP-008,PRD-023,WH-06,Toronto,Mexico,Paris,France,2022-05-13,2022-05-18,2022-05-18,0,Rail,DB Cargo,Delivered,365,7573.75,0,0.32,low,0.097
SHP-2547,SUP-042,PRD-125,WH-10,São Paulo,Peru,Bogotá,Colombia,2024-09-25,2024-10-08,2024-10-21,13,Air,FedEx,Delayed,497,33299.0,1,0.47,high,0.701
SHP-2548,SUP-022,PRD-065,WH-08,São Paulo,Chile,Amsterdam,Netherlands,2022-07-31,2022-08-18,2022-08-18,0,Sea,CMA CGM,Delivered,254,15798.8,0,0.16,low,0.051
SHP-2549,SUP-025,PRD-073,WH-02,Santiago,Brazil,Los Angeles,United States,2023-03-12,2023-03-24,2023-03-24,0,Rail,BNSF Railway,Delivered,411,42333.0,0,0.75,low,0.236
SHP-2550,SUP-048,PRD-142,WH-01,Santiago,Peru,Chicago,United States,2024-09-15,2024-09-29,2024-09-29,0,Road,J.B. Hunt,Delivered,273,26085.15,0,0.19,low,0.057
SHP-2551,SUP-005,PRD-014,WH-14,Paris,Italy,Johannesburg,South Africa,2022-10-29,2022-11-04,2022-11-04,0,Air,DHL,Delivered,100,24300.0,0,0.08,low,0.028
SHP-2552,SUP-045,PRD-135,WH-14,Berlin,Poland,Johannesburg,South Africa,2022-12-01,2022-12-13,2022-12-13,0,Sea,CMA CGM,Delivered,319,14865.4,0,0.07,low,0.025
SHP-2553,SUP-032,PRD-096,WH-12,Cairo,Kenya,Singapore,Singapore,2023-11-28,2024-01-01,2024-01-01,0,Air,DHL,Delivered,444,107892.0,0,0.52,low,0.166
SHP-2554,SUP-029,PRD-086,WH-10,Santiago,Colombia,Bogotá,Colombia,2023-09-22,2023-10-02,2023-10-02,0,Sea,Maersk,Delivered,413,8507.8,0,0.57,low,0.181
SHP-2555,SUP-002,PRD-004,WH-13,Johannesburg,Ghana,Tokyo,Japan,2022-02-13,2022-03-12,2022-03-12,0,Sea,Maersk,Delivered,290,754.0,0,0.54,low,0.172
SHP-2556,SUP-050,PRD-150,WH-14,Sydney,Japan,Johannesburg,South Africa,2023-12-02,2023-12-20,2024-01-04,15,Air,FedEx,Delayed,324,43092.0,1,0.7,high,0.777
SHP-2557,SUP-047,PRD-141,WH-11,Vancouver,United States,Santiago,Chile,2023-09-16,2023-09-23,2023-09-23,0,Rail,DB Cargo,Delivered,335,18676.25,0,0.17,low,0.052
SHP-2558,SUP-006,PRD-017,WH-02,Bogotá,Peru,Los Angeles,United States,2023-11-28,2023-12-15,2023-12-19,4,Sea,CMA CGM,Delayed,161,6697.6,1,0.68,medium,0.496
SHP-2559,SUP-043,PRD-129,WH-01,Tokyo,Australia,Chicago,United States,2024-07-03,2024-07-22,2024-07-22,0,Sea,MSC,Delivered,21,1583.4,0,0.31,low,0.096
SHP-2560,SUP-004,PRD-010,WH-09,New York,United States,São Paulo,Brazil,2022-09-29,2022-10-04,2022-10-05,1,Air,Emirates SkyCargo,Delayed,135,35910.0,1,0.07,medium,0.168
SHP-2561,SUP-011,PRD-033,WH-04,Bogotá,Brazil,Houston,United States,2023-12-09,2023-12-20,2023-12-27,7,Rail,DB Cargo,Delayed,143,12834.25,1,0.35,high,0.53
SHP-2562,SUP-049,PRD-145,WH-05,Atlanta,Canada,Berlin,Germany,2022-03-22,2022-03-27,2022-03-27,0,Air,Emirates SkyCargo,Delivered,195,12480.0,0,0.09,low,0.03
SHP-2563,SUP-013,PRD-038,WH-15,Sydney,Singapore,Lagos,Nigeria,2024-09-07,2024-09-27,2024-09-27,0,Road,XPO Logistics,Delivered,266,20016.5,0,0.28,low,0.086
SHP-2564,SUP-041,PRD-123,WH-12,Shanghai,India,Singapore,Singapore,2024-01-04,2024-01-23,2024-01-23,0,Sea,MSC,Delivered,327,21582.0,0,0.33,low,0.102
SHP-2565,SUP-017,PRD-049,WH-13,Cairo,Egypt,Tokyo,Japan,2023-10-05,2023-11-06,2023-11-06,0,Sea,MSC,Delivered,101,4545.0,0,0.28,low,0.085
SHP-2566,SUP-039,PRD-115,WH-05,Toronto,Mexico,Berlin,Germany,2023-03-25,2023-03-30,2023-03-31,1,Road,XPO Logistics,Delayed,38,1064.0,1,0.42,medium,0.279
SHP-2567,SUP-020,PRD-060,WH-15,Shanghai,Singapore,Lagos,Nigeria,2022-01-15,2022-02-12,2022-02-12,0,Air,DHL,Delivered,148,8584.0,0,0.33,low,0.103
SHP-2568,SUP-003,PRD-007,WH-04,Berlin,Italy,Houston,United States,2022-10-22,2022-10-27,2022-10-27,0,Road,J.B. Hunt,Delivered,127,16713.2,0,0.21,low,0.066
SHP-2569,SUP-029,PRD-086,WH-08,São Paulo,Colombia,Amsterdam,Netherlands,2022-09-19,2022-09-29,2022-09-29,0,Sea,Maersk,Delivered,157,3234.2,0,0.49,low,0.157
SHP-2570,SUP-034,PRD-100,WH-08,Johannesburg,South Africa,Amsterdam,Netherlands,2024-09-04,2024-10-01,2024-10-01,0,Rail,BNSF Railway,Cancelled,217,22296.75,0,0.74,low,0.234
SHP-2571,SUP-048,PRD-143,WH-02,Bogotá,Peru,Los Angeles,United States,2022-10-23,2022-11-06,2022-11-07,1,Road,XPO Logistics,Delayed,257,43535.8,1,0.24,medium,0.217
SHP-2572,SUP-014,PRD-041,WH-02,São Paulo,Brazil,Los Angeles,United States,2023-10-24,2023-11-09,2023-11-10,1,Road,XPO Logistics,Delayed,351,45085.95,1,0.34,medium,0.249
SHP-2573,SUP-043,PRD-128,WH-04,Mumbai,Australia,Houston,United States,2023-06-23,2023-07-12,2023-07-12,0,Rail,DB Cargo,Delivered,345,37518.75,0,0.29,low,0.09
SHP-2574,SUP-004,PRD-010,WH-07,Vancouver,United States,London,United Kingdom,2024-08-17,2024-08-22,2024-08-22,0,Sea,Maersk,Delivered,366,19471.2,0,0.11,low,0.035
SHP-2575,SUP-047,PRD-140,WH-01,Houston,United States,Chicago,United States,2022-12-04,2022-12-11,2022-12-12,1,Road,J.B. Hunt,Delayed,235,16861.25,1,0.34,medium,0.248
SHP-2576,SUP-029,PRD-085,WH-08,São Paulo,Colombia,Amsterdam,Netherlands,2022-09-19,2022-09-29,2022-09-30,1,Rail,BNSF Railway,Delayed,288,18720.0,1,0.47,medium,0.296
SHP-2577,SUP-046,PRD-136,WH-14,Singapore,India,Johannesburg,South Africa,2023-04-03,2023-04-23,2023-04-23,0,Sea,MSC,Delivered,444,2131.2,0,0.22,low,0.069
SHP-2578,SUP-047,PRD-141,WH-11,Houston,United States,Santiago,Chile,2022-10-19,2022-10-26,2022-10-26,0,Sea,CMA CGM,Delivered,65,2899.0,0,0.32,low,0.097
SHP-2579,SUP-001,PRD-001,WH-08,Lagos,Nigeria,Amsterdam,Netherlands,2023-11-06,2023-12-02,2023-12-03,1,Sea,MSC,Delayed,143,6778.2,1,0.62,medium,0.341
SHP-2580,SUP-034,PRD-101,WH-06,Accra,South Africa,Paris,France,2024-11-20,2024-12-17,2024-12-17,0,Sea,MSC,Cancelled,184,17774.4,0,0.89,low,0.279
SHP-2581,SUP-024,PRD-071,WH-04,Sydney,Indonesia,Houston,United States,2023-10-17,2023-11-08,2023-11-09,1,Rail,DB Cargo,Delayed,359,5205.5,1,0.69,medium,0.37
SHP-2582,SUP-035,PRD-103,WH-12,Cairo,Kenya,Singapore,Singapore,2023-03-30,2023-04-25,2023-04-25,0,Sea,MSC,Delivered,356,23353.6,0,0.29,low,0.09
SHP-2583,SUP-018,PRD-054,WH-07,London,Poland,London,United Kingdom,2023-02-23,2023-03-01,2023-03-01,0,Sea,Maersk,Delivered,326,15843.6,0,0.64,low,0.202
SHP-2584,SUP-033,PRD-099,WH-11,Chicago,Mexico,Santiago,Chile,2022-07-16,2022-07-20,2022-07-21,1,Sea,MSC,Delayed,222,15673.2,1,0.57,medium,0.324
SHP-2585,SUP-049,PRD-145,WH-05,Houston,Canada,Berlin,Germany,2022-11-12,2022-11-17,2022-11-17,0,Sea,MSC,Delivered,416,5324.8,0,0.28,low,0.087
SHP-2586,SUP-041,PRD-123,WH-02,Singapore,India,Los Angeles,United States,2024-11-18,2024-12-07,2024-12-07,0,Sea,MSC,Delivered,66,4356.0,0,0.2,low,0.063
SHP-2587,SUP-033,PRD-097,WH-07,Chicago,Mexico,London,United Kingdom,2023-02-10,2023-02-14,2023-02-14,0,Sea,CMA CGM,Delivered,356,33179.2,0,0.55,low,0.173
SHP-2588,SUP-045,PRD-135,WH-06,Berlin,Poland,Paris,France,2023-08-08,2023-08-20,2023-08-20,0,Sea,MSC,Delivered,234,10904.4,0,0.18,low,0.058
SHP-2589,SUP-041,PRD-122,WH-03,Singapore,India,Toronto,Canada,2023-03-14,2023-04-02,2023-04-02,0,Sea,CMA CGM,Delivered,471,30049.8,0,0.07,low,0.024
SHP-2590,SUP-048,PRD-143,WH-11,Lima,Peru,Santiago,Chile,2022-03-03,2022-03-17,2022-03-17,0,Sea,Maersk,Delivered,303,29330.4,0,0.11,low,0.033
SHP-2591,SUP-040,PRD-119,WH-04,Milan,United Kingdom,Houston,United States,2022-07-05,2022-07-15,2022-07-15,0,Sea,MSC,Delivered,160,10528.0,0,0.72,low,0.227
SHP-2592,SUP-022,PRD-065,WH-09,Lima,Chile,São Paulo,Brazil,2024-04-05,2024-04-23,2024-04-23,0,Sea,MSC,Delivered,100,6220.0,0,0.27,low,0.084
SHP-2593,SUP-005,PRD-013,WH-08,Berlin,Italy,Amsterdam,Netherlands,2024-11-13,2024-11-19,2024-11-19,0,Road,J.B. Hunt,Delivered,219,9964.5,0,0.13,low,0.043
SHP-2594,SUP-043,PRD-129,WH-01,Ho Chi Minh City,Australia,Chicago,United States,2023-04-01,2023-04-20,2023-04-20,0,Sea,CMA CGM,Delivered,227,17115.8,0,0.23,low,0.072
SHP-2595,SUP-016,PRD-046,WH-05,Johannesburg,Kenya,Berlin,Germany,2023-12-30,2024-01-23,2024-02-04,12,Air,Emirates SkyCargo,Delayed,299,38870.0,1,0.66,high,0.76
SHP-2596,SUP-027,PRD-080,WH-03,Madrid,Germany,Toronto,Canada,2024-02-21,2024-03-02,2024-03-02,0,Road,XPO Logistics,Delivered,128,10572.8,0,0.49,low,0.154
SHP-2597,SUP-022,PRD-065,WH-02,Santiago,Chile,Los Angeles,United States,2024-05-31,2024-06-18,2024-06-18,0,Road,XPO Logistics,Delivered,238,25906.3,0,0.07,low,0.024
SHP-2598,SUP-016,PRD-046,WH-08,Johannesburg,Kenya,Amsterdam,Netherlands,2023-05-02,2023-05-26,2023-05-26,0,Air,FedEx,Delivered,302,39260.0,0,0.89,low,0.279
SHP-2599,SUP-048,PRD-144,WH-10,Lima,Peru,Bogotá,Colombia,2023-10-11,2023-10-25,2023-10-25,0,Sea,Maersk,Delivered,210,13440.0,0,0.09,low,0.027
SHP-2600,SUP-040,PRD-119,WH-03,Berlin,United Kingdom,Toronto,Canada,2022-07-25,2022-08-04,2022-08-04,0,Road,XPO Logistics,Cancelled,320,36848.0,0,0.75,low,0.236
SHP-2601,SUP-036,PRD-106,WH-14,Johannesburg,Kenya,Johannesburg,South Africa,2023-11-28,2023-12-18,2024-01-10,23,Sea,Maersk,Delayed,217,15624.0,1,0.87,high,0.832
SHP-2602,SUP-045,PRD-133,WH-15,Madrid,Poland,Lagos,Nigeria,2023-12-26,2024-01-07,2024-01-07,0,Air,FedEx,Delivered,192,10560.0,0,0.09,low,0.031
SHP-2603,SUP-009,PRD-027,WH-15,Amsterdam,Poland,Lagos,Nigeria,2024-04-23,2024-05-03,2024-05-04,1,Road,XPO Logistics,Delayed,267,13083.0,1,0.35,medium,0.256
SHP-2604,SUP-001,PRD-003,WH-07,Accra,Nigeria,London,United Kingdom,2022-10-30,2022-11-25,2022-11-25,0,Air,DHL,Delivered,404,151904.0,0,0.6,low,0.19
SHP-2605,SUP-040,PRD-120,WH-02,Berlin,United Kingdom,Los Angeles,United States,2024-10-01,2024-10-11,2024-10-11,0,Road,XPO Logistics,Delivered,98,12793.9,0,0.94,low,0.293
SHP-2606,SUP-019,PRD-055,WH-11,São Paulo,Peru,Santiago,Chile,2023-02-03,2023-02-16,2023-02-25,9,Air,FedEx,Delayed,41,5822.0,1,0.55,high,0.68
SHP-2607,SUP-019,PRD-056,WH-08,São Paulo,Peru,Amsterdam,Netherlands,2024-08-22,2024-09-04,2024-09-04,0,Sea,Maersk,Delivered,386,11734.4,0,0.48,low,0.154
SHP-2608,SUP-040,PRD-118,WH-03,Warsaw,United Kingdom,Toronto,Canada,2022-11-26,2022-12-06,2022-12-06,0,Air,DHL,Delivered,489,88020.0,0,0.67,low,0.212
SHP-2609,SUP-030,PRD-090,WH-04,Tokyo,Japan,Houston,United States,2024-05-29,2024-06-16,2024-06-16,0,Air,FedEx,Delivered,44,18304.0,0,0.9,low,0.283
SHP-2610,SUP-006,PRD-018,WH-10,São Paulo,Peru,Bogotá,Colombia,2022-09-27,2022-10-14,2022-10-24,10,Road,J.B. Hunt,Delayed,494,72099.3,1,0.72,high,0.778
SHP-2611,SUP-006,PRD-016,WH-03,Bogotá,Peru,Toronto,Canada,2024-11-06,2024-11-23,2024-11-23,0,Rail,DB Cargo,Delivered,239,4541.0,0,0.89,low,0.279
SHP-2612,SUP-019,PRD-055,WH-02,Bogotá,Peru,Los Angeles,United States,2024-05-31,2024-06-13,2024-06-13,0,Road,XPO Logistics,Delivered,453,22514.1,0,0.36,low,0.118
SHP-2613,SUP-042,PRD-126,WH-04,São Paulo,Peru,Houston,United States,2024-04-08,2024-04-21,2024-04-22,1,Air,DHL,Delayed,65,4355.0,1,0.37,medium,0.266
SHP-2614,SUP-005,PRD-013,WH-03,Berlin,Italy,Toronto,Canada,2024-11-28,2024-12-04,2024-12-04,0,Road,XPO Logistics,Delivered,372,16926.0,0,0.32,low,0.1
SHP-2615,SUP-002,PRD-005,WH-07,Cairo,Ghana,London,United Kingdom,2022-03-29,2022-04-25,2022-04-25,0,Sea,MSC,Delivered,484,22070.4,0,0.38,low,0.124
SHP-2616,SUP-004,PRD-012,WH-04,Atlanta,United States,Houston,United States,2024-05-20,2024-05-25,2024-05-25,0,Road,DB Schenker,Delivered,35,5561.5,0,0.3,low,0.092
SHP-2617,SUP-001,PRD-003,WH-08,Accra,Nigeria,Amsterdam,Netherlands,2022-03-13,2022-04-08,2022-04-16,8,Air,FedEx,Delayed,241,90616.0,1,0.53,high,0.629
SHP-2618,SUP-019,PRD-057,WH-07,Lima,Peru,London,United Kingdom,2023-12-15,2023-12-28,2023-12-28,0,Air,FedEx,Delivered,92,2576.0,0,0.53,low,0.169
SHP-2619,SUP-023,PRD-067,WH-03,Seoul,India,Toronto,Canada,2022-02-02,2022-02-25,2022-02-25,0,Rail,BNSF Railway,Delivered,246,16974.0,0,0.62,low,0.196
SHP-2620,SUP-016,PRD-047,WH-06,Accra,Kenya,Paris,France,2023-08-13,2023-09-06,2023-09-06,0,Rail,Union Pacific,Delivered,119,178.5,0,0.66,low,0.21
SHP-2621,SUP-031,PRD-092,WH-05,Toronto,United States,Berlin,Germany,2024-12-10,2024-12-14,2024-12-14,0,Sea,MSC,In Transit,364,13977.6,0,0.86,low,0.273
SHP-2622,SUP-038,PRD-113,WH-07,Chicago,Canada,London,United Kingdom,2022-10-03,2022-10-06,2022-10-06,0,Rail,Union Pacific,Delivered,86,9825.5,0,0.23,low,0.071
SHP-2623,SUP-034,PRD-101,WH-15,Johannesburg,South Africa,Lagos,Nigeria,2024-03-10,2024-04-06,2024-04-06,0,Sea,Maersk,Delivered,177,17098.2,0,0.83,low,0.261
SHP-2624,SUP-011,PRD-032,WH-04,Lima,Brazil,Houston,United States,2024-04-25,2024-05-06,2024-05-07,1,Sea,MSC,Delayed,401,10345.8,1,0.5,medium,0.305
SHP-2625,SUP-047,PRD-140,WH-01,Toronto,United States,Chicago,United States,2022-05-09,2022-05-16,2022-05-16,0,Sea,Maersk,Delivered,125,5125.0,0,0.08,low,0.025
SHP-2626,SUP-013,PRD-038,WH-01,Ho Chi Minh City,Singapore,Chicago,United States,2023-01-03,2023-01-23,2023-01-23,0,Air,Emirates SkyCargo,Delivered,219,47085.0,0,0.3,low,0.092
SHP-2627,SUP-001,PRD-003,WH-08,Accra,Nigeria,Amsterdam,Netherlands,2023-09-25,2023-10-21,2023-10-21,0,Sea,Maersk,Delivered,205,15416.0,0,0.64,low,0.202
SHP-2628,SUP-005,PRD-014,WH-07,Berlin,Italy,London,United Kingdom,2024-01-08,2024-01-14,2024-01-14,0,Sea,Maersk,Delivered,116,5637.6,0,0.27,low,0.085
SHP-2629,SUP-038,PRD-113,WH-10,Dallas,Canada,Bogotá,Colombia,2022-02-04,2022-02-07,2022-02-07,0,Road,DB Schenker,Delivered,359,57422.05,0,0.09,low,0.029
SHP-2630,SUP-013,PRD-037,WH-13,Shanghai,Singapore,Tokyo,Japan,2022-06-24,2022-07-14,2022-07-14,0,Sea,MSC,Delivered,475,28595.0,0,0.27,low,0.083
SHP-2631,SUP-049,PRD-145,WH-09,Los Angeles,Canada,São Paulo,Brazil,2023-07-30,2023-08-04,2023-08-04,0,Sea,MSC,Delivered,282,3609.6,0,0.12,low,0.039
SHP-2632,SUP-047,PRD-139,WH-08,Vancouver,United States,Amsterdam,Netherlands,2024-09-13,2024-09-20,2024-09-20,0,Road,DB Schenker,Delivered,43,1173.9,0,0.28,low,0.085
SHP-2633,SUP-009,PRD-025,WH-03,London,Poland,Toronto,Canada,2023-12-19,2023-12-29,2023-12-29,0,Rail,BNSF Railway,Delivered,61,3278.75,0,0.5,low,0.156
SHP-2634,SUP-045,PRD-133,WH-05,Warsaw,Poland,Berlin,Germany,2022-11-05,2022-11-17,2022-11-17,0,Air,FedEx,Delivered,196,10780.0,0,0.35,low,0.109
SHP-2635,SUP-038,PRD-114,WH-11,Houston,Canada,Santiago,Chile,2023-11-12,2023-11-15,2023-11-15,0,Sea,MSC,Delivered,417,10675.2,0,0.33,low,0.101
SHP-2636,SUP-028,PRD-082,WH-04,Buenos Aires,Colombia,Houston,United States,2023-09-08,2023-09-28,2023-09-28,0,Air,Emirates SkyCargo,Delivered,407,81807.0,0,0.65,low,0.202
SHP-2637,SUP-044,PRD-130,WH-08,Nairobi,Nigeria,Amsterdam,Netherlands,2023-08-29,2023-09-19,2023-09-20,1,Air,DHL,Delayed,480,232320.0,1,0.19,medium,0.206
SHP-2638,SUP-039,PRD-117,WH-06,Toronto,Mexico,Paris,France,2022-02-21,2022-02-26,2022-02-26,0,Sea,MSC,Delivered,137,13700.0,0,0.52,low,0.164
SHP-2639,SUP-039,PRD-115,WH-06,Vancouver,Mexico,Paris,France,2022-11-22,2022-11-27,2022-11-28,1,Sea,MSC,Delayed,214,3424.0,1,0.62,medium,0.339
SHP-2640,SUP-048,PRD-142,WH-06,Buenos Aires,Peru,Paris,France,2024-10-11,2024-10-25,2024-10-25,0,Road,J.B. Hunt,Delivered,248,23696.4,0,0.07,low,0.021
SHP-2641,SUP-046,PRD-136,WH-12,Singapore,India,Singapore,Singapore,2023-10-04,2023-10-24,2023-10-24,0,Sea,Maersk,Delivered,386,1852.8,0,0.32,low,0.099
SHP-2642,SUP-040,PRD-119,WH-15,Amsterdam,United Kingdom,Lagos,Nigeria,2022-07-30,2022-08-09,2022-08-09,0,Air,Emirates SkyCargo,Delivered,355,116795.0,0,0.66,low,0.209
SHP-2643,SUP-024,PRD-072,WH-13,Ho Chi Minh City,Indonesia,Tokyo,Japan,2024-10-01,2024-10-23,2024-10-23,0,Rail,Union Pacific,Delivered,92,1656.0,0,0.83,low,0.267
SHP-2644,SUP-042,PRD-125,WH-02,Bogotá,Peru,Los Angeles,United States,2024-08-02,2024-08-15,2024-08-15,0,Sea,CMA CGM,Delivered,427,5721.8,0,0.53,low,0.169
SHP-2645,SUP-036,PRD-106,WH-15,Nairobi,Kenya,Lagos,Nigeria,2022-11-26,2022-12-16,2022-12-20,4,Road,DB Schenker,Delayed,34,4284.0,1,0.68,medium,0.505
SHP-2646,SUP-050,PRD-148,WH-02,Ho Chi Minh City,Japan,Los Angeles,United States,2023-04-09,2023-04-27,2023-05-01,4,Sea,MSC,Delayed,436,5755.2,1,0.82,medium,0.543
SHP-2647,SUP-032,PRD-096,WH-15,Accra,Kenya,Lagos,Nigeria,2024-12-08,2025-01-11,2025-01-11,0,Road,DB Schenker,In Transit,282,23984.1,0,0.47,low,0.151
SHP-2648,SUP-048,PRD-142,WH-10,Bogotá,Peru,Bogotá,Colombia,2022-11-11,2022-11-25,2022-11-25,0,Sea,MSC,Delivered,243,13267.8,0,0.34,low,0.102
SHP-2649,SUP-019,PRD-057,WH-11,Santiago,Peru,Santiago,Chile,2023-08-14,2023-08-27,2023-09-03,7,Sea,Maersk,Delayed,105,588.0,1,0.41,high,0.548
SHP-2650,SUP-043,PRD-128,WH-03,Shanghai,Australia,Toronto,Canada,2023-10-22,2023-11-10,2023-11-10,0,Air,Emirates SkyCargo,Delivered,469,204015.0,0,0.32,low,0.099
SHP-2651,SUP-019,PRD-056,WH-06,Santiago,Peru,Paris,France,2023-09-27,2023-10-10,2023-10-10,0,Sea,Maersk,Delivered,255,7752.0,0,0.36,low,0.118
SHP-2652,SUP-031,PRD-092,WH-11,New York,United States,Santiago,Chile,2024-11-13,2024-11-17,2024-11-17,0,Road,J.B. Hunt,Delivered,456,30643.2,0,0.7,low,0.225
SHP-2653,SUP-016,PRD-048,WH-05,Johannesburg,Kenya,Berlin,Germany,2023-03-12,2023-04-05,2023-04-19,14,Sea,MSC,Delayed,410,22796.0,1,0.78,high,0.796
SHP-2654,SUP-033,PRD-098,WH-04,Houston,Mexico,Houston,United States,2023-02-09,2023-02-13,2023-02-13,0,Road,DB Schenker,Delivered,349,23452.8,0,0.53,low,0.167
SHP-2655,SUP-033,PRD-099,WH-03,Chicago,Mexico,Toronto,Canada,2024-04-03,2024-04-07,2024-04-07,0,Air,FedEx,Delivered,298,105194.0,0,0.46,low,0.146
SHP-2656,SUP-020,PRD-058,WH-01,Mumbai,Singapore,Chicago,United States,2023-06-01,2023-06-29,2023-06-29,0,Rail,BNSF Railway,Delivered,435,40998.75,0,0.27,low,0.085
SHP-2657,SUP-042,PRD-126,WH-10,São Paulo,Peru,Bogotá,Colombia,2024-12-02,2024-12-15,2024-12-15,0,Rail,Union Pacific,In Transit,199,3333.25,0,0.38,low,0.124
SHP-2658,SUP-022,PRD-064,WH-10,São Paulo,Chile,Bogotá,Colombia,2024-03-07,2024-03-25,2024-03-25,0,Road,DB Schenker,Delivered,407,64672.3,0,0.26,low,0.081
SHP-2659,SUP-025,PRD-075,WH-01,Santiago,Brazil,Chicago,United States,2023-06-01,2023-06-13,2023-06-14,1,Sea,MSC,Delayed,493,29481.4,1,0.76,medium,0.384
SHP-2660,SUP-040,PRD-120,WH-02,Madrid,United Kingdom,Los Angeles,United States,2022-12-08,2022-12-18,2022-12-19,1,Air,DHL,Delayed,126,46998.0,1,0.88,medium,0.42
SHP-2661,SUP-032,PRD-094,WH-12,Nairobi,Kenya,Singapore,Singapore,2024-10-13,2024-11-16,2024-11-17,1,Sea,MSC,Delayed,263,7048.4,1,0.5,medium,0.305
SHP-2662,SUP-041,PRD-121,WH-04,Sydney,India,Houston,United States,2023-10-16,2023-11-04,2023-11-04,0,Sea,CMA CGM,Delivered,197,17808.8,0,0.12,low,0.039
SHP-2663,SUP-040,PRD-118,WH-14,Madrid,United Kingdom,Johannesburg,South Africa,2023-01-02,2023-01-12,2023-01-13,1,Road,J.B. Hunt,Delayed,435,27405.0,1,0.8,medium,0.396
SHP-2664,SUP-031,PRD-091,WH-10,Chicago,United States,Bogotá,Colombia,2022-10-20,2022-10-24,2022-10-26,2,Sea,Maersk,Delayed,403,16764.8,1,0.71,medium,0.418
SHP-2665,SUP-022,PRD-065,WH-07,Buenos Aires,Chile,London,United Kingdom,2022-06-02,2022-06-20,2022-06-20,0,Air,DHL,Delivered,462,143682.0,0,0.27,low,0.084
SHP-2666,SUP-031,PRD-091,WH-11,Atlanta,United States,Santiago,Chile,2024-07-31,2024-08-04,2024-08-16,12,Road,J.B. Hunt,Delayed,65,4732.0,1,0.75,high,0.79
SHP-2667,SUP-036,PRD-106,WH-14,Cairo,Kenya,Johannesburg,South Africa,2024-07-19,2024-08-08,2024-08-12,4,Sea,Maersk,Delayed,319,22968.0,1,0.85,medium,0.556
SHP-2668,SUP-011,PRD-031,WH-11,Buenos Aires,Brazil,Santiago,Chile,2023-10-22,2023-11-02,2023-11-03,1,Road,J.B. Hunt,Delayed,309,25631.55,1,0.48,medium,0.299
SHP-2669,SUP-014,PRD-041,WH-03,Lima,Brazil,Toronto,Canada,2024-11-12,2024-11-28,2024-11-28,0,Sea,Maersk,Delivered,100,7340.0,0,0.28,low,0.086
SHP-2670,SUP-037,PRD-110,WH-05,Paris,Germany,Berlin,Germany,2022-08-25,2022-09-03,2022-09-09,6,Sea,MSC,Delayed,125,4075.0,1,0.84,high,0.642
SHP-2671,SUP-016,PRD-048,WH-12,Johannesburg,Kenya,Singapore,Singapore,2024-05-18,2024-06-11,2024-06-16,5,Sea,CMA CGM,Delayed,235,13066.0,1,0.88,medium,0.601
SHP-2672,SUP-003,PRD-009,WH-02,Milan,Italy,Los Angeles,United States,2023-02-15,2023-02-20,2023-02-20,0,Rail,Union Pacific,Delivered,461,52899.75,0,0.3,low,0.093
SHP-2673,SUP-042,PRD-125,WH-01,Buenos Aires,Peru,Chicago,United States,2024-04-21,2024-05-04,2024-05-04,0,Air,FedEx,Delivered,122,8174.0,0,0.4,low,0.13
SHP-2674,SUP-031,PRD-092,WH-08,Dallas,United States,Amsterdam,Netherlands,2023-12-20,2023-12-24,2024-01-04,11,Road,J.B. Hunt,Delayed,247,16598.4,1,0.85,high,0.82
SHP-2675,SUP-030,PRD-089,WH-03,Ho Chi Minh City,Japan,Toronto,Canada,2024-06-25,2024-07-13,2024-07-25,12,Air,FedEx,Delayed,484,23232.0,1,0.73,high,0.782
SHP-2676,SUP-026,PRD-078,WH-14,Lagos,South Africa,Johannesburg,South Africa,2023-10-15,2023-11-05,2023-11-05,0,Sea,Maersk,Delivered,306,5385.6,0,0.57,low,0.177
SHP-2677,SUP-047,PRD-141,WH-06,Dallas,United States,Paris,France,2023-10-07,2023-10-14,2023-10-14,0,Road,DB Schenker,Delivered,190,14829.5,0,0.31,low,0.094
SHP-2678,SUP-021,PRD-062,WH-04,Ho Chi Minh City,Australia,Houston,United States,2022-03-08,2022-04-05,2022-04-06,1,Air,Emirates SkyCargo,Delayed,293,12892.0,1,0.76,medium,0.388
SHP-2679,SUP-031,PRD-093,WH-04,Toronto,United States,Houston,United States,2024-11-10,2024-11-14,2024-11-14,0,Road,DB Schenker,Delivered,435,5481.0,0,0.88,low,0.279
SHP-2680,SUP-036,PRD-106,WH-13,Lagos,Kenya,Tokyo,Japan,2022-04-24,2022-05-14,2022-05-14,0,Air,FedEx,Delivered,131,47160.0,0,0.7,low,0.231
SHP-2681,SUP-048,PRD-143,WH-09,Bogotá,Peru,São Paulo,Brazil,2024-10-14,2024-10-28,2024-10-28,0,Sea,CMA CGM,Delivered,251,24296.8,0,0.24,low,0.072
SHP-2682,SUP-033,PRD-097,WH-04,Atlanta,Mexico,Houston,United States,2024-03-19,2024-03-23,2024-03-23,0,Sea,MSC,Delivered,462,43058.4,0,0.48,low,0.152
SHP-2683,SUP-004,PRD-010,WH-04,Toronto,United States,Houston,United States,2024-12-16,2024-12-21,2024-12-21,0,Sea,Maersk,In Transit,420,22344.0,0,0.07,low,0.023
SHP-2684,SUP-041,PRD-122,WH-13,Shanghai,India,Tokyo,Japan,2024-11-14,2024-12-03,2024-12-04,1,Air,Emirates SkyCargo,Delayed,187,59653.0,1,0.08,medium,0.172
SHP-2685,SUP-025,PRD-075,WH-02,Lima,Brazil,Los Angeles,United States,2024-08-03,2024-08-15,2024-08-16,1,Sea,Maersk,Delayed,238,14232.4,1,0.68,medium,0.36
SHP-2686,SUP-022,PRD-064,WH-03,Santiago,Chile,Toronto,Canada,2024-01-31,2024-02-18,2024-02-18,0,Sea,Maersk,Delivered,457,41495.6,0,0.15,low,0.048
SHP-2687,SUP-028,PRD-084,WH-08,Buenos Aires,Colombia,Amsterdam,Netherlands,2023-10-24,2023-11-13,2023-11-15,2,Sea,MSC,Delayed,50,20.0,1,0.49,medium,0.344
SHP-2688,SUP-044,PRD-132,WH-15,Lagos,Nigeria,Lagos,Nigeria,2024-11-28,2024-12-19,2024-12-20,1,Air,DHL,Delayed,271,91056.0,1,0.19,medium,0.206
SHP-2689,SUP-029,PRD-087,WH-08,Lima,Colombia,Amsterdam,Netherlands,2024-12-02,2024-12-12,2024-12-12,0,Rail,DB Cargo,In Transit,378,32980.5,0,0.57,low,0.181
SHP-2690,SUP-018,PRD-052,WH-04,Warsaw,Poland,Houston,United States,2024-10-22,2024-10-28,2024-10-28,0,Sea,CMA CGM,Delivered,278,7561.6,0,0.58,low,0.184
SHP-2691,SUP-001,PRD-002,WH-15,Johannesburg,Nigeria,Lagos,Nigeria,2024-04-08,2024-05-04,2024-05-10,6,Road,DB Schenker,Delayed,40,3612.0,1,0.5,high,0.53
SHP-2692,SUP-035,PRD-105,WH-06,Accra,Kenya,Paris,France,2023-09-10,2023-10-06,2023-10-06,0,Sea,Maersk,Delivered,432,36806.4,0,0.05,low,0.018
SHP-2693,SUP-022,PRD-066,WH-03,Santiago,Chile,Toronto,Canada,2023-03-13,2023-03-31,2023-03-31,0,Road,J.B. Hunt,Delivered,367,40204.85,0,0.05,low,0.018
SHP-2694,SUP-024,PRD-071,WH-01,Singapore,Indonesia,Chicago,United States,2023-01-14,2023-02-05,2023-02-05,0,Rail,BNSF Railway,Delivered,464,6728.0,0,0.9,low,0.288
SHP-2695,SUP-021,PRD-063,WH-14,Ho Chi Minh City,Australia,Johannesburg,South Africa,2023-05-19,2023-06-16,2023-06-20,4,Road,J.B. Hunt,Delayed,444,46309.2,1,0.73,medium,0.514
SHP-2696,SUP-022,PRD-065,WH-09,Lima,Chile,São Paulo,Brazil,2023-10-09,2023-10-27,2023-10-27,0,Road,XPO Logistics,Delivered,122,13279.7,0,0.35,low,0.108
SHP-2697,SUP-044,PRD-130,WH-13,Nairobi,Nigeria,Tokyo,Japan,2024-11-05,2024-11-26,2024-11-26,0,Sea,Maersk,Delivered,83,8034.4,0,0.27,low,0.085
SHP-2698,SUP-014,PRD-040,WH-08,São Paulo,Brazil,Amsterdam,Netherlands,2022-09-24,2022-10-10,2022-10-10,0,Road,DB Schenker,Delivered,120,13356.0,0,0.12,low,0.038
SHP-2699,SUP-043,PRD-127,WH-02,Jakarta,Australia,Los Angeles,United States,2024-03-29,2024-04-17,2024-04-17,0,Rail,DB Cargo,Delivered,245,25418.75,0,0.23,low,0.072
SHP-2700,SUP-042,PRD-124,WH-03,Bogotá,Peru,Toronto,Canada,2022-05-04,2022-05-17,2022-05-17,0,Sea,Maersk,Delivered,33,2138.4,0,0.39,low,0.127
SHP-2701,SUP-044,PRD-132,WH-08,Lagos,Nigeria,Amsterdam,Netherlands,2022-07-11,2022-08-01,2022-08-01,0,Air,FedEx,Delivered,85,28560.0,0,0.11,low,0.037
SHP-2702,SUP-046,PRD-138,WH-01,Shanghai,India,Chicago,United States,2024-02-27,2024-03-18,2024-03-18,0,Rail,Union Pacific,Delivered,290,34437.5,0,0.31,low,0.096
SHP-2703,SUP-047,PRD-139,WH-07,Houston,United States,London,United Kingdom,2022-04-25,2022-05-02,2022-05-02,0,Sea,CMA CGM,Delivered,249,3884.4,0,0.12,low,0.037
SHP-2704,SUP-038,PRD-113,WH-05,Vancouver,Canada,Berlin,Germany,2024-07-04,2024-07-07,2024-07-07,0,Sea,CMA CGM,Delivered,96,8774.4,0,0.13,low,0.041
SHP-2705,SUP-049,PRD-146,WH-08,New York,Canada,Amsterdam,Netherlands,2023-04-30,2023-05-05,2023-05-05,0,Road,J.B. Hunt,Delivered,100,3640.0,0,0.2,low,0.063
SHP-2706,SUP-047,PRD-139,WH-06,Toronto,United States,Paris,France,2024-06-13,2024-06-20,2024-06-20,0,Road,XPO Logistics,Delivered,278,7589.4,0,0.15,low,0.046
SHP-2707,SUP-029,PRD-086,WH-08,Santiago,Colombia,Amsterdam,Netherlands,2024-05-07,2024-05-17,2024-05-17,0,Road,XPO Logistics,Delivered,192,6921.6,0,0.62,low,0.196
SHP-2708,SUP-042,PRD-124,WH-01,São Paulo,Peru,Chicago,United States,2024-11-17,2024-11-30,2024-12-01,1,Road,J.B. Hunt,Delayed,188,21319.2,1,0.6,medium,0.335
SHP-2709,SUP-022,PRD-066,WH-06,Santiago,Chile,Paris,France,2023-10-27,2023-11-14,2023-11-14,0,Sea,CMA CGM,Delivered,164,10266.4,0,0.23,low,0.072
SHP-2710,SUP-010,PRD-030,WH-10,Chicago,Mexico,Bogotá,Colombia,2024-11-11,2024-11-14,2024-11-14,0,Road,DB Schenker,Delivered,228,9895.2,0,0.26,low,0.079
SHP-2711,SUP-004,PRD-010,WH-10,Chicago,United States,Bogotá,Colombia,2024-06-27,2024-07-02,2024-07-02,0,Rail,Union Pacific,Delivered,421,27996.5,0,0.16,low,0.05
SHP-2712,SUP-048,PRD-142,WH-03,Bogotá,Peru,Toronto,Canada,2024-11-07,2024-11-21,2024-11-21,0,Road,J.B. Hunt,Delivered,407,38888.85,0,0.26,low,0.078
SHP-2713,SUP-046,PRD-136,WH-15,Singapore,India,Lagos,Nigeria,2023-11-07,2023-11-27,2023-11-27,0,Road,DB Schenker,Delivered,341,2864.4,0,0.2,low,0.063
SHP-2714,SUP-037,PRD-110,WH-02,London,Germany,Los Angeles,United States,2024-01-28,2024-02-06,2024-02-06,0,Sea,Maersk,Delivered,455,14833.0,0,0.74,low,0.242
SHP-2715,SUP-042,PRD-124,WH-05,Lima,Peru,Berlin,Germany,2024-08-20,2024-09-02,2024-09-03,1,Sea,MSC,Delayed,477,30909.6,1,0.46,medium,0.293
SHP-2716,SUP-024,PRD-072,WH-03,Sydney,Indonesia,Toronto,Canada,2024-08-03,2024-08-25,2024-08-25,0,Air,FedEx,Delivered,87,6264.0,0,0.71,low,0.231
SHP-2717,SUP-041,PRD-122,WH-14,Singapore,India,Johannesburg,South Africa,2023-12-08,2023-12-27,2023-12-27,0,Air,DHL,Delivered,417,133023.0,0,0.19,low,0.06
SHP-2718,SUP-034,PRD-101,WH-14,Cairo,South Africa,Johannesburg,South Africa,2022-10-16,2022-11-12,2022-11-16,4,Road,DB Schenker,Delayed,438,74043.9,1,0.76,medium,0.52
SHP-2719,SUP-010,PRD-030,WH-08,Houston,Mexico,Amsterdam,Netherlands,2024-10-02,2024-10-05,2024-10-05,0,Rail,Union Pacific,Delivered,304,9424.0,0,0.12,low,0.037
SHP-2720,SUP-024,PRD-071,WH-04,Jakarta,Indonesia,Houston,United States,2024-01-15,2024-02-06,2024-02-06,0,Sea,CMA CGM,Delivered,359,4164.4,0,0.71,low,0.231
SHP-2721,SUP-029,PRD-087,WH-05,Santiago,Colombia,Berlin,Germany,2024-04-29,2024-05-09,2024-05-09,0,Road,DB Schenker,Delivered,408,49837.2,0,0.35,low,0.115
SHP-2722,SUP-050,PRD-150,WH-13,Shanghai,Japan,Tokyo,Japan,2024-10-26,2024-11-13,2024-11-21,8,Air,DHL,Delayed,209,27797.0,1,0.92,high,0.753
SHP-2723,SUP-047,PRD-140,WH-06,New York,United States,Paris,France,2022-11-21,2022-11-28,2022-11-29,1,Sea,Maersk,Delayed,134,5494.0,1,0.17,medium,0.197
SHP-2724,SUP-030,PRD-088,WH-02,Tokyo,Japan,Los Angeles,United States,2024-12-17,2025-01-04,2025-01-04,0,Air,FedEx,Cancelled,210,25200.0,0,0.89,low,0.28
SHP-2725,SUP-040,PRD-118,WH-15,Paris,United Kingdom,Lagos,Nigeria,2022-10-02,2022-10-12,2022-10-14,2,Road,J.B. Hunt,Delayed,367,23121.0,1,0.87,medium,0.462
SHP-2726,SUP-048,PRD-142,WH-07,Santiago,Peru,London,United Kingdom,2023-05-13,2023-05-27,2023-05-29,2,Road,XPO Logistics,Delayed,298,28473.9,1,0.22,medium,0.256
SHP-2727,SUP-034,PRD-102,WH-05,Johannesburg,South Africa,Berlin,Germany,2024-12-26,2025-01-22,2025-01-27,5,Rail,BNSF Railway,Delayed,70,4602.5,1,0.88,medium,0.601
SHP-2728,SUP-032,PRD-095,WH-12,Cairo,Kenya,Singapore,Singapore,2023-05-24,2023-06-27,2023-07-02,5,Air,DHL,Delayed,298,86420.0,1,0.42,medium,0.461
SHP-2729,SUP-038,PRD-114,WH-02,Toronto,Canada,Los Angeles,United States,2023-11-10,2023-11-13,2023-11-13,0,Air,FedEx,Delivered,177,22656.0,0,0.13,low,0.041
SHP-2730,SUP-003,PRD-008,WH-04,Amsterdam,Italy,Houston,United States,2022-12-07,2022-12-12,2022-12-12,0,Road,DB Schenker,Delivered,228,32079.6,0,0.12,low,0.039
SHP-2731,SUP-042,PRD-126,WH-03,Lima,Peru,Toronto,Canada,2022-07-10,2022-07-23,2022-07-23,0,Sea,MSC,Delivered,159,2130.6,0,0.53,low,0.169
SHP-2732,SUP-015,PRD-044,WH-03,Milan,Germany,Toronto,Canada,2022-06-30,2022-07-06,2022-07-06,0,Road,J.B. Hunt,Delivered,335,43968.75,0,0.86,low,0.28
SHP-2733,SUP-021,PRD-061,WH-04,Jakarta,Australia,Houston,United States,2024-06-14,2024-07-12,2024-07-12,0,Air,DHL,Delivered,340,116960.0,0,0.76,low,0.243
SHP-2734,SUP-042,PRD-124,WH-06,Lima,Peru,Paris,France,2024-02-08,2024-02-21,2024-02-21,0,Sea,MSC,Delivered,361,23392.8,0,0.65,low,0.205
SHP-2735,SUP-038,PRD-112,WH-02,Toronto,Canada,Los Angeles,United States,2022-10-12,2022-10-15,2022-10-15,0,Road,XPO Logistics,Delivered,360,11088.0,0,0.28,low,0.086
SHP-2736,SUP-044,PRD-132,WH-05,Nairobi,Nigeria,Berlin,Germany,2024-02-25,2024-03-17,2024-03-19,2,Air,DHL,Delayed,137,46032.0,1,0.2,medium,0.254
SHP-2737,SUP-040,PRD-119,WH-05,Warsaw,United Kingdom,Berlin,Germany,2023-11-28,2023-12-08,2023-12-23,15,Sea,CMA CGM,Delayed,145,9541.0,1,0.67,high,0.762
SHP-2738,SUP-022,PRD-065,WH-03,Lima,Chile,Toronto,Canada,2024-02-28,2024-03-17,2024-03-17,0,Sea,MSC,Delivered,359,22329.8,0,0.17,low,0.054
SHP-2739,SUP-046,PRD-137,WH-15,Sydney,India,Lagos,Nigeria,2023-11-03,2023-11-23,2023-11-23,0,Air,FedEx,Delivered,346,40828.0,0,0.27,low,0.084
SHP-2740,SUP-045,PRD-134,WH-01,Madrid,Poland,Chicago,United States,2023-10-06,2023-10-18,2023-10-18,0,Sea,Maersk,Delivered,150,8430.0,0,0.34,low,0.106
SHP-2741,SUP-028,PRD-082,WH-02,Bogotá,Colombia,Los Angeles,United States,2022-12-30,2023-01-19,2023-01-20,1,Air,Emirates SkyCargo,Delayed,281,56481.0,1,0.48,medium,0.296
SHP-2742,SUP-022,PRD-065,WH-10,Bogotá,Chile,Bogotá,Colombia,2022-10-09,2022-10-27,2022-10-28,1,Road,XPO Logistics,Delayed,312,33961.2,1,0.34,medium,0.25
SHP-2743,SUP-028,PRD-084,WH-08,São Paulo,Colombia,Amsterdam,Netherlands,2023-11-28,2023-12-18,2023-12-20,2,Sea,MSC,Delayed,470,188.0,1,0.61,medium,0.38
SHP-2744,SUP-026,PRD-076,WH-15,Nairobi,South Africa,Lagos,Nigeria,2023-01-20,2023-02-10,2023-02-10,0,Road,J.B. Hunt,Delivered,464,7632.8,0,0.63,low,0.195
SHP-2745,SUP-033,PRD-098,WH-04,Toronto,Mexico,Houston,United States,2024-09-30,2024-10-04,2024-10-04,0,Air,FedEx,Delivered,85,16320.0,0,0.41,low,0.131
SHP-2746,SUP-040,PRD-118,WH-05,Warsaw,United Kingdom,Berlin,Germany,2022-03-25,2022-04-04,2022-04-04,0,Rail,BNSF Railway,Delivered,441,19845.0,0,0.8,low,0.251
SHP-2747,SUP-004,PRD-011,WH-03,Toronto,United States,Toronto,Canada,2022-06-16,2022-06-21,2022-06-21,0,Rail,BNSF Railway,Delivered,418,23199.0,0,0.3,low,0.092
SHP-2748,SUP-024,PRD-072,WH-14,Jakarta,Indonesia,Johannesburg,South Africa,2022-02-12,2022-03-06,2022-03-07,1,Sea,MSC,Delayed,68,979.2,1,0.94,medium,0.445
SHP-2749,SUP-024,PRD-070,WH-04,Mumbai,Indonesia,Houston,United States,2022-04-02,2022-04-24,2022-04-24,0,Sea,CMA CGM,Delivered,388,30729.6,0,0.76,low,0.246
SHP-2750,SUP-019,PRD-055,WH-04,São Paulo,Peru,Houston,United States,2022-01-23,2022-02-05,2022-02-11,6,Air,FedEx,Delayed,301,42742.0,1,0.53,high,0.539
SHP-2751,SUP-024,PRD-071,WH-02,Singapore,Indonesia,Los Angeles,United States,2022-08-14,2022-09-05,2022-09-28,23,Air,DHL,Delayed,332,19256.0,1,0.69,high,0.775
SHP-2752,SUP-024,PRD-070,WH-13,Seoul,Indonesia,Tokyo,Japan,2024-04-27,2024-05-19,2024-06-01,13,Air,DHL,Delayed,483,191268.0,1,0.77,high,0.799
SHP-2753,SUP-028,PRD-083,WH-06,São Paulo,Colombia,Paris,France,2024-05-07,2024-05-27,2024-05-28,1,Sea,MSC,Delayed,253,6426.2,1,0.63,medium,0.341
SHP-2754,SUP-005,PRD-015,WH-08,Warsaw,Italy,Amsterdam,Netherlands,2024-08-26,2024-09-01,2024-09-01,0,Road,XPO Logistics,Delivered,23,949.9,0,0.05,low,0.019
SHP-2755,SUP-028,PRD-084,WH-08,Santiago,Colombia,Amsterdam,Netherlands,2024-10-11,2024-10-31,2024-10-31,0,Air,DHL,Delivered,111,222.0,0,0.37,low,0.118
SHP-2756,SUP-039,PRD-115,WH-11,Vancouver,Mexico,Santiago,Chile,2023-02-19,2023-02-24,2023-02-24,0,Sea,Maersk,Delivered,314,5024.0,0,0.59,low,0.185
SHP-2757,SUP-048,PRD-142,WH-09,Bogotá,Peru,São Paulo,Brazil,2023-07-13,2023-07-27,2023-07-27,0,Road,XPO Logistics,Delivered,465,44430.75,0,0.31,low,0.093
SHP-2758,SUP-027,PRD-080,WH-05,Milan,Germany,Berlin,Germany,2022-12-17,2022-12-27,2022-12-28,1,Air,Emirates SkyCargo,Delayed,155,36580.0,1,0.47,medium,0.293
SHP-2759,SUP-039,PRD-116,WH-08,New York,Mexico,Amsterdam,Netherlands,2022-08-15,2022-08-20,2022-08-21,1,Air,Emirates SkyCargo,Delayed,483,232323.0,1,0.37,medium,0.264
SHP-2760,SUP-048,PRD-143,WH-06,Lima,Peru,Paris,France,2022-03-09,2022-03-23,2022-03-24,1,Air,FedEx,Delayed,416,201344.0,1,0.16,medium,0.193
SHP-2761,SUP-021,PRD-061,WH-14,Mumbai,Australia,Johannesburg,South Africa,2023-12-25,2024-01-22,2024-01-24,2,Rail,DB Cargo,Delayed,315,27090.0,1,0.9,medium,0.475
SHP-2762,SUP-024,PRD-070,WH-14,Ho Chi Minh City,Indonesia,Johannesburg,South Africa,2023-04-23,2023-05-15,2023-05-22,7,Road,XPO Logistics,Delayed,444,61538.4,1,0.94,high,0.715
SHP-2763,SUP-023,PRD-068,WH-12,Tokyo,India,Singapore,Singapore,2023-01-12,2023-02-04,2023-02-04,0,Sea,CMA CGM,Delivered,480,22560.0,0,0.55,low,0.175
SHP-2764,SUP-020,PRD-058,WH-15,Tokyo,Singapore,Lagos,Nigeria,2024-07-08,2024-08-05,2024-08-05,0,Sea,CMA CGM,Delivered,75,5655.0,0,0.19,low,0.061
SHP-2765,SUP-043,PRD-128,WH-04,Shanghai,Australia,Houston,United States,2023-12-28,2024-01-16,2024-01-16,0,Sea,CMA CGM,Delivered,141,12267.0,0,0.34,low,0.105
SHP-2766,SUP-041,PRD-121,WH-12,Tokyo,India,Singapore,Singapore,2022-04-28,2022-05-17,2022-05-17,0,Rail,BNSF Railway,Delivered,62,7006.0,0,0.28,low,0.087
SHP-2767,SUP-043,PRD-129,WH-02,Mumbai,Australia,Los Angeles,United States,2022-05-31,2022-06-19,2022-06-19,0,Rail,Union Pacific,Delivered,349,32893.25,0,0.2,low,0.063
SHP-2768,SUP-038,PRD-114,WH-09,Atlanta,Canada,São Paulo,Brazil,2022-03-30,2022-04-02,2022-04-02,0,Road,DB Schenker,Delivered,495,22176.0,0,0.35,low,0.107
SHP-2769,SUP-028,PRD-082,WH-03,Lima,Colombia,Toronto,Canada,2023-02-19,2023-03-11,2023-03-12,1,Sea,MSC,Delayed,462,18572.4,1,0.46,medium,0.29
SHP-2770,SUP-041,PRD-122,WH-14,Seoul,India,Johannesburg,South Africa,2022-01-26,2022-02-14,2022-02-14,0,Air,DHL,Delivered,354,112926.0,0,0.33,low,0.102
SHP-2771,SUP-016,PRD-047,WH-15,Accra,Kenya,Lagos,Nigeria,2022-11-24,2022-12-18,2022-12-27,9,Road,J.B. Hunt,Delayed,216,453.6,1,0.89,high,0.784
SHP-2772,SUP-006,PRD-016,WH-06,Santiago,Peru,Paris,France,2024-11-15,2024-12-02,2024-12-02,0,Air,Emirates SkyCargo,Cancelled,473,35948.0,0,0.93,low,0.291
SHP-2773,SUP-019,PRD-056,WH-09,Lima,Peru,São Paulo,Brazil,2022-05-20,2022-06-02,2022-06-02,0,Air,Emirates SkyCargo,Delivered,54,8208.0,0,0.55,low,0.175
SHP-2774,SUP-005,PRD-013,WH-08,London,Italy,Amsterdam,Netherlands,2024-10-20,2024-10-26,2024-10-26,0,Road,J.B. Hunt,Delivered,32,1456.0,0,0.15,low,0.049
SHP-2775,SUP-046,PRD-138,WH-15,Singapore,India,Lagos,Nigeria,2024-10-02,2024-10-22,2024-10-22,0,Road,XPO Logistics,Delivered,162,26932.5,0,0.25,low,0.078
SHP-2776,SUP-035,PRD-103,WH-12,Accra,Kenya,Singapore,Singapore,2022-09-23,2022-10-19,2022-10-20,1,Sea,CMA CGM,Delayed,415,27224.0,1,0.27,medium,0.229
SHP-2777,SUP-031,PRD-092,WH-11,Chicago,United States,Santiago,Chile,2024-10-02,2024-10-06,2024-10-13,7,Sea,CMA CGM,Delayed,428,16435.2,1,0.82,high,0.676
SHP-2778,SUP-010,PRD-030,WH-03,Toronto,Mexico,Toronto,Canada,2022-03-17,2022-03-20,2022-03-20,0,Road,XPO Logistics,Delivered,208,9027.2,0,0.17,low,0.052
SHP-2779,SUP-049,PRD-147,WH-08,Vancouver,Canada,Amsterdam,Netherlands,2023-08-02,2023-08-07,2023-08-07,0,Road,DB Schenker,Delivered,42,6615.0,0,0.06,low,0.021
SHP-2780,SUP-028,PRD-082,WH-04,Santiago,Colombia,Houston,United States,2023-06-29,2023-07-19,2023-07-19,0,Sea,MSC,Delivered,116,4663.2,0,0.46,low,0.145
SHP-2781,SUP-011,PRD-033,WH-11,São Paulo,Brazil,Santiago,Chile,2024-09-30,2024-10-11,2024-10-12,1,Rail,Union Pacific,Delayed,250,22437.5,1,0.53,medium,0.314
SHP-2782,SUP-029,PRD-087,WH-07,Bogotá,Colombia,London,United Kingdom,2022-11-13,2022-11-23,2022-11-23,0,Road,XPO Logistics,Delivered,110,13436.5,0,0.46,low,0.148
SHP-2783,SUP-004,PRD-010,WH-07,Houston,United States,London,United Kingdom,2022-05-07,2022-05-12,2022-05-12,0,Sea,CMA CGM,Delivered,83,4415.6,0,0.09,low,0.029
SHP-2784,SUP-037,PRD-109,WH-15,Paris,Germany,Lagos,Nigeria,2024-05-10,2024-05-19,2024-05-20,1,Air,Emirates SkyCargo,Delayed,59,3009.0,1,0.72,medium,0.381
SHP-2785,SUP-040,PRD-119,WH-14,Amsterdam,United Kingdom,Johannesburg,South Africa,2022-03-23,2022-04-02,2022-04-03,1,Road,DB Schenker,Delayed,211,24296.65,1,0.72,medium,0.372
SHP-2786,SUP-027,PRD-080,WH-07,Warsaw,Germany,London,United Kingdom,2022-12-18,2022-12-28,2022-12-30,2,Sea,CMA CGM,Delayed,271,12791.2,1,0.43,medium,0.326
SHP-2787,SUP-038,PRD-112,WH-02,Toronto,Canada,Los Angeles,United States,2022-11-19,2022-11-22,2022-11-22,0,Road,J.B. Hunt,Delivered,120,3696.0,0,0.14,low,0.044
SHP-2788,SUP-029,PRD-085,WH-05,Buenos Aires,Colombia,Berlin,Germany,2022-12-05,2022-12-15,2022-12-15,0,Air,DHL,Delivered,62,16120.0,0,0.48,low,0.154
SHP-2789,SUP-035,PRD-105,WH-12,Nairobi,Kenya,Singapore,Singapore,2022-01-17,2022-02-12,2022-02-12,0,Air,Emirates SkyCargo,Delivered,435,185310.0,0,0.3,low,0.093
SHP-2790,SUP-029,PRD-087,WH-08,São Paulo,Colombia,Amsterdam,Netherlands,2023-10-10,2023-10-20,2023-10-21,1,Road,J.B. Hunt,Delayed,267,32614.05,1,0.58,medium,0.329
SHP-2791,SUP-041,PRD-121,WH-15,Ho Chi Minh City,India,Lagos,Nigeria,2022-12-10,2022-12-29,2022-12-29,0,Sea,Maersk,Delivered,199,17989.6,0,0.12,low,0.039
SHP-2792,SUP-048,PRD-142,WH-10,Bogotá,Peru,Bogotá,Colombia,2024-10-10,2024-10-24,2024-10-24,0,Road,XPO Logistics,Delivered,480,45864.0,0,0.34,low,0.102
SHP-2793,SUP-014,PRD-040,WH-07,Bogotá,Brazil,London,United Kingdom,2024-11-21,2024-12-07,2024-12-08,1,Sea,CMA CGM,Delayed,457,29065.2,1,0.16,medium,0.195
SHP-2794,SUP-045,PRD-134,WH-03,London,Poland,Toronto,Canada,2024-10-14,2024-10-26,2024-10-26,0,Road,DB Schenker,Delivered,22,2163.7,0,0.29,low,0.091
SHP-2795,SUP-039,PRD-116,WH-10,Chicago,Mexico,Bogotá,Colombia,2024-03-29,2024-04-03,2024-04-07,4,Road,DB Schenker,Delayed,156,26262.6,1,0.59,medium,0.465
SHP-2796,SUP-006,PRD-018,WH-10,São Paulo,Peru,Bogotá,Colombia,2023-12-19,2024-01-05,2024-01-11,6,Road,XPO Logistics,Delayed,78,11384.1,1,0.93,high,0.661
SHP-2797,SUP-001,PRD-001,WH-15,Accra,Nigeria,Lagos,Nigeria,2024-05-01,2024-05-27,2024-05-27,0,Sea,Maersk,Delivered,99,4692.6,0,0.58,low,0.184
SHP-2798,SUP-044,PRD-132,WH-06,Nairobi,Nigeria,Paris,France,2024-07-07,2024-07-28,2024-07-28,0,Sea,CMA CGM,Delivered,474,31852.8,0,0.24,low,0.076
SHP-2799,SUP-009,PRD-025,WH-02,Milan,Poland,Los Angeles,United States,2022-03-18,2022-03-28,2022-03-29,1,Air,DHL,Delayed,465,99975.0,1,0.64,medium,0.343
SHP-2800,SUP-032,PRD-095,WH-05,Cairo,Kenya,Berlin,Germany,2023-01-19,2023-02-22,2023-02-22,0,Rail,Union Pacific,Delivered,233,16892.5,0,0.65,low,0.205
SHP-2801,SUP-001,PRD-001,WH-15,Lagos,Nigeria,Lagos,Nigeria,2023-12-01,2023-12-27,2023-12-27,0,Road,J.B. Hunt,Delivered,383,31769.85,0,0.56,low,0.178
SHP-2802,SUP-013,PRD-039,WH-02,Ho Chi Minh City,Singapore,Los Angeles,United States,2022-01-09,2022-01-29,2022-01-29,0,Road,XPO Logistics,Delivered,361,53698.75,0,0.14,low,0.044
SHP-2803,SUP-023,PRD-068,WH-14,Shanghai,India,Johannesburg,South Africa,2023-11-29,2023-12-22,2023-12-22,0,Air,Emirates SkyCargo,Delivered,45,10575.0,0,0.57,low,0.181
SHP-2804,SUP-005,PRD-014,WH-05,Amsterdam,Italy,Berlin,Germany,2024-12-12,2024-12-18,2024-12-18,0,Air,FedEx,In Transit,315,76545.0,0,0.35,low,0.109
SHP-2805,SUP-028,PRD-082,WH-04,Buenos Aires,Colombia,Houston,United States,2023-11-22,2023-12-12,2023-12-13,1,Road,XPO Logistics,Delayed,398,27999.3,1,0.4,medium,0.272
SHP-2806,SUP-015,PRD-043,WH-01,Paris,Germany,Chicago,United States,2024-09-25,2024-10-01,2024-10-06,5,Sea,MSC,Delayed,360,11664.0,1,0.9,medium,0.617
SHP-2807,SUP-039,PRD-117,WH-10,Atlanta,Mexico,Bogotá,Colombia,2024-10-14,2024-10-19,2024-10-19,0,Road,XPO Logistics,Delivered,91,15925.0,0,0.51,low,0.161
SHP-2808,SUP-042,PRD-124,WH-03,Santiago,Peru,Toronto,Canada,2023-10-17,2023-10-30,2023-10-30,0,Sea,CMA CGM,Delivered,70,4536.0,0,0.55,low,0.175
SHP-2809,SUP-049,PRD-146,WH-06,Toronto,Canada,Paris,France,2022-05-02,2022-05-07,2022-05-07,0,Road,J.B. Hunt,Delivered,111,4040.4,0,0.1,low,0.033
SHP-2810,SUP-042,PRD-124,WH-08,São Paulo,Peru,Amsterdam,Netherlands,2024-12-09,2024-12-22,2024-12-22,0,Sea,MSC,In Transit,23,1490.4,0,0.58,low,0.184
SHP-2811,SUP-019,PRD-057,WH-03,Santiago,Peru,Toronto,Canada,2023-01-24,2023-02-06,2023-02-07,1,Sea,Maersk,Delayed,483,2704.8,1,0.39,medium,0.272
SHP-2812,SUP-014,PRD-042,WH-09,São Paulo,Brazil,São Paulo,Brazil,2024-07-11,2024-07-27,2024-07-28,1,Rail,BNSF Railway,Delayed,174,16878.0,1,0.26,medium,0.225
SHP-2813,SUP-033,PRD-099,WH-06,Dallas,Mexico,Paris,France,2024-04-05,2024-04-09,2024-04-10,1,Sea,MSC,Delayed,115,8119.0,1,0.63,medium,0.342
SHP-2814,SUP-043,PRD-127,WH-02,Sydney,Australia,Los Angeles,United States,2024-07-25,2024-08-13,2024-08-13,0,Sea,Maersk,Delivered,487,40421.0,0,0.17,low,0.054
SHP-2815,SUP-023,PRD-069,WH-13,Jakarta,India,Tokyo,Japan,2023-01-27,2023-02-19,2023-02-19,0,Sea,Maersk,Delivered,476,40936.0,0,0.38,low,0.124
SHP-2816,SUP-017,PRD-049,WH-08,Lagos,Egypt,Amsterdam,Netherlands,2023-12-25,2024-01-26,2024-01-29,3,Air,Emirates SkyCargo,Delayed,148,33300.0,1,0.33,medium,0.335
SHP-2817,SUP-002,PRD-006,WH-05,Lagos,Ghana,Berlin,Germany,2023-05-31,2023-06-27,2023-06-27,0,Sea,Maersk,Delivered,342,16963.2,0,0.42,low,0.136
SHP-2818,SUP-014,PRD-040,WH-11,Bogotá,Brazil,Santiago,Chile,2023-05-21,2023-06-06,2023-06-06,0,Road,XPO Logistics,Delivered,143,15915.9,0,0.21,low,0.065
SHP-2819,SUP-034,PRD-100,WH-13,Cairo,South Africa,Tokyo,Japan,2022-12-28,2023-01-24,2023-01-31,7,Sea,CMA CGM,Delayed,404,33208.8,1,0.81,high,0.67
SHP-2820,SUP-045,PRD-135,WH-03,Warsaw,Poland,Toronto,Canada,2024-08-20,2024-09-01,2024-09-01,0,Road,DB Schenker,Delivered,269,21936.95,0,0.31,low,0.097
SHP-2821,SUP-007,PRD-019,WH-05,New York,Canada,Berlin,Germany,2023-01-01,2023-01-05,2023-01-05,0,Air,DHL,Delivered,446,196240.0,0,0.42,low,0.134
SHP-2822,SUP-004,PRD-011,WH-02,Chicago,United States,Los Angeles,United States,2024-10-06,2024-10-11,2024-10-11,0,Air,FedEx,Delivered,431,95682.0,0,0.34,low,0.104
SHP-2823,SUP-028,PRD-083,WH-11,Santiago,Colombia,Santiago,Chile,2023-12-11,2023-12-31,2024-01-01,1,Road,J.B. Hunt,Delayed,292,12979.4,1,0.53,medium,0.311
SHP-2824,SUP-018,PRD-054,WH-07,Milan,Poland,London,United Kingdom,2024-06-08,2024-06-14,2024-06-14,0,Road,XPO Logistics,Delivered,317,26960.85,0,0.52,low,0.166
SHP-2825,SUP-048,PRD-142,WH-01,Lima,Peru,Chicago,United States,2022-07-31,2022-08-14,2022-08-16,2,Road,DB Schenker,Delayed,351,33538.05,1,0.11,medium,0.223
SHP-2826,SUP-046,PRD-138,WH-01,Singapore,India,Chicago,United States,2024-05-23,2024-06-12,2024-06-12,0,Rail,DB Cargo,Delivered,160,19000.0,0,0.1,low,0.033
SHP-2827,SUP-020,PRD-059,WH-15,Mumbai,Singapore,Lagos,Nigeria,2022-06-11,2022-07-09,2022-07-09,0,Sea,Maersk,Delivered,440,19448.0,0,0.07,low,0.025
SHP-2828,SUP-033,PRD-099,WH-07,Toronto,Mexico,London,United Kingdom,2022-06-15,2022-06-19,2022-06-19,0,Sea,MSC,Delivered,388,27392.8,0,0.37,low,0.119
SHP-2829,SUP-001,PRD-002,WH-14,Cairo,Nigeria,Johannesburg,South Africa,2024-09-08,2024-10-04,2024-10-04,0,Sea,MSC,Delivered,309,15944.4,0,0.43,low,0.139
SHP-2830,SUP-041,PRD-123,WH-14,Mumbai,India,Johannesburg,South Africa,2023-12-11,2023-12-30,2023-12-30,0,Sea,CMA CGM,Delivered,232,15312.0,0,0.09,low,0.03
SHP-2831,SUP-007,PRD-019,WH-06,Chicago,Canada,Paris,France,2023-10-29,2023-11-02,2023-11-02,0,Sea,CMA CGM,Delivered,419,36872.0,0,0.6,low,0.188
SHP-2832,SUP-040,PRD-119,WH-02,Madrid,United Kingdom,Los Angeles,United States,2022-12-17,2022-12-27,2022-12-30,3,Air,DHL,Delayed,382,125678.0,1,0.66,medium,0.444
SHP-2833,SUP-026,PRD-078,WH-15,Nairobi,South Africa,Lagos,Nigeria,2023-10-22,2023-11-12,2023-11-12,0,Air,Emirates SkyCargo,Delivered,380,33440.0,0,0.63,low,0.195
SHP-2834,SUP-009,PRD-025,WH-15,Warsaw,Poland,Lagos,Nigeria,2024-10-16,2024-10-26,2024-10-26,0,Air,DHL,Delivered,460,98900.0,0,0.59,low,0.183
SHP-2835,SUP-033,PRD-097,WH-11,New York,Mexico,Santiago,Chile,2022-01-21,2022-01-25,2022-01-25,0,Air,DHL,Delivered,271,126286.0,0,0.42,low,0.134
SHP-2836,SUP-013,PRD-037,WH-02,Ho Chi Minh City,Singapore,Los Angeles,United States,2022-10-03,2022-10-23,2022-10-23,0,Road,J.B. Hunt,Delivered,422,44457.7,0,0.29,low,0.089
SHP-2837,SUP-004,PRD-012,WH-04,Toronto,United States,Houston,United States,2023-03-20,2023-03-25,2023-03-25,0,Air,DHL,Delivered,245,111230.0,0,0.07,low,0.023
SHP-2838,SUP-039,PRD-117,WH-08,Houston,Mexico,Amsterdam,Netherlands,2023-12-25,2023-12-30,2023-12-30,0,Sea,MSC,Delivered,399,39900.0,0,0.55,low,0.173
SHP-2839,SUP-050,PRD-149,WH-01,Tokyo,Japan,Chicago,United States,2022-05-25,2022-06-12,2022-06-14,2,Air,FedEx,Delayed,476,31892.0,1,0.9,medium,0.477
SHP-2840,SUP-007,PRD-019,WH-09,Houston,Canada,São Paulo,Brazil,2023-05-04,2023-05-08,2023-05-09,1,Sea,MSC,Delayed,102,8976.0,1,0.64,medium,0.345
SHP-2841,SUP-005,PRD-014,WH-02,Madrid,Italy,Los Angeles,United States,2024-10-17,2024-10-23,2024-10-23,0,Sea,MSC,Delivered,172,8359.2,0,0.21,low,0.067
SHP-2842,SUP-029,PRD-087,WH-10,São Paulo,Colombia,Bogotá,Colombia,2024-10-10,2024-10-20,2024-10-21,1,Sea,MSC,Delayed,43,3001.4,1,0.39,medium,0.272
SHP-2843,SUP-022,PRD-065,WH-10,Santiago,Chile,Bogotá,Colombia,2024-08-21,2024-09-08,2024-09-08,0,Road,XPO Logistics,Delivered,408,44410.8,0,0.07,low,0.024
SHP-2844,SUP-041,PRD-123,WH-15,Shanghai,India,Lagos,Nigeria,2023-03-06,2023-03-25,2023-03-25,0,Air,Emirates SkyCargo,Delivered,179,59070.0,0,0.25,low,0.078
SHP-2845,SUP-022,PRD-064,WH-01,Bogotá,Chile,Chicago,United States,2022-11-12,2022-11-30,2022-12-01,1,Air,FedEx,Delayed,20,9080.0,1,0.07,medium,0.169
SHP-2846,SUP-044,PRD-131,WH-15,Lagos,Nigeria,Lagos,Nigeria,2023-11-24,2023-12-15,2023-12-15,0,Air,DHL,Delivered,389,3112.0,0,0.19,low,0.061
SHP-2847,SUP-013,PRD-039,WH-01,Mumbai,Singapore,Chicago,United States,2024-01-02,2024-01-22,2024-01-22,0,Sea,Maersk,Delivered,356,30260.0,0,0.08,low,0.026
SHP-2848,SUP-030,PRD-088,WH-15,Singapore,Japan,Lagos,Nigeria,2024-10-02,2024-10-20,2024-10-29,9,Rail,DB Cargo,Delayed,276,8280.0,1,0.79,high,0.755
SHP-2849,SUP-046,PRD-136,WH-01,Mumbai,India,Chicago,United States,2022-06-22,2022-07-12,2022-07-12,0,Sea,CMA CGM,Delivered,345,1656.0,0,0.29,low,0.09
SHP-2850,SUP-004,PRD-011,WH-06,Vancouver,United States,Paris,France,2023-10-19,2023-10-24,2023-10-24,0,Sea,CMA CGM,Delivered,229,10167.6,0,0.33,low,0.101
SHP-2851,SUP-008,PRD-024,WH-05,Houston,Mexico,Berlin,Germany,2024-12-01,2024-12-06,2024-12-06,0,Rail,BNSF Railway,In Transit,226,25651.0,0,0.28,low,0.085
SHP-2852,SUP-049,PRD-147,WH-01,Houston,Canada,Chicago,United States,2022-08-08,2022-08-13,2022-08-13,0,Sea,MSC,Delivered,337,30330.0,0,0.11,low,0.036
SHP-2853,SUP-041,PRD-121,WH-04,Mumbai,India,Houston,United States,2024-03-12,2024-03-31,2024-04-02,2,Road,J.B. Hunt,Delayed,117,18509.4,1,0.28,medium,0.277
SHP-2854,SUP-042,PRD-124,WH-05,São Paulo,Peru,Berlin,Germany,2023-10-10,2023-10-23,2023-10-31,8,Sea,MSC,Delayed,453,29354.4,1,0.48,high,0.614
SHP-2855,SUP-035,PRD-103,WH-05,Johannesburg,Kenya,Berlin,Germany,2024-08-16,2024-09-11,2024-09-12,1,Sea,CMA CGM,Delayed,162,10627.2,1,0.11,medium,0.181
SHP-2856,SUP-047,PRD-140,WH-10,New York,United States,Bogotá,Colombia,2023-11-21,2023-11-28,2023-11-28,0,Road,DB Schenker,Delivered,164,11767.0,0,0.33,low,0.1
SHP-2857,SUP-004,PRD-011,WH-06,Dallas,United States,Paris,France,2024-07-22,2024-07-27,2024-07-27,0,Road,J.B. Hunt,Delivered,430,33411.0,0,0.23,low,0.071
SHP-2858,SUP-015,PRD-045,WH-07,Paris,Germany,London,United Kingdom,2022-03-06,2022-03-12,2022-03-13,1,Rail,DB Cargo,Delayed,413,25606.0,1,0.88,medium,0.431
SHP-2859,SUP-025,PRD-074,WH-10,São Paulo,Brazil,Bogotá,Colombia,2022-12-22,2023-01-03,2023-01-04,1,Road,J.B. Hunt,Delayed,374,45815.0,1,0.65,medium,0.351
SHP-2860,SUP-023,PRD-067,WH-12,Ho Chi Minh City,India,Singapore,Singapore,2024-05-25,2024-06-17,2024-06-18,1,Rail,DB Cargo,Delayed,241,16629.0,1,0.39,medium,0.272
SHP-2861,SUP-024,PRD-071,WH-15,Shanghai,Indonesia,Lagos,Nigeria,2023-06-14,2023-07-06,2023-07-07,1,Rail,BNSF Railway,Delayed,257,3726.5,1,0.79,medium,0.4
SHP-2862,SUP-002,PRD-004,WH-06,Lagos,Ghana,Paris,France,2023-10-31,2023-11-27,2023-11-27,0,Air,FedEx,Delivered,357,4641.0,0,0.44,low,0.142
SHP-2863,SUP-003,PRD-008,WH-08,London,Italy,Amsterdam,Netherlands,2023-09-23,2023-09-28,2023-09-28,0,Road,J.B. Hunt,Delivered,334,46993.8,0,0.31,low,0.096
SHP-2864,SUP-046,PRD-137,WH-12,Mumbai,India,Singapore,Singapore,2022-04-27,2022-05-17,2022-05-17,0,Sea,Maersk,Delivered,431,10171.6,0,0.19,low,0.06
SHP-2865,SUP-044,PRD-132,WH-05,Nairobi,Nigeria,Berlin,Germany,2024-04-07,2024-04-28,2024-04-29,1,Air,Emirates SkyCargo,Delayed,82,27552.0,1,0.08,medium,0.173
SHP-2866,SUP-047,PRD-139,WH-01,Los Angeles,United States,Chicago,United States,2024-11-13,2024-11-20,2024-11-20,0,Rail,DB Cargo,Delivered,89,1735.5,0,0.12,low,0.037
SHP-2867,SUP-022,PRD-065,WH-04,Bogotá,Chile,Houston,United States,2022-07-18,2022-08-05,2022-08-06,1,Road,DB Schenker,Delayed,49,5333.65,1,0.06,medium,0.166
SHP-2868,SUP-023,PRD-067,WH-15,Ho Chi Minh City,India,Lagos,Nigeria,2023-02-10,2023-03-05,2023-03-11,6,Road,DB Schenker,Delayed,171,16518.6,1,0.36,high,0.488
SHP-2869,SUP-047,PRD-140,WH-04,Dallas,United States,Houston,United States,2022-10-10,2022-10-17,2022-10-17,0,Road,J.B. Hunt,Delivered,99,7103.25,0,0.11,low,0.034
SHP-2870,SUP-007,PRD-020,WH-09,Los Angeles,Canada,São Paulo,Brazil,2022-12-05,2022-12-09,2022-12-10,1,Air,Emirates SkyCargo,Delayed,225,33750.0,1,0.54,medium,0.315
SHP-2871,SUP-018,PRD-052,WH-05,Stockholm,Poland,Berlin,Germany,2024-11-09,2024-11-15,2024-11-20,5,Road,DB Schenker,Delayed,354,16850.4,1,0.65,medium,0.53
SHP-2872,SUP-021,PRD-063,WH-04,Mumbai,Australia,Houston,United States,2023-06-28,2023-07-26,2023-07-29,3,Sea,CMA CGM,Delayed,180,10728.0,1,0.85,medium,0.505
SHP-2873,SUP-044,PRD-132,WH-07,Nairobi,Nigeria,London,United Kingdom,2022-10-18,2022-11-08,2022-11-08,0,Road,J.B. Hunt,Delivered,160,18816.0,0,0.31,low,0.097
SHP-2874,SUP-027,PRD-080,WH-08,Milan,Germany,Amsterdam,Netherlands,2023-10-11,2023-10-21,2023-10-21,0,Air,Emirates SkyCargo,Delivered,85,20060.0,0,0.57,low,0.178
SHP-2875,SUP-044,PRD-131,WH-14,Accra,Nigeria,Johannesburg,South Africa,2022-08-07,2022-08-28,2022-08-28,0,Road,J.B. Hunt,Delivered,179,501.2,0,0.34,low,0.106
SHP-2876,SUP-016,PRD-046,WH-05,Lagos,Kenya,Berlin,Germany,2023-12-13,2024-01-06,2024-01-12,6,Sea,CMA CGM,Delayed,125,3250.0,1,0.93,high,0.661
SHP-2877,SUP-050,PRD-150,WH-04,Seoul,Japan,Houston,United States,2024-11-06,2024-11-24,2024-11-26,2,Sea,Maersk,Delayed,466,12395.6,1,0.8,medium,0.447
SHP-2878,SUP-046,PRD-138,WH-13,Singapore,India,Tokyo,Japan,2023-03-10,2023-03-30,2023-03-30,0,Road,XPO Logistics,Delivered,203,33748.75,0,0.1,low,0.033
SHP-2879,SUP-048,PRD-144,WH-05,Santiago,Peru,Berlin,Germany,2024-09-27,2024-10-11,2024-10-11,0,Rail,BNSF Railway,Delivered,219,17520.0,0,0.13,low,0.039
SHP-2880,SUP-042,PRD-124,WH-09,Bogotá,Peru,São Paulo,Brazil,2024-05-24,2024-06-06,2024-06-07,1,Sea,CMA CGM,Delayed,467,30261.6,1,0.5,medium,0.305
SHP-2881,SUP-012,PRD-035,WH-01,Warsaw,Spain,Chicago,United States,2022-09-15,2022-09-22,2022-09-22,0,Sea,MSC,Delivered,430,17114.0,0,0.41,low,0.129
SHP-2882,SUP-035,PRD-105,WH-06,Accra,Kenya,Paris,France,2023-12-22,2024-01-17,2024-01-17,0,Rail,BNSF Railway,Delivered,431,45901.5,0,0.16,low,0.051
SHP-2883,SUP-042,PRD-124,WH-11,São Paulo,Peru,Santiago,Chile,2022-02-15,2022-02-28,2022-03-01,1,Road,DB Schenker,Delayed,434,49215.6,1,0.64,medium,0.347
SHP-2884,SUP-049,PRD-145,WH-07,Dallas,Canada,London,United Kingdom,2023-10-19,2023-10-24,2023-10-24,0,Road,XPO Logistics,Delivered,92,2060.8,0,0.3,low,0.093
SHP-2885,SUP-050,PRD-149,WH-15,Shanghai,Japan,Lagos,Nigeria,2024-06-20,2024-07-08,2024-07-09,1,Rail,DB Cargo,Delayed,381,6381.75,1,0.79,medium,0.399
SHP-2886,SUP-018,PRD-052,WH-03,Berlin,Poland,Toronto,Canada,2022-12-27,2023-01-02,2023-01-05,3,Road,J.B. Hunt,Delayed,172,8187.2,1,0.42,medium,0.371
SHP-2887,SUP-044,PRD-132,WH-07,Nairobi,Nigeria,London,United Kingdom,2022-11-13,2022-12-04,2022-12-04,0,Sea,Maersk,Delivered,371,24931.2,0,0.33,low,0.103
SHP-2888,SUP-033,PRD-097,WH-05,Atlanta,Mexico,Berlin,Germany,2024-04-28,2024-05-02,2024-05-02,0,Road,J.B. Hunt,Delivered,377,61488.7,0,0.57,low,0.179
SHP-2889,SUP-028,PRD-084,WH-07,Bogotá,Colombia,London,United Kingdom,2024-07-23,2024-08-12,2024-08-12,0,Air,Emirates SkyCargo,Delivered,118,236.0,0,0.57,low,0.178
SHP-2890,SUP-037,PRD-111,WH-01,London,Germany,Chicago,United States,2024-06-18,2024-06-27,2024-06-28,1,Road,XPO Logistics,Delayed,102,4391.1,1,0.71,medium,0.378
SHP-2891,SUP-018,PRD-053,WH-07,Milan,Poland,London,United Kingdom,2023-11-23,2023-11-29,2023-12-02,3,Rail,Union Pacific,Delayed,392,5978.0,1,0.63,medium,0.434
SHP-2892,SUP-027,PRD-081,WH-02,Paris,Germany,Los Angeles,United States,2023-10-17,2023-10-27,2023-10-28,1,Air,DHL,Delayed,500,40500.0,1,0.39,medium,0.269
SHP-2893,SUP-012,PRD-036,WH-15,London,Spain,Lagos,Nigeria,2022-03-19,2022-03-26,2022-03-26,0,Road,DB Schenker,Delivered,320,35168.0,0,0.46,low,0.144
SHP-2894,SUP-039,PRD-117,WH-03,Vancouver,Mexico,Toronto,Canada,2024-05-10,2024-05-15,2024-05-15,0,Air,Emirates SkyCargo,Delivered,127,63500.0,0,0.45,low,0.143
SHP-2895,SUP-022,PRD-064,WH-01,Santiago,Chile,Chicago,United States,2023-02-01,2023-02-19,2023-02-20,1,Rail,BNSF Railway,Delayed,234,26559.0,1,0.28,medium,0.232
SHP-2896,SUP-042,PRD-124,WH-10,Bogotá,Peru,Bogotá,Colombia,2022-11-01,2022-11-14,2022-11-14,0,Road,XPO Logistics,Delivered,151,17123.4,0,0.41,low,0.133
SHP-2897,SUP-044,PRD-132,WH-07,Accra,Nigeria,London,United Kingdom,2024-02-29,2024-03-21,2024-03-21,0,Road,DB Schenker,Delivered,130,15288.0,0,0.31,low,0.097
SHP-2898,SUP-006,PRD-017,WH-03,Santiago,Peru,Toronto,Canada,2022-11-06,2022-11-23,2022-11-28,5,Road,XPO Logistics,Delayed,35,2548.0,1,0.85,medium,0.592
SHP-2899,SUP-041,PRD-122,WH-12,Singapore,India,Singapore,Singapore,2023-03-06,2023-03-25,2023-03-25,0,Road,XPO Logistics,Delivered,73,8150.45,0,0.34,low,0.105
SHP-2900,SUP-043,PRD-128,WH-02,Ho Chi Minh City,Australia,Los Angeles,United States,2022-06-25,2022-07-14,2022-07-14,0,Air,DHL,Delivered,370,160950.0,0,0.26,low,0.081
SHP-2901,SUP-046,PRD-137,WH-12,Seoul,India,Singapore,Singapore,2024-04-23,2024-05-13,2024-05-14,1,Sea,Maersk,Delayed,34,802.4,1,0.22,medium,0.214
SHP-2902,SUP-044,PRD-131,WH-15,Lagos,Nigeria,Lagos,Nigeria,2022-09-06,2022-09-27,2022-09-27,0,Rail,Union Pacific,Delivered,112,224.0,0,0.12,low,0.04
SHP-2903,SUP-045,PRD-135,WH-02,Warsaw,Poland,Los Angeles,United States,2022-10-27,2022-11-08,2022-11-08,0,Road,J.B. Hunt,Delivered,284,23160.2,0,0.27,low,0.085
SHP-2904,SUP-028,PRD-082,WH-05,Bogotá,Colombia,Berlin,Germany,2024-07-01,2024-07-21,2024-07-22,1,Air,Emirates SkyCargo,Delayed,289,58089.0,1,0.51,medium,0.305
SHP-2905,SUP-033,PRD-097,WH-07,Atlanta,Mexico,London,United Kingdom,2022-05-18,2022-05-22,2022-05-31,9,Road,XPO Logistics,Delayed,133,21692.3,1,0.63,high,0.702
SHP-2906,SUP-005,PRD-014,WH-14,Warsaw,Italy,Johannesburg,South Africa,2024-10-07,2024-10-13,2024-10-13,0,Sea,MSC,Delivered,186,9039.6,0,0.15,low,0.049
SHP-2907,SUP-040,PRD-119,WH-05,Stockholm,United Kingdom,Berlin,Germany,2022-07-18,2022-07-28,2022-08-03,6,Air,DHL,Delayed,220,72380.0,1,0.77,high,0.612
SHP-2908,SUP-024,PRD-072,WH-14,Seoul,Indonesia,Johannesburg,South Africa,2023-11-04,2023-11-26,2023-11-27,1,Air,FedEx,Delayed,426,30672.0,1,0.94,medium,0.445
SHP-2909,SUP-020,PRD-060,WH-03,Jakarta,Singapore,Toronto,Canada,2022-04-05,2022-05-03,2022-05-03,0,Rail,DB Cargo,Delivered,74,1073.0,0,0.2,low,0.064
SHP-2910,SUP-030,PRD-089,WH-02,Ho Chi Minh City,Japan,Los Angeles,United States,2023-02-17,2023-03-07,2023-03-07,0,Road,J.B. Hunt,Delivered,405,6804.0,0,0.92,low,0.289
SHP-2911,SUP-034,PRD-101,WH-14,Cairo,South Africa,Johannesburg,South Africa,2024-05-09,2024-06-05,2024-06-19,14,Road,DB Schenker,Delayed,292,49362.6,1,0.74,high,0.784
SHP-2912,SUP-023,PRD-069,WH-13,Tokyo,India,Tokyo,Japan,2022-04-22,2022-05-15,2022-05-15,0,Sea,CMA CGM,Delivered,97,8342.0,0,0.64,low,0.202
SHP-2913,SUP-024,PRD-070,WH-15,Mumbai,Indonesia,Lagos,Nigeria,2024-07-10,2024-08-01,2024-08-01,0,Sea,Maersk,Delivered,101,7999.2,0,0.73,low,0.237
SHP-2914,SUP-019,PRD-055,WH-04,Bogotá,Peru,Houston,United States,2023-12-31,2024-01-13,2024-01-13,0,Road,XPO Logistics,Delivered,494,24551.8,0,0.62,low,0.196
SHP-2915,SUP-021,PRD-062,WH-12,Ho Chi Minh City,Australia,Singapore,Singapore,2022-11-21,2022-12-19,2022-12-22,3,Sea,MSC,Delayed,211,1856.8,1,0.77,medium,0.481
SHP-2916,SUP-042,PRD-124,WH-04,Lima,Peru,Houston,United States,2022-10-13,2022-10-26,2022-10-26,0,Road,XPO Logistics,Delivered,362,41050.8,0,0.64,low,0.202
SHP-2917,SUP-049,PRD-145,WH-05,Houston,Canada,Berlin,Germany,2023-12-03,2023-12-08,2023-12-08,0,Air,FedEx,Delivered,219,14016.0,0,0.32,low,0.099
SHP-2918,SUP-016,PRD-046,WH-05,Lagos,Kenya,Berlin,Germany,2023-11-22,2023-12-16,2023-12-22,6,Air,DHL,Delayed,92,11960.0,1,0.86,high,0.64
SHP-2919,SUP-016,PRD-047,WH-12,Cairo,Kenya,Singapore,Singapore,2024-12-28,2025-01-21,2025-02-04,14,Road,XPO Logistics,Delayed,228,478.8,1,0.85,high,0.817
SHP-2920,SUP-004,PRD-012,WH-04,Chicago,United States,Houston,United States,2023-02-19,2023-02-24,2023-02-24,0,Road,XPO Logistics,Delivered,440,69916.0,0,0.24,low,0.074
SHP-2921,SUP-027,PRD-081,WH-08,London,Germany,Amsterdam,Netherlands,2024-11-21,2024-12-01,2024-12-01,0,Road,J.B. Hunt,Delivered,156,4422.6,0,0.53,low,0.166
SHP-2922,SUP-047,PRD-141,WH-05,Vancouver,United States,Berlin,Germany,2022-02-26,2022-03-05,2022-03-05,0,Sea,Maersk,Delivered,275,12265.0,0,0.13,low,0.04
SHP-2923,SUP-030,PRD-088,WH-03,Mumbai,Japan,Toronto,Canada,2023-05-22,2023-06-09,2023-06-10,1,Sea,CMA CGM,Delayed,464,11136.0,1,0.85,medium,0.413
SHP-2924,SUP-025,PRD-074,WH-01,Santiago,Brazil,Chicago,United States,2024-12-27,2025-01-08,2025-01-08,0,Sea,CMA CGM,In Transit,254,17780.0,0,0.78,low,0.245
SHP-2925,SUP-007,PRD-020,WH-05,Vancouver,Canada,Berlin,Germany,2023-09-09,2023-09-13,2023-09-13,0,Sea,MSC,Delivered,446,13380.0,0,0.5,low,0.158
SHP-2926,SUP-033,PRD-097,WH-06,Toronto,Mexico,Paris,France,2023-08-18,2023-08-22,2023-08-22,0,Sea,MSC,Delivered,107,9972.4,0,0.5,low,0.158
SHP-2927,SUP-029,PRD-085,WH-08,São Paulo,Colombia,Amsterdam,Netherlands,2024-12-17,2024-12-27,2024-12-27,0,Air,DHL,In Transit,382,99320.0,0,0.43,low,0.139
SHP-2928,SUP-041,PRD-121,WH-13,Seoul,India,Tokyo,Japan,2022-10-07,2022-10-26,2022-10-26,0,Air,Emirates SkyCargo,Delivered,447,202044.0,0,0.29,low,0.09
SHP-2929,SUP-014,PRD-040,WH-03,Lima,Brazil,Toronto,Canada,2024-10-07,2024-10-23,2024-10-23,0,Air,Emirates SkyCargo,Delivered,23,7314.0,0,0.14,low,0.044
SHP-2930,SUP-023,PRD-069,WH-03,Jakarta,India,Toronto,Canada,2024-05-09,2024-06-01,2024-06-01,0,Air,Emirates SkyCargo,Delivered,156,67080.0,0,0.38,low,0.124
SHP-2931,SUP-035,PRD-105,WH-12,Cairo,Kenya,Singapore,Singapore,2022-01-15,2022-02-10,2022-02-10,0,Sea,Maersk,Delivered,315,26838.0,0,0.08,low,0.027
SHP-2932,SUP-009,PRD-026,WH-01,Stockholm,Poland,Chicago,United States,2024-06-20,2024-06-30,2024-06-30,0,Road,J.B. Hunt,Delivered,250,14350.0,0,0.58,low,0.18
SHP-2933,SUP-031,PRD-092,WH-05,Dallas,United States,Berlin,Germany,2024-02-28,2024-03-03,2024-03-28,25,Sea,Maersk,Delayed,276,10598.4,1,0.85,high,0.82
SHP-2934,SUP-027,PRD-081,WH-07,Warsaw,Germany,London,United Kingdom,2023-09-29,2023-10-09,2023-10-09,0,Air,FedEx,Delivered,206,16686.0,0,0.37,low,0.118
SHP-2935,SUP-041,PRD-123,WH-15,Seoul,India,Lagos,Nigeria,2024-10-23,2024-11-11,2024-11-11,0,Air,FedEx,Delivered,173,57090.0,0,0.27,low,0.084
SHP-2936,SUP-013,PRD-037,WH-12,Sydney,Singapore,Singapore,Singapore,2022-06-07,2022-06-27,2022-06-27,0,Sea,MSC,Delivered,475,28595.0,0,0.23,low,0.071
SHP-2937,SUP-042,PRD-126,WH-05,Buenos Aires,Peru,Berlin,Germany,2024-12-13,2024-12-26,2024-12-29,3,Air,FedEx,Delayed,429,28743.0,1,0.49,medium,0.392
SHP-2938,SUP-025,PRD-074,WH-04,Buenos Aires,Brazil,Houston,United States,2022-11-08,2022-11-20,2022-11-21,1,Rail,DB Cargo,Delayed,143,12512.5,1,0.9,medium,0.426
SHP-2939,SUP-007,PRD-019,WH-02,Atlanta,Canada,Los Angeles,United States,2022-02-13,2022-02-17,2022-02-19,2,Sea,MSC,Delayed,183,16104.0,1,0.46,medium,0.336
SHP-2940,SUP-048,PRD-143,WH-03,Buenos Aires,Peru,Toronto,Canada,2022-11-07,2022-11-21,2022-11-21,0,Sea,MSC,Delivered,197,19069.6,0,0.19,low,0.057
SHP-2941,SUP-039,PRD-115,WH-10,Los Angeles,Mexico,Bogotá,Colombia,2024-07-16,2024-07-21,2024-07-21,0,Air,Emirates SkyCargo,Delivered,253,20240.0,0,0.56,low,0.176
SHP-2942,SUP-008,PRD-024,WH-04,New York,Mexico,Houston,United States,2023-12-16,2023-12-21,2023-12-21,0,Rail,BNSF Railway,Delivered,241,27353.5,0,0.34,low,0.103
SHP-2943,SUP-021,PRD-063,WH-02,Jakarta,Australia,Los Angeles,United States,2024-06-14,2024-07-12,2024-07-19,7,Air,Emirates SkyCargo,Delayed,218,64964.0,1,0.92,high,0.706
SHP-2944,SUP-047,PRD-139,WH-07,Los Angeles,United States,London,United Kingdom,2023-12-10,2023-12-17,2023-12-17,0,Sea,Maersk,Delivered,323,5038.8,0,0.11,low,0.034
SHP-2945,SUP-047,PRD-141,WH-09,Toronto,United States,São Paulo,Brazil,2024-06-02,2024-06-09,2024-06-09,0,Air,Emirates SkyCargo,Delivered,254,56642.0,0,0.11,low,0.034
SHP-2946,SUP-036,PRD-108,WH-14,Johannesburg,Kenya,Johannesburg,South Africa,2023-10-20,2023-11-09,2023-11-09,0,Rail,Union Pacific,Delivered,458,42823.0,0,0.87,low,0.282
SHP-2947,SUP-047,PRD-139,WH-01,Houston,United States,Chicago,United States,2022-10-25,2022-11-01,2022-11-01,0,Sea,Maersk,Delivered,312,4867.2,0,0.06,low,0.019
SHP-2948,SUP-023,PRD-068,WH-14,Seoul,India,Johannesburg,South Africa,2023-09-17,2023-10-10,2023-10-10,0,Sea,Maersk,Delivered,97,4559.0,0,0.36,low,0.118
SHP-2949,SUP-031,PRD-092,WH-11,Dallas,United States,Santiago,Chile,2023-03-21,2023-03-25,2023-03-26,1,Air,DHL,Delayed,167,32064.0,1,0.71,medium,0.373
SHP-2950,SUP-012,PRD-035,WH-07,Stockholm,Spain,London,United Kingdom,2023-05-08,2023-05-15,2023-05-16,1,Sea,CMA CGM,Delayed,273,10865.4,1,0.44,medium,0.283
SHP-2951,SUP-042,PRD-126,WH-02,São Paulo,Peru,Los Angeles,United States,2023-07-15,2023-07-28,2023-08-03,6,Sea,Maersk,Delayed,405,5427.0,1,0.63,high,0.569
SHP-2952,SUP-005,PRD-014,WH-01,Stockholm,Italy,Chicago,United States,2022-01-30,2022-02-05,2022-02-05,0,Sea,Maersk,Delivered,114,5540.4,0,0.2,low,0.064
SHP-2953,SUP-042,PRD-126,WH-07,Lima,Peru,London,United Kingdom,2023-11-01,2023-11-14,2023-11-18,4,Air,Emirates SkyCargo,Delayed,26,1742.0,1,0.49,medium,0.437
SHP-2954,SUP-009,PRD-027,WH-14,London,Poland,Johannesburg,South Africa,2023-04-28,2023-05-08,2023-05-08,0,Sea,Maersk,Delivered,407,11396.0,0,0.61,low,0.189
SHP-2955,SUP-036,PRD-108,WH-06,Cairo,Kenya,Paris,France,2024-06-12,2024-07-02,2024-07-05,3,Sea,MSC,Delayed,135,10098.0,1,0.75,medium,0.481
SHP-2956,SUP-025,PRD-075,WH-10,Bogotá,Brazil,Bogotá,Colombia,2024-08-16,2024-08-28,2024-08-31,3,Sea,CMA CGM,Delayed,146,8730.8,1,0.82,medium,0.492
SHP-2957,SUP-041,PRD-123,WH-01,Ho Chi Minh City,India,Chicago,United States,2023-01-03,2023-01-22,2023-01-23,1,Air,DHL,Delayed,498,164340.0,1,0.24,medium,0.22
SHP-2958,SUP-018,PRD-053,WH-08,Amsterdam,Poland,Amsterdam,Netherlands,2022-04-14,2022-04-20,2022-04-20,0,Road,J.B. Hunt,Delivered,333,7109.55,0,0.54,low,0.172
SHP-2959,SUP-027,PRD-081,WH-07,Madrid,Germany,London,United Kingdom,2024-07-03,2024-07-13,2024-07-19,6,Road,XPO Logistics,Delayed,328,9298.8,1,0.61,high,0.56
SHP-2960,SUP-004,PRD-010,WH-05,Los Angeles,United States,Berlin,Germany,2023-11-20,2023-11-25,2023-11-25,0,Road,DB Schenker,Delivered,181,16851.1,0,0.19,low,0.059
SHP-2961,SUP-008,PRD-023,WH-03,Los Angeles,Mexico,Toronto,Canada,2022-07-03,2022-07-08,2022-07-08,0,Rail,DB Cargo,Delivered,446,9254.5,0,0.33,low,0.1
SHP-2962,SUP-031,PRD-093,WH-08,New York,United States,Amsterdam,Netherlands,2024-11-27,2024-12-01,2024-12-04,3,Sea,MSC,Delayed,148,1065.6,1,0.71,medium,0.463
SHP-2963,SUP-014,PRD-042,WH-07,Santiago,Brazil,London,United Kingdom,2022-12-25,2023-01-10,2023-01-10,0,Road,J.B. Hunt,Delivered,48,6518.4,0,0.19,low,0.059
SHP-2964,SUP-013,PRD-037,WH-15,Sydney,Singapore,Lagos,Nigeria,2024-10-21,2024-11-10,2024-11-10,0,Air,Emirates SkyCargo,Delivered,44,13244.0,0,0.3,low,0.092
SHP-2965,SUP-038,PRD-113,WH-06,New York,Canada,Paris,France,2024-10-07,2024-10-10,2024-10-10,0,Sea,Maersk,Delivered,27,2467.8,0,0.06,low,0.02
SHP-2966,SUP-004,PRD-010,WH-08,Dallas,United States,Amsterdam,Netherlands,2023-03-10,2023-03-15,2023-03-15,0,Sea,MSC,Delivered,350,18620.0,0,0.34,low,0.104
SHP-2967,SUP-034,PRD-101,WH-07,Cairo,South Africa,London,United Kingdom,2024-01-28,2024-02-24,2024-02-25,1,Rail,BNSF Railway,Delayed,34,4105.5,1,0.72,medium,0.373
SHP-2968,SUP-023,PRD-068,WH-02,Mumbai,India,Los Angeles,United States,2023-01-12,2023-02-04,2023-02-04,0,Sea,CMA CGM,Delivered,231,10857.0,0,0.61,low,0.193
SHP-2969,SUP-039,PRD-116,WH-02,New York,Mexico,Los Angeles,United States,2023-08-31,2023-09-05,2023-09-05,0,Sea,MSC,Delivered,180,17316.0,0,0.5,low,0.158
SHP-2970,SUP-026,PRD-076,WH-08,Johannesburg,South Africa,Amsterdam,Netherlands,2024-10-20,2024-11-10,2024-11-13,3,Sea,CMA CGM,Delayed,204,1917.6,1,0.62,medium,0.427
SHP-2971,SUP-032,PRD-095,WH-12,Johannesburg,Kenya,Singapore,Singapore,2022-03-27,2022-04-30,2022-04-30,0,Road,XPO Logistics,Delivered,381,38671.5,0,0.42,low,0.136
SHP-2972,SUP-050,PRD-149,WH-01,Seoul,Japan,Chicago,United States,2024-03-20,2024-04-07,2024-04-14,7,Sea,Maersk,Delayed,474,6351.6,1,0.69,high,0.639
SHP-2973,SUP-008,PRD-024,WH-09,New York,Mexico,São Paulo,Brazil,2023-12-25,2023-12-30,2023-12-30,0,Road,DB Schenker,Delivered,449,71346.1,0,0.27,low,0.082
SHP-2974,SUP-035,PRD-105,WH-05,Lagos,Kenya,Berlin,Germany,2024-09-19,2024-10-15,2024-10-16,1,Air,FedEx,Delayed,177,75402.0,1,0.11,medium,0.181
SHP-2975,SUP-016,PRD-048,WH-13,Johannesburg,Kenya,Tokyo,Japan,2023-10-06,2023-10-30,2023-10-30,0,Road,DB Schenker,Cancelled,346,33665.8,0,0.88,low,0.276
SHP-2976,SUP-025,PRD-075,WH-01,Lima,Brazil,Chicago,United States,2022-11-09,2022-11-21,2022-11-28,7,Road,J.B. Hunt,Delayed,361,37778.65,1,0.93,high,0.705
SHP-2977,SUP-025,PRD-075,WH-04,Buenos Aires,Brazil,Houston,United States,2023-12-21,2024-01-02,2024-01-13,11,Air,Emirates SkyCargo,Delayed,259,77441.0,1,0.81,high,0.804
SHP-2978,SUP-019,PRD-057,WH-08,Bogotá,Peru,Amsterdam,Netherlands,2024-10-18,2024-10-31,2024-11-03,3,Air,FedEx,Delayed,278,7784.0,1,0.4,medium,0.365
SHP-2979,SUP-025,PRD-074,WH-04,Santiago,Brazil,Houston,United States,2024-02-12,2024-02-24,2024-02-25,1,Road,J.B. Hunt,Delayed,309,37852.5,1,0.84,medium,0.408
SHP-2980,SUP-018,PRD-054,WH-03,London,Poland,Toronto,Canada,2023-12-31,2024-01-06,2024-01-06,0,Air,FedEx,Delivered,191,46413.0,0,0.52,low,0.166
SHP-2981,SUP-027,PRD-081,WH-03,London,Germany,Toronto,Canada,2024-09-03,2024-09-13,2024-09-13,0,Road,XPO Logistics,Delivered,127,3600.45,0,0.59,low,0.184
SHP-2982,SUP-013,PRD-038,WH-15,Seoul,Singapore,Lagos,Nigeria,2023-12-27,2024-01-16,2024-01-16,0,Rail,BNSF Railway,Delivered,330,17737.5,0,0.26,low,0.08
SHP-2983,SUP-036,PRD-106,WH-07,Cairo,Kenya,London,United Kingdom,2022-12-29,2023-01-18,2023-01-25,7,Sea,MSC,Delayed,233,16776.0,1,0.77,high,0.667
SHP-2984,SUP-004,PRD-011,WH-02,Atlanta,United States,Los Angeles,United States,2022-11-28,2022-12-03,2022-12-03,0,Air,Emirates SkyCargo,Delivered,217,48174.0,0,0.28,low,0.086
SHP-2985,SUP-050,PRD-150,WH-15,Seoul,Japan,Lagos,Nigeria,2023-07-11,2023-07-29,2023-07-29,0,Rail,DB Cargo,Delivered,368,12236.0,0,0.93,low,0.296
SHP-2986,SUP-045,PRD-135,WH-15,Stockholm,Poland,Lagos,Nigeria,2022-06-20,2022-07-02,2022-07-02,0,Road,DB Schenker,Delivered,429,34984.95,0,0.08,low,0.028
SHP-2987,SUP-046,PRD-137,WH-03,Shanghai,India,Toronto,Canada,2023-04-12,2023-05-02,2023-05-02,0,Air,DHL,Delivered,298,35164.0,0,0.06,low,0.021
SHP-2988,SUP-031,PRD-093,WH-04,Atlanta,United States,Houston,United States,2024-08-18,2024-08-22,2024-08-23,1,Rail,Union Pacific,Delayed,272,2448.0,1,0.83,medium,0.409
SHP-2989,SUP-021,PRD-063,WH-12,Tokyo,Australia,Singapore,Singapore,2022-11-20,2022-12-18,2022-12-29,11,Air,Emirates SkyCargo,Delayed,411,122478.0,1,0.76,high,0.793
SHP-2990,SUP-003,PRD-007,WH-07,Amsterdam,Italy,London,United Kingdom,2022-07-23,2022-07-28,2022-07-28,0,Rail,DB Cargo,Delivered,436,40984.0,0,0.3,low,0.093
SHP-2991,SUP-045,PRD-135,WH-08,Paris,Poland,Amsterdam,Netherlands,2023-08-20,2023-09-01,2023-09-01,0,Air,DHL,Delivered,268,62444.0,0,0.06,low,0.022
SHP-2992,SUP-021,PRD-061,WH-14,Singapore,Australia,Johannesburg,South Africa,2022-10-20,2022-11-17,2022-11-18,1,Air,Emirates SkyCargo,Delayed,415,142760.0,1,0.79,medium,0.397
SHP-2993,SUP-044,PRD-131,WH-12,Accra,Nigeria,Singapore,Singapore,2022-12-04,2022-12-25,2022-12-25,0,Sea,CMA CGM,Delivered,60,96.0,0,0.34,low,0.106
SHP-2994,SUP-030,PRD-089,WH-02,Seoul,Japan,Los Angeles,United States,2023-08-26,2023-09-13,2023-09-15,2,Rail,Union Pacific,Delayed,78,936.0,1,0.76,medium,0.431
SHP-2995,SUP-007,PRD-020,WH-09,Vancouver,Canada,São Paulo,Brazil,2023-09-16,2023-09-20,2023-09-21,1,Road,J.B. Hunt,Delayed,373,19582.5,1,0.52,medium,0.309
SHP-2996,SUP-001,PRD-001,WH-13,Lagos,Nigeria,Tokyo,Japan,2024-12-27,2025-01-22,2025-01-22,0,Rail,Union Pacific,In Transit,47,2784.75,0,0.36,low,0.118
SHP-2997,SUP-021,PRD-063,WH-12,Mumbai,Australia,Singapore,Singapore,2023-08-03,2023-08-31,2023-09-01,1,Air,FedEx,Delayed,361,107578.0,1,0.85,medium,0.415
SHP-2998,SUP-003,PRD-008,WH-15,Amsterdam,Italy,Lagos,Nigeria,2022-12-31,2023-01-05,2023-01-05,0,Air,DHL,Delivered,91,36582.0,0,0.25,low,0.078
SHP-2999,SUP-028,PRD-082,WH-05,Santiago,Colombia,Berlin,Germany,2022-11-25,2022-12-15,2022-12-18,3,Air,DHL,Delayed,65,13065.0,1,0.42,medium,0.368
SHP-3000,SUP-009,PRD-026,WH-04,Stockholm,Poland,Houston,United States,2024-10-06,2024-10-16,2024-10-16,0,Sea,Maersk,Delivered,71,2328.8,0,0.57,low,0.177
